999
DXF file: c-776200-1-d3-2d.dxf
999
Pro/ENGINEER 2005450 by Parametric Technology Corporation
0
SECTION
2
HEADER
9
$ACADVER
1
AC1014
9
$DWGCODEPAGE
3
ANSI_1252
9
$EXTMAX
10
420.0000000000
20
297.0000000000
30
0.0000000000
9
$EXTMIN
10
0.0000000000
20
0.0000000000
30
0.0000000000
9
$LIMMIN
10
0.0000000000
20
0.0000000000
9
$LIMMAX
10
420.0000000000
20
297.0000000000
9
$VIEWCTR
10
210.0000000000
20
148.5000000000
9
$VIEWSIZE
40
297.0000000000
9
$CLAYER
8
0
9
$LTSCALE
40
23.1000000000
9
$CELTYPE
6
BYLAYER
9
$DIMSCALE
40
1
9
$DIMASZ
40
4.5000000000
9
$DIMEXO
40
2.6250000000
9
$DIMDLI
40
15.9600000000
9
$DIMEXE
40
7.5600000000
9
$DIMCEN
40
3.7800000000
9
$DIMLFAC
40
1.0000000000
9
$DIMBLK
1
_CLOSED
9
$DIMTXT
40
3.0000000000
9
$DIMTOL
70
1
9
$DIMLIM
70
0
9
$DIMTFAC
40
1.0000000000
9
$DIMTP
40
0.0100000000
9
$DIMTM
40
0.0100000000
9
$PDMODE
70
3
9
$PDSIZE
40
0.3125000000
9
$HANDSEED
5
740
9
$MEASUREMENT
70
1
0
ENDSEC
0
SECTION
2
CLASSES
0
ENDSEC
0
SECTION
2
TABLES
0
TABLE
2
VPORT
5
8
100
AcDbSymbolTable
70
2
0
VPORT
5
1F4
100
AcDbSymbolTableRecord
100
AcDbViewportTableRecord
2
*ACTIVE
70
0
10
0.0
20
0.0
11
1.0
21
1.0
12
210.0000000000
22
148.5000000000
13
0.0
23
0.0
14
1.0
24
1.0
15
0.0
25
0.0
16
0.0
26
0.0
36
1.0
17
0.0
27
0.0
37
0.0
40
297.0000000000
41
1.4141414141
42
50.0
43
0.0
44
0.0
50
0.0
51
0.0
71
0
72
100
73
1
74
1
75
0
76
0
77
0
78
0
0
ENDTAB
0
TABLE
2
LTYPE
5
5
100
AcDbSymbolTable
70
6
0
LTYPE
5
14
100
AcDbSymbolTableRecord
100
AcDbLinetypeTableRecord
2
BYBLOCK
70
0
3

72
65
73
0
40
0.0
0
LTYPE
5
15
100
AcDbSymbolTableRecord
100
AcDbLinetypeTableRecord
2
BYLAYER
70
0
3

72
65
73
0
40
0.0
0
LTYPE
5
16
100
AcDbSymbolTableRecord
100
AcDbLinetypeTableRecord
2
CONTINUOUS
70
64
3
Solid line
72
65
73
0
40
0
0
LTYPE
5
1F5
100
AcDbSymbolTableRecord
100
AcDbLinetypeTableRecord
2
CENTER
70
64
3
____ _ ____ _ ____ _ ____ _ ____ _ ____ _ ____
72
65
73
4
40
0.6
49
0.375
74
0
49
-0.075
74
0
49
0.075
74
0
49
-0.075
74
0
0
LTYPE
5
1F6
100
AcDbSymbolTableRecord
100
AcDbLinetypeTableRecord
2
HIDDEN
70
64
3
- - - - - - - - - - - - - - - - - - - -
72
65
73
2
40
0.2
49
0.1
74
0
49
-0.1
74
0
0
LTYPE
5
1F7
100
AcDbSymbolTableRecord
100
AcDbLinetypeTableRecord
2
PHANTOM
70
64
3
_____ _ _ _____ _ _ _____ _ _ _____
72
65
73
6
40
0.8
49
0.45
74
0
49
-0.05
74
0
49
0.1
74
0
49
-0.05
74
0
49
0.1
74
0
49
-0.05
74
0
0
LTYPE
5
1F8
100
AcDbSymbolTableRecord
100
AcDbLinetypeTableRecord
2
DOT
70
64
3
. . . . . . . . . . . . . . . . . . . .
72
65
73
2
40
0.2
49
0.1
74
0
49
-0.1
74
0
0
LTYPE
5
1F9
100
AcDbSymbolTableRecord
100
AcDbLinetypeTableRecord
2
DASHED
70
64
3
- - - - - - - - - - - - - - - - - - - -
72
65
73
2
40
0.2
49
0.1
74
0
49
-0.1
74
0
0
ENDTAB
0
TABLE
2
LAYER
5
2
100
AcDbSymbolTable
70
36
0
LAYER
5
10
100
AcDbSymbolTableRecord
100
AcDbLayerTableRecord
2
0
70
0
62
7
6
CONTINUOUS
0
LAYER
5
1FA
100
AcDbSymbolTableRecord
100
AcDbLayerTableRecord
2
DEFAULT_1
70
0
62
7
6
CENTER
0
LAYER
5
1FB
100
AcDbSymbolTableRecord
100
AcDbLayerTableRecord
2
DEFAULT_2
70
0
62
8
6
HIDDEN
0
LAYER
5
1FC
100
AcDbSymbolTableRecord
100
AcDbLayerTableRecord
2
DEFAULT_3
70
0
62
7
6
PHANTOM
0
LAYER
5
1FD
100
AcDbSymbolTableRecord
100
AcDbLayerTableRecord
2
_BLACK_HOLE
70
0
62
7
6
CONTINUOUS
0
LAYER
5
1FE
100
AcDbSymbolTableRecord
100
AcDbLayerTableRecord
2
DRAFT_ENTITY
70
0
62
7
6
CONTINUOUS
0
LAYER
5
1FF
100
AcDbSymbolTableRecord
100
AcDbLayerTableRecord
2
DRAFT_GEOM
70
0
62
7
6
CONTINUOUS
0
LAYER
5
200
100
AcDbSymbolTableRecord
100
AcDbLayerTableRecord
2
DRAFT_GRP
70
0
62
7
6
CONTINUOUS
0
LAYER
5
201
100
AcDbSymbolTableRecord
100
AcDbLayerTableRecord
2
DRAFT_OTHER
70
0
62
7
6
CONTINUOUS
0
LAYER
5
202
100
AcDbSymbolTableRecord
100
AcDbLayerTableRecord
2
DTM_ALL
70
0
62
7
6
CONTINUOUS
0
LAYER
5
203
100
AcDbSymbolTableRecord
100
AcDbLayerTableRecord
2
DTM_AXIS
70
0
62
7
6
CONTINUOUS
0
LAYER
5
204
100
AcDbSymbolTableRecord
100
AcDbLayerTableRecord
2
DTM_CSYS
70
0
62
7
6
CONTINUOUS
0
LAYER
5
205
100
AcDbSymbolTableRecord
100
AcDbLayerTableRecord
2
DTM_CURVE
70
0
62
7
6
CONTINUOUS
0
LAYER
5
206
100
AcDbSymbolTableRecord
100
AcDbLayerTableRecord
2
DTM_MAJOR
70
0
62
7
6
CONTINUOUS
0
LAYER
5
207
100
AcDbSymbolTableRecord
100
AcDbLayerTableRecord
2
DTM_POINT
70
0
62
7
6
CONTINUOUS
0
LAYER
5
208
100
AcDbSymbolTableRecord
100
AcDbLayerTableRecord
2
NOTE
70
0
62
7
6
CONTINUOUS
0
LAYER
5
209
100
AcDbSymbolTableRecord
100
AcDbLayerTableRecord
2
NO_SHOW
70
0
62
7
6
CONTINUOUS
0
LAYER
5
20A
100
AcDbSymbolTableRecord
100
AcDbLayerTableRecord
2
SET_DTM
70
0
62
7
6
CONTINUOUS
0
ENDTAB
0
TABLE
2
STYLE
5
3
100
AcDbSymbolTable
70
1
0
STYLE
5
11
100
AcDbSymbolTableRecord
100
AcDbTextStyleTableRecord
2
STANDARD
70
0
40
0.0
41
0.9500000000
50
0.0
71
0
42
0.2
3
txt
4

0
ENDTAB
0
TABLE
2
VIEW
5
6
100
AcDbSymbolTable
70
0
0
ENDTAB
0
TABLE
2
UCS
5
7
100
AcDbSymbolTable
70
0
0
ENDTAB
0
TABLE
2
APPID
5
9
100
AcDbSymbolTable
70
1
0
APPID
5
20B
100
AcDbSymbolTableRecord
100
AcDbRegAppTableRecord
2
ACAD
70
0
0
ENDTAB
0
TABLE
2
BLOCK_RECORD
5
1
100
AcDbSymbolTable
70
0
0
BLOCK_RECORD
5
1F
100
AcDbSymbolTableRecord
100
AcDbBlockTableRecord
2
*MODEL_SPACE
0
BLOCK_RECORD
5
1B
100
AcDbSymbolTableRecord
100
AcDbBlockTableRecord
2
*PAPER_SPACE
0
BLOCK_RECORD
5
20C
100
AcDbSymbolTableRecord
100
AcDbBlockTableRecord
2
15988_TYCO_ELEC_HORIZ_BL0
0
ENDTAB
0
TABLE
2
DIMSTYLE
5
A
100
AcDbSymbolTable
70
1
0
DIMSTYLE
105
20D
100
AcDbSymbolTableRecord
100
AcDbDimStyleTableRecord
2
STANDARD
70
0
3

4

5
_CLOSED
6
_CLOSED
7
_CLOSED
40
1.0
41
4.5000000000
42
0.0625
43
0.38
44
0.18
45
0.0
46
0.0
47
0.0100000000
48
0.0100000000
140
3.0000000000
141
0.09
142
0.0
143
25.4
144
1.0000000000
145
0.0
146
1.0000000000
147
0.09
71
1
72
0
73
1
74
1
75
0
76
0
77
0
78
8
170
0
171
2
172
0
173
0
174
0
175
0
176
0
177
0
178
0
270
2
271
2
272
2
273
2
274
2
275
0
280
0
281
0
282
0
283
1
284
8
285
0
286
0
287
3
288
0
340
11
0
ENDTAB
0
ENDSEC
0
SECTION
2
BLOCKS
0
BLOCK
5
20
100
AcDbEntity
8
0
100
AcDbBlockBegin
2
*MODEL_SPACE
70
0
10
0.0
20
0.0
30
0.0
3
*MODEL_SPACE
1

0
ENDBLK
5
21
100
AcDbEntity
8
0
100
AcDbBlockEnd
0
BLOCK
5
1C
100
AcDbEntity
8
0
100
AcDbBlockBegin
2
*PAPER_SPACE
70
0
10
0.0
20
0.0
30
0.0
3
*PAPER_SPACE
1

0
ENDBLK
5
1D
100
AcDbEntity
8
0
100
AcDbBlockEnd
0
BLOCK
5
20E
100
AcDbEntity
8
0
100
AcDbBlockBegin
62
2
6
CONTINUOUS
2
15988_TYCO_ELEC_HORIZ_BL0
70
64
10
298.5958373290
20
35.9609018211
3
15988_TYCO_ELEC_HORIZ_BL0
1

0
SPLINE
5
20F
100
AcDbEntity
8
0
100
AcDbSpline
62
2
6
CONTINUOUS
70
0
71
3
72
41
73
37
74
0
42
0.0000001000
43
0.0000001000
44
0.0000000001
40
0.0000000000
40
0.0000000000
40
0.0000000000
40
0.0000000000
40
1.0000000000
40
1.0000000000
40
1.0000000000
40
2.0000000000
40
2.0000000000
40
2.0000000000
40
3.0000000000
40
3.0000000000
40
3.0000000000
40
4.0000000000
40
4.0000000000
40
4.0000000000
40
5.0000000000
40
5.0000000000
40
5.0000000000
40
6.0000000000
40
6.0000000000
40
6.0000000000
40
7.0000000000
40
7.0000000000
40
7.0000000000
40
8.0000000000
40
8.0000000000
40
8.0000000000
40
9.0000000000
40
9.0000000000
40
9.0000000000
40
10.0000000000
40
10.0000000000
40
10.0000000000
40
11.0000000000
40
11.0000000000
40
11.0000000000
40
12.0000000000
40
12.0000000000
40
12.0000000000
40
12.0000000000
10
289.3148291082
20
34.1013799490
30
0.0000000000
10
289.3148291082
20
34.1013799490
30
0.0000000000
10
288.8403274349
20
35.5170584711
30
0.0000000000
10
288.8403274349
20
35.5170584711
30
0.0000000000
10
288.8403274349
20
35.5170584711
30
0.0000000000
10
288.1936967846
20
35.5170584711
30
0.0000000000
10
288.1936967846
20
35.5170584711
30
0.0000000000
10
288.1936967846
20
35.5170584711
30
0.0000000000
10
289.0255185668
20
33.3881431032
30
0.0000000000
10
289.0255185668
20
33.3881431032
30
0.0000000000
10
288.9480632260
20
33.1787168158
30
0.0000000000
10
288.8020585592
20
33.1149713402
30
0.0000000000
10
288.6989107150
20
33.1149713402
30
0.0000000000
10
288.6196201954
20
33.1149713402
30
0.0000000000
10
288.5207904191
20
33.1505414235
30
0.0000000000
10
288.4414998994
20
33.1981481208
30
0.0000000000
10
288.4414998994
20
33.1981481208
30
0.0000000000
10
288.2035203888
20
32.7624550817
30
0.0000000000
10
288.2035203888
20
32.7624550817
30
0.0000000000
10
288.3580532395
20
32.6711279481
30
0.0000000000
10
288.5204665640
20
32.6158566805
30
0.0000000000
10
288.7383670594
20
32.6158566805
30
0.0000000000
10
289.0988717433
20
32.6158566805
30
0.0000000000
10
289.4256954985
20
32.9126158888
30
0.0000000000
10
289.5882167746
20
33.3446385703
30
0.0000000000
10
289.5882167746
20
33.3446385703
30
0.0000000000
10
290.4041156819
20
35.5170584711
30
0.0000000000
10
290.4041156819
20
35.5170584711
30
0.0000000000
10
290.4041156819
20
35.5170584711
30
0.0000000000
10
289.7692517663
20
35.5170584711
30
0.0000000000
10
289.7692517663
20
35.5170584711
30
0.0000000000
10
289.7692517663
20
35.5170584711
30
0.0000000000
10
289.3155307942
20
34.1020276592
30
0.0000000000
10
289.3155307942
20
34.1020276592
30
0.0000000000
10
289.3155307942
20
34.1020276592
30
0.0000000000
10
289.3148291082
20
34.1013799490
30
0.0000000000
10
289.3148291082
20
34.1013799490
30
0.0000000000
0
LINE
5
210
100
AcDbEntity
8
0
100
AcDbLine
62
2
6
CONTINUOUS
10
286.1344102138
20
36.3487182650
11
288.7105155975
21
36.3487182650
0
LINE
5
211
100
AcDbEntity
8
0
100
AcDbLine
62
2
6
CONTINUOUS
10
288.7105155975
20
36.3487182650
11
288.5001716755
21
35.7836451927
0
LINE
5
212
100
AcDbEntity
8
0
100
AcDbLine
62
2
6
CONTINUOUS
10
288.5001716755
20
35.7836451927
11
287.7283710409
21
35.7836451927
0
LINE
5
213
100
AcDbEntity
8
0
100
AcDbLine
62
2
6
CONTINUOUS
10
287.7283710409
20
35.7836451927
11
287.7283710409
21
33.3953218255
0
LINE
5
214
100
AcDbEntity
8
0
100
AcDbLine
62
2
6
CONTINUOUS
10
287.7283710409
20
33.3953218255
11
287.1025211257
21
33.3953218255
0
LINE
5
215
100
AcDbEntity
8
0
100
AcDbLine
62
2
6
CONTINUOUS
10
287.1025211257
20
33.3953218255
11
287.1025211257
21
35.7836451927
0
LINE
5
216
100
AcDbEntity
8
0
100
AcDbLine
62
2
6
CONTINUOUS
10
287.1025211257
20
35.7836451927
11
286.1350579060
21
35.7836451927
0
LINE
5
217
100
AcDbEntity
8
0
100
AcDbLine
62
2
6
CONTINUOUS
10
286.1350579060
20
35.7836451927
11
286.1344102138
21
36.3487182650
0
LINE
5
218
100
AcDbEntity
8
0
100
AcDbLine
62
2
6
CONTINUOUS
10
295.9588241341
20
36.3492041125
11
295.9588241341
21
33.3979127511
0
LINE
5
219
100
AcDbEntity
8
0
100
AcDbLine
62
2
6
CONTINUOUS
10
295.9588241341
20
33.3979127511
11
298.0199997929
21
33.3979127511
0
LINE
5
21A
100
AcDbEntity
8
0
100
AcDbLine
62
2
6
CONTINUOUS
10
298.0199997929
20
33.3979127511
11
298.0199997929
21
33.9404779705
0
LINE
5
21B
100
AcDbEntity
8
0
100
AcDbLine
62
2
6
CONTINUOUS
10
298.0199997929
20
33.9404779705
11
296.5650808114
21
33.9404779705
0
LINE
5
21C
100
AcDbEntity
8
0
100
AcDbLine
62
2
6
CONTINUOUS
10
296.5650808114
20
33.9404779705
11
296.5650808114
21
34.6567375092
0
LINE
5
21D
100
AcDbEntity
8
0
100
AcDbLine
62
2
6
CONTINUOUS
10
296.5650808114
20
34.6567375092
11
297.8259565949
21
34.6567375092
0
LINE
5
21E
100
AcDbEntity
8
0
100
AcDbLine
62
2
6
CONTINUOUS
10
297.8259565949
20
34.6567375092
11
297.8259565949
21
35.1995186260
0
LINE
5
21F
100
AcDbEntity
8
0
100
AcDbLine
62
2
6
CONTINUOUS
10
297.8259565949
20
35.1995186260
11
296.5650808114
21
35.1995186260
0
LINE
5
220
100
AcDbEntity
8
0
100
AcDbLine
62
2
6
CONTINUOUS
10
296.5650808114
20
35.1995186260
11
296.5650808114
21
35.8065848403
0
LINE
5
221
100
AcDbEntity
8
0
100
AcDbLine
62
2
6
CONTINUOUS
10
296.5650808114
20
35.8065848403
11
297.8691373293
21
35.8065848403
0
LINE
5
222
100
AcDbEntity
8
0
100
AcDbLine
62
2
6
CONTINUOUS
10
297.8691373293
20
35.8065848403
11
298.0714388380
21
36.3492041125
0
LINE
5
223
100
AcDbEntity
8
0
100
AcDbLine
62
2
6
CONTINUOUS
10
298.0714388380
20
36.3492041125
11
295.9588241341
21
36.3492041125
0
SPLINE
5
224
100
AcDbEntity
8
0
100
AcDbSpline
62
2
6
CONTINUOUS
70
0
71
3
72
41
73
37
74
0
42
0.0000001000
43
0.0000001000
44
0.0000000001
40
0.0000000000
40
0.0000000000
40
0.0000000000
40
0.0000000000
40
1.0000000000
40
1.0000000000
40
1.0000000000
40
2.0000000000
40
2.0000000000
40
2.0000000000
40
3.0000000000
40
3.0000000000
40
3.0000000000
40
4.0000000000
40
4.0000000000
40
4.0000000000
40
5.0000000000
40
5.0000000000
40
5.0000000000
40
6.0000000000
40
6.0000000000
40
6.0000000000
40
7.0000000000
40
7.0000000000
40
7.0000000000
40
8.0000000000
40
8.0000000000
40
8.0000000000
40
9.0000000000
40
9.0000000000
40
9.0000000000
40
10.0000000000
40
10.0000000000
40
10.0000000000
40
11.0000000000
40
11.0000000000
40
11.0000000000
40
12.0000000000
40
12.0000000000
40
12.0000000000
40
12.0000000000
10
292.3088153803
20
33.6742690696
30
0.0000000000
10
292.3050370710
20
33.6704367844
30
0.0000000000
10
292.3012587617
20
33.6666584751
30
0.0000000000
10
292.2973725007
20
33.6628801658
30
0.0000000000
10
292.2853358867
20
33.6511674069
30
0.0000000000
10
292.2731373452
20
33.6395625998
30
0.0000000000
10
292.2607229004
20
33.6282276718
30
0.0000000000
10
292.0769351404
20
33.4605786902
30
0.0000000000
10
291.8530973018
20
33.3484168796
30
0.0000000000
10
291.5006889950
20
33.3484168796
30
0.0000000000
10
290.8628564078
20
33.3484168796
30
0.0000000000
10
290.3953715947
20
33.8395970897
30
0.0000000000
10
290.3953715947
20
34.4497940431
30
0.0000000000
10
290.3953715947
20
35.0598830448
30
0.0000000000
10
290.8588621951
20
35.5589977045
30
0.0000000000
10
291.5085694687
20
35.5589977045
30
0.0000000000
10
291.8642703022
20
35.5589977045
30
0.0000000000
10
292.1010623442
20
35.4523954061
30
0.0000000000
10
292.2883585342
20
35.2730336656
30
0.0000000000
10
292.2883585342
20
35.2730336656
30
0.0000000000
10
292.0991192137
20
34.7720838271
30
0.0000000000
10
292.0991192137
20
34.7720838271
30
0.0000000000
10
291.9643954989
20
34.9367101613
30
0.0000000000
10
291.7803378597
20
35.0589654554
30
0.0000000000
10
291.5045752560
20
35.0399659571
30
0.0000000000
10
291.2041996660
20
35.0192392318
30
0.0000000000
10
290.9894297697
20
34.7745667161
30
0.0000000000
10
290.9894297697
20
34.4576745168
30
0.0000000000
10
290.9894297697
20
34.1287457036
30
0.0000000000
10
291.2269774735
20
33.8672866994
30
0.0000000000
10
291.5284865563
20
33.8672866994
30
0.0000000000
10
291.8094848172
20
33.8672866994
30
0.0000000000
10
292.0208002593
20
34.0256518353
30
0.0000000000
10
292.1271866542
20
34.1616169945
30
0.0000000000
10
292.1271866542
20
34.1616169945
30
0.0000000000
10
292.3088153803
20
33.6742690696
30
0.0000000000
10
292.3088153803
20
33.6742690696
30
0.0000000000
0
SPLINE
5
225
100
AcDbEntity
8
0
100
AcDbSpline
62
2
6
CONTINUOUS
70
0
71
3
72
17
73
13
74
0
42
0.0000001000
43
0.0000001000
44
0.0000000001
40
0.0000000000
40
0.0000000000
40
0.0000000000
40
0.0000000000
40
1.0000000000
40
1.0000000000
40
1.0000000000
40
2.0000000000
40
2.0000000000
40
2.0000000000
40
3.0000000000
40
3.0000000000
40
3.0000000000
40
4.0000000000
40
4.0000000000
40
4.0000000000
40
4.0000000000
10
293.6109827348
20
35.5589977200
30
0.0000000000
10
292.9493467990
20
35.5589977200
30
0.0000000000
10
292.4582205647
20
35.0636073937
30
0.0000000000
10
292.4582205647
20
34.4497940586
30
0.0000000000
10
292.4582205647
20
33.8357108442
30
0.0000000000
10
292.9452986104
20
33.3484168951
30
0.0000000000
10
293.6031022611
20
33.3484168951
30
0.0000000000
10
294.2647381969
20
33.3484168951
30
0.0000000000
10
294.7559723829
20
33.8435373421
30
0.0000000000
10
294.7559723829
20
34.4576745323
30
0.0000000000
10
294.7559723829
20
35.0717037708
30
0.0000000000
10
294.2686784337
20
35.5589977200
30
0.0000000000
10
293.6109827348
20
35.5589977200
30
0.0000000000
0
SPLINE
5
226
100
AcDbEntity
8
0
100
AcDbSpline
62
2
6
CONTINUOUS
70
0
71
3
72
17
73
13
74
0
42
0.0000001000
43
0.0000001000
44
0.0000000001
40
0.0000000000
40
0.0000000000
40
0.0000000000
40
0.0000000000
40
1.0000000000
40
1.0000000000
40
1.0000000000
40
2.0000000000
40
2.0000000000
40
2.0000000000
40
3.0000000000
40
3.0000000000
40
3.0000000000
40
4.0000000000
40
4.0000000000
40
4.0000000000
40
4.0000000000
10
293.6109827348
20
33.8672867149
30
0.0000000000
10
293.2781136847
20
33.8672867149
30
0.0000000000
10
293.0523866914
20
34.1367881203
30
0.0000000000
10
293.0523866914
20
34.4576745323
30
0.0000000000
10
293.0523866914
20
34.7745667316
30
0.0000000000
10
293.2583045487
20
35.0399659726
30
0.0000000000
10
293.6031022611
20
35.0399659726
30
0.0000000000
10
293.9359173353
20
35.0399659726
30
0.0000000000
10
294.1616983045
20
34.7706264948
30
0.0000000000
10
294.1616983045
20
34.4497940586
30
0.0000000000
10
294.1616983045
20
34.1326859559
30
0.0000000000
10
293.9556185196
20
33.8672867149
30
0.0000000000
10
293.6109827348
20
33.8672867149
30
0.0000000000
0
LINE
5
227
100
AcDbEntity
8
0
100
AcDbLine
62
2
6
CONTINUOUS
10
298.4150489585
20
33.3958617257
11
299.0171495325
21
33.3958617257
0
LINE
5
228
100
AcDbEntity
8
0
100
AcDbLine
62
2
6
CONTINUOUS
10
299.0171495325
20
33.3958617257
11
299.0171495325
21
36.3472610358
0
LINE
5
229
100
AcDbEntity
8
0
100
AcDbLine
62
2
6
CONTINUOUS
10
299.0171495325
20
36.3472610358
11
298.4150489585
21
36.3472610358
0
LINE
5
22A
100
AcDbEntity
8
0
100
AcDbLine
62
2
6
CONTINUOUS
10
298.4150489585
20
36.3472610358
11
298.4150489585
21
33.3958617257
0
SPLINE
5
22B
100
AcDbEntity
8
0
100
AcDbSpline
62
2
6
CONTINUOUS
70
0
71
3
72
32
73
28
74
0
42
0.0000001000
43
0.0000001000
44
0.0000000001
40
0.0000000000
40
0.0000000000
40
0.0000000000
40
0.0000000000
40
1.0000000000
40
1.0000000000
40
1.0000000000
40
2.0000000000
40
2.0000000000
40
2.0000000000
40
3.0000000000
40
3.0000000000
40
3.0000000000
40
4.0000000000
40
4.0000000000
40
4.0000000000
40
5.0000000000
40
5.0000000000
40
5.0000000000
40
6.0000000000
40
6.0000000000
40
6.0000000000
40
7.0000000000
40
7.0000000000
40
7.0000000000
40
8.0000000000
40
8.0000000000
40
8.0000000000
40
9.0000000000
40
9.0000000000
40
9.0000000000
40
9.0000000000
10
300.4069736310
20
35.5588898112
30
0.0000000000
10
299.7888962039
20
35.5588898112
30
0.0000000000
10
299.3571434016
20
35.0598291273
30
0.0000000000
10
299.3571434016
20
34.4496321740
30
0.0000000000
10
299.3571434016
20
33.7957687602
30
0.0000000000
10
299.8284065241
20
33.3482550105
30
0.0000000000
10
300.4662391113
20
33.3482550105
30
0.0000000000
10
300.8504391921
20
33.3482550105
30
0.0000000000
10
301.1359174483
20
33.4987936485
30
0.0000000000
10
301.3339548319
20
33.7442218260
30
0.0000000000
10
301.3339548319
20
33.7442218260
30
0.0000000000
10
300.9892650713
20
34.0494552423
30
0.0000000000
10
300.9892650713
20
34.0494552423
30
0.0000000000
10
300.8228575341
20
33.8948144399
30
0.0000000000
10
300.6762591330
20
33.8315547469
30
0.0000000000
10
300.4742815125
20
33.8315547469
30
0.0000000000
10
300.2048340829
20
33.8315547469
30
0.0000000000
10
300.0186174099
20
33.9741589354
30
0.0000000000
10
299.9553577169
20
34.2474926260
30
0.0000000000
10
299.9553577169
20
34.2474926260
30
0.0000000000
10
301.4330544875
20
34.2474926260
30
0.0000000000
10
301.4330544875
20
34.2474926260
30
0.0000000000
10
301.4368327968
20
34.3031417245
30
0.0000000000
10
301.4408270095
20
34.3465383057
30
0.0000000000
10
301.4408270095
20
34.4021874042
30
0.0000000000
10
301.4408270095
20
35.0082821932
30
0.0000000000
10
301.1159463848
20
35.5588898112
30
0.0000000000
10
300.4069736310
20
35.5588898112
30
0.0000000000
0
SPLINE
5
22C
100
AcDbEntity
8
0
100
AcDbSpline
62
2
6
CONTINUOUS
70
0
71
3
72
14
73
10
74
0
42
0.0000001000
43
0.0000001000
44
0.0000000001
40
0.0000000000
40
0.0000000000
40
0.0000000000
40
0.0000000000
40
1.0000000000
40
1.0000000000
40
1.0000000000
40
2.0000000000
40
2.0000000000
40
2.0000000000
40
3.0000000000
40
3.0000000000
40
3.0000000000
40
3.0000000000
10
299.9472613398
20
34.6238662090
30
0.0000000000
10
299.9945981578
20
34.8971998995
30
0.0000000000
10
300.1573893132
20
35.0753201955
30
0.0000000000
10
300.4069736310
20
35.0753201955
30
0.0000000000
10
300.6602822822
20
35.0753201955
30
0.0000000000
10
300.8189712731
20
34.8933136385
30
0.0000000000
10
300.8545953323
20
34.6238662090
30
0.0000000000
10
300.8545953323
20
34.6238662090
30
0.0000000000
10
299.9472613398
20
34.6238662090
30
0.0000000000
10
299.9472613398
20
34.6238662090
30
0.0000000000
0
SPLINE
5
22D
100
AcDbEntity
8
0
100
AcDbSpline
62
2
6
CONTINUOUS
70
0
71
3
72
41
73
37
74
0
42
0.0000001000
43
0.0000001000
44
0.0000000001
40
0.0000000000
40
0.0000000000
40
0.0000000000
40
0.0000000000
40
1.0000000000
40
1.0000000000
40
1.0000000000
40
2.0000000000
40
2.0000000000
40
2.0000000000
40
3.0000000000
40
3.0000000000
40
3.0000000000
40
4.0000000000
40
4.0000000000
40
4.0000000000
40
5.0000000000
40
5.0000000000
40
5.0000000000
40
6.0000000000
40
6.0000000000
40
6.0000000000
40
7.0000000000
40
7.0000000000
40
7.0000000000
40
8.0000000000
40
8.0000000000
40
8.0000000000
40
9.0000000000
40
9.0000000000
40
9.0000000000
40
10.0000000000
40
10.0000000000
40
10.0000000000
40
11.0000000000
40
11.0000000000
40
11.0000000000
40
12.0000000000
40
12.0000000000
40
12.0000000000
40
12.0000000000
10
304.5580941592
20
35.5190016016
30
0.0000000000
10
304.5580941592
20
35.5190016016
30
0.0000000000
10
304.5580941592
20
36.0619446493
30
0.0000000000
10
304.5580941592
20
36.0619446493
30
0.0000000000
10
304.5580941592
20
36.0619446493
30
0.0000000000
10
303.9556697278
20
36.0619446493
30
0.0000000000
10
303.9556697278
20
36.0619446493
30
0.0000000000
10
303.9556697278
20
36.0619446493
30
0.0000000000
10
303.9556697278
20
33.9979082498
30
0.0000000000
10
303.9556697278
20
33.9979082498
30
0.0000000000
10
303.9556697278
20
33.5064581604
30
0.0000000000
10
304.2054159731
20
33.3599677109
30
0.0000000000
10
304.5739090824
20
33.3599677109
30
0.0000000000
10
304.7758867029
20
33.3599677109
30
0.0000000000
10
304.9224311282
20
33.4078442875
30
0.0000000000
10
305.0493823210
20
33.4827627635
30
0.0000000000
10
305.0493823210
20
33.4827627635
30
0.0000000000
10
305.0493823210
20
33.9660624999
30
0.0000000000
10
305.0493823210
20
33.9660624999
30
0.0000000000
10
304.9621573518
20
33.9187256818
30
0.0000000000
10
304.8628417929
20
33.8909820963
30
0.0000000000
10
304.7522452818
20
33.8909820963
30
0.0000000000
10
304.6173596395
20
33.8909820963
30
0.0000000000
10
304.5580941592
20
33.9583979296
30
0.0000000000
10
304.5580941592
20
34.0968999537
30
0.0000000000
10
304.5580941592
20
34.0968999537
30
0.0000000000
10
304.5580941592
20
35.0040180428
30
0.0000000000
10
304.5580941592
20
35.0040180428
30
0.0000000000
10
304.5580941592
20
35.0040180428
30
0.0000000000
10
304.9472600180
20
35.0040180428
30
0.0000000000
10
304.9472600180
20
35.0040180428
30
0.0000000000
10
304.9472600180
20
35.0040180428
30
0.0000000000
10
305.1391981309
20
35.5190016016
30
0.0000000000
10
305.1391981309
20
35.5190016016
30
0.0000000000
10
305.1391981309
20
35.5190016016
30
0.0000000000
10
304.5580941592
20
35.5190016016
30
0.0000000000
10
304.5580941592
20
35.5190016016
30
0.0000000000
0
SPLINE
5
22E
100
AcDbEntity
8
0
100
AcDbSpline
62
2
6
CONTINUOUS
70
0
71
3
72
17
73
13
74
0
42
0.0000001000
43
0.0000001000
44
0.0000000001
40
0.0000000000
40
0.0000000000
40
0.0000000000
40
0.0000000000
40
1.0000000000
40
1.0000000000
40
1.0000000000
40
2.0000000000
40
2.0000000000
40
2.0000000000
40
3.0000000000
40
3.0000000000
40
3.0000000000
40
4.0000000000
40
4.0000000000
40
4.0000000000
40
4.0000000000
10
308.0432066819
20
35.5588898112
30
0.0000000000
10
307.3817866495
20
35.5588898112
30
0.0000000000
10
306.8905524635
20
35.0635534608
30
0.0000000000
10
306.8905524635
20
34.4496321740
30
0.0000000000
10
306.8905524635
20
33.8356569113
30
0.0000000000
10
307.3778464126
20
33.3482550105
30
0.0000000000
10
308.0353262082
20
33.3482550105
30
0.0000000000
10
308.6969621440
20
33.3482550105
30
0.0000000000
10
309.1881963300
20
33.8433754575
30
0.0000000000
10
309.1881963300
20
34.4575126477
30
0.0000000000
10
309.1881963300
20
35.0716498379
30
0.0000000000
10
308.7009563567
20
35.5588898112
30
0.0000000000
10
308.0432066819
20
35.5588898112
30
0.0000000000
0
SPLINE
5
22F
100
AcDbEntity
8
0
100
AcDbSpline
62
2
6
CONTINUOUS
70
0
71
3
72
17
73
13
74
0
42
0.0000001000
43
0.0000001000
44
0.0000000001
40
0.0000000000
40
0.0000000000
40
0.0000000000
40
0.0000000000
40
1.0000000000
40
1.0000000000
40
1.0000000000
40
2.0000000000
40
2.0000000000
40
2.0000000000
40
3.0000000000
40
3.0000000000
40
3.0000000000
40
4.0000000000
40
4.0000000000
40
4.0000000000
40
4.0000000000
10
308.0432066819
20
33.8671788061
30
0.0000000000
10
307.7104455835
20
33.8671788061
30
0.0000000000
10
307.4845566627
20
34.1367341874
30
0.0000000000
10
307.4845566627
20
34.4575126477
30
0.0000000000
10
307.4845566627
20
34.7744588228
30
0.0000000000
10
307.6908523509
20
35.0398040880
30
0.0000000000
10
308.0353262082
20
35.0398040880
30
0.0000000000
10
308.3682492341
20
35.0398040880
30
0.0000000000
10
308.5937603240
20
34.7705185860
30
0.0000000000
10
308.5937603240
20
34.4496321740
30
0.0000000000
10
308.5937603240
20
34.1325780471
30
0.0000000000
10
308.3879504184
20
33.8671788061
30
0.0000000000
10
308.0432066819
20
33.8671788061
30
0.0000000000
0
SPLINE
5
230
100
AcDbEntity
8
0
100
AcDbSpline
62
2
6
CONTINUOUS
70
0
71
3
72
41
73
37
74
0
42
0.0000001000
43
0.0000001000
44
0.0000000001
40
0.0000000000
40
0.0000000000
40
0.0000000000
40
0.0000000000
40
1.0000000000
40
1.0000000000
40
1.0000000000
40
2.0000000000
40
2.0000000000
40
2.0000000000
40
3.0000000000
40
3.0000000000
40
3.0000000000
40
4.0000000000
40
4.0000000000
40
4.0000000000
40
5.0000000000
40
5.0000000000
40
5.0000000000
40
6.0000000000
40
6.0000000000
40
6.0000000000
40
7.0000000000
40
7.0000000000
40
7.0000000000
40
8.0000000000
40
8.0000000000
40
8.0000000000
40
9.0000000000
40
9.0000000000
40
9.0000000000
40
10.0000000000
40
10.0000000000
40
10.0000000000
40
11.0000000000
40
11.0000000000
40
11.0000000000
40
12.0000000000
40
12.0000000000
40
12.0000000000
40
12.0000000000
10
310.7133918299
20
35.5588897528
30
0.0000000000
10
310.4084282928
20
35.5588897528
30
0.0000000000
10
310.2302540210
20
35.3963145008
30
0.0000000000
10
310.0916440452
20
35.2183021565
30
0.0000000000
10
310.0916440452
20
35.2183021565
30
0.0000000000
10
310.0916440452
20
35.5190016016
30
0.0000000000
10
310.0916440452
20
35.5190016016
30
0.0000000000
10
310.0916440452
20
35.5190016016
30
0.0000000000
10
309.4894894931
20
35.5190016016
30
0.0000000000
10
309.4894894931
20
35.5190016016
30
0.0000000000
10
309.4894894931
20
35.5190016016
30
0.0000000000
10
309.4894894931
20
33.3958616494
30
0.0000000000
10
309.4894894931
20
33.3958616494
30
0.0000000000
10
309.4894894931
20
33.3958616494
30
0.0000000000
10
310.0916440452
20
33.3958616494
30
0.0000000000
10
310.0916440452
20
33.3958616494
30
0.0000000000
10
310.0916440452
20
33.3958616494
30
0.0000000000
10
310.0916440452
20
34.5801996901
30
0.0000000000
10
310.0916440452
20
34.5801996901
30
0.0000000000
10
310.0916440452
20
34.8656779463
30
0.0000000000
10
310.2381344947
20
35.0120604441
30
0.0000000000
10
310.4680176282
20
35.0120604441
30
0.0000000000
10
310.6979007617
20
35.0120604441
30
0.0000000000
10
310.8324085731
20
34.8656779463
30
0.0000000000
10
310.8324085731
20
34.5801996901
30
0.0000000000
10
310.8324085731
20
34.5801996901
30
0.0000000000
10
310.8324085731
20
33.3958616494
30
0.0000000000
10
310.8324085731
20
33.3958616494
30
0.0000000000
10
310.8324085731
20
33.3958616494
30
0.0000000000
10
311.4345631252
20
33.3958616494
30
0.0000000000
10
311.4345631252
20
33.3958616494
30
0.0000000000
10
311.4345631252
20
33.3958616494
30
0.0000000000
10
311.4345631252
20
34.7705185276
30
0.0000000000
10
311.4345631252
20
34.7705185276
30
0.0000000000
10
311.4345631252
20
35.2578664525
30
0.0000000000
10
311.1690559325
20
35.5588897528
30
0.0000000000
10
310.7133918299
20
35.5588897528
30
0.0000000000
0
LINE
5
231
100
AcDbEntity
8
0
100
AcDbLine
62
2
6
CONTINUOUS
10
311.8001415865
20
35.7529869778
11
312.4336560163
21
35.7529869778
0
LINE
5
232
100
AcDbEntity
8
0
100
AcDbLine
62
2
6
CONTINUOUS
10
312.4336560163
20
35.7529869778
11
312.4336560163
21
36.2878336300
0
LINE
5
233
100
AcDbEntity
8
0
100
AcDbLine
62
2
6
CONTINUOUS
10
312.4336560163
20
36.2878336300
11
311.8001415865
21
36.2878336300
0
LINE
5
234
100
AcDbEntity
8
0
100
AcDbLine
62
2
6
CONTINUOUS
10
311.8001415865
20
36.2878336300
11
311.8001415865
21
35.7529869778
0
LINE
5
235
100
AcDbEntity
8
0
100
AcDbLine
62
2
6
CONTINUOUS
10
311.8159024104
20
33.3958617257
11
312.4178950357
21
33.3958617257
0
LINE
5
236
100
AcDbEntity
8
0
100
AcDbLine
62
2
6
CONTINUOUS
10
312.4178950357
20
33.3958617257
11
312.4178950357
21
35.5190016632
0
LINE
5
237
100
AcDbEntity
8
0
100
AcDbLine
62
2
6
CONTINUOUS
10
312.4178950357
20
35.5190016632
11
311.8159024104
21
35.5190016632
0
LINE
5
238
100
AcDbEntity
8
0
100
AcDbLine
62
2
6
CONTINUOUS
10
311.8159024104
20
35.5190016632
11
311.8159024104
21
33.3958617257
0
SPLINE
5
239
100
AcDbEntity
8
0
100
AcDbSpline
62
2
6
CONTINUOUS
70
0
71
3
72
41
73
37
74
0
42
0.0000001000
43
0.0000001000
44
0.0000000001
40
0.0000000000
40
0.0000000000
40
0.0000000000
40
0.0000000000
40
1.0000000000
40
1.0000000000
40
1.0000000000
40
2.0000000000
40
2.0000000000
40
2.0000000000
40
3.0000000000
40
3.0000000000
40
3.0000000000
40
4.0000000000
40
4.0000000000
40
4.0000000000
40
5.0000000000
40
5.0000000000
40
5.0000000000
40
6.0000000000
40
6.0000000000
40
6.0000000000
40
7.0000000000
40
7.0000000000
40
7.0000000000
40
8.0000000000
40
8.0000000000
40
8.0000000000
40
9.0000000000
40
9.0000000000
40
9.0000000000
40
10.0000000000
40
10.0000000000
40
10.0000000000
40
11.0000000000
40
11.0000000000
40
11.0000000000
40
12.0000000000
40
12.0000000000
40
12.0000000000
40
12.0000000000
10
316.3164086314
20
34.8852172030
30
0.0000000000
10
316.1066584889
20
35.0082821348
30
0.0000000000
10
315.8966384672
20
35.0834165142
30
0.0000000000
10
315.7419976647
20
35.0834165142
30
0.0000000000
10
315.5956691428
20
35.0834165142
30
0.0000000000
10
315.5202648842
20
35.0199409178
30
0.0000000000
10
315.5202648842
20
34.9329318520
30
0.0000000000
10
315.5202648842
20
34.6476694992
30
0.0000000000
10
316.5937365346
20
34.7426669904
30
0.0000000000
10
316.5937365346
20
34.0494551839
30
0.0000000000
10
316.5937365346
20
33.5740898970
30
0.0000000000
10
316.2413282278
20
33.3599677109
30
0.0000000000
10
315.7817238883
20
33.3599677109
30
0.0000000000
10
315.4846408250
20
33.3599677109
30
0.0000000000
10
315.1794074087
20
33.4380707619
30
0.0000000000
10
314.8981392685
20
33.6598035425
30
0.0000000000
10
314.8981392685
20
33.6598035425
30
0.0000000000
10
315.0681092116
20
34.1098001812
30
0.0000000000
10
315.0681092116
20
34.1098001812
30
0.0000000000
10
315.2978304176
20
33.9137599039
30
0.0000000000
10
315.5994474521
20
33.8236742148
30
0.0000000000
10
315.7974848357
20
33.8236742148
30
0.0000000000
10
315.9718807982
20
33.8236742148
30
0.0000000000
10
316.0511713179
20
33.8868799320
30
0.0000000000
10
316.0511713179
20
33.9860875392
30
0.0000000000
10
316.0511713179
20
34.2870568636
30
0.0000000000
10
314.9774297882
20
34.1246975150
30
0.0000000000
10
314.9774297882
20
34.8696721590
30
0.0000000000
10
314.9774297882
20
35.3053112223
30
0.0000000000
10
315.3261677374
20
35.5469071147
30
0.0000000000
10
315.7538183753
20
35.5469071147
30
0.0000000000
10
316.0009198041
20
35.5469071147
30
0.0000000000
10
316.2680462722
20
35.4703153874
30
0.0000000000
10
316.4879978498
20
35.3383444408
30
0.0000000000
10
316.4879978498
20
35.3383444408
30
0.0000000000
10
316.3164086314
20
34.8852172030
30
0.0000000000
10
316.3164086314
20
34.8852172030
30
0.0000000000
0
SPLINE
5
23A
100
AcDbEntity
8
0
100
AcDbSpline
62
2
6
CONTINUOUS
70
0
71
3
72
41
73
37
74
0
42
0.0000001000
43
0.0000001000
44
0.0000000001
40
0.0000000000
40
0.0000000000
40
0.0000000000
40
0.0000000000
40
1.0000000000
40
1.0000000000
40
1.0000000000
40
2.0000000000
40
2.0000000000
40
2.0000000000
40
3.0000000000
40
3.0000000000
40
3.0000000000
40
4.0000000000
40
4.0000000000
40
4.0000000000
40
5.0000000000
40
5.0000000000
40
5.0000000000
40
6.0000000000
40
6.0000000000
40
6.0000000000
40
7.0000000000
40
7.0000000000
40
7.0000000000
40
8.0000000000
40
8.0000000000
40
8.0000000000
40
9.0000000000
40
9.0000000000
40
9.0000000000
40
10.0000000000
40
10.0000000000
40
10.0000000000
40
11.0000000000
40
11.0000000000
40
11.0000000000
40
12.0000000000
40
12.0000000000
40
12.0000000000
40
12.0000000000
10
303.6293857311
20
33.6741071420
30
0.0000000000
10
303.6254994701
20
33.6703288327
30
0.0000000000
10
303.6217751366
20
33.6664965476
30
0.0000000000
10
303.6179968273
20
33.6628801658
30
0.0000000000
10
303.6059062375
20
33.6510594552
30
0.0000000000
10
303.5937616719
20
33.6394006722
30
0.0000000000
10
303.5812932512
20
33.6282276718
30
0.0000000000
10
303.3975594671
20
33.4604167627
30
0.0000000000
10
303.1737216285
20
33.3482549521
30
0.0000000000
10
302.8213133217
20
33.3482549521
30
0.0000000000
10
302.1834267587
20
33.3482549521
30
0.0000000000
10
301.7159959213
20
33.8394351622
30
0.0000000000
10
301.7159959213
20
34.4496321156
30
0.0000000000
10
301.7159959213
20
35.0598290689
30
0.0000000000
10
302.1794865218
20
35.5588897528
30
0.0000000000
10
302.8291937954
20
35.5588897528
30
0.0000000000
10
303.1848406530
20
35.5588897528
30
0.0000000000
10
303.4216326950
20
35.4523414303
30
0.0000000000
10
303.6089288850
20
35.2729257139
30
0.0000000000
10
303.6089288850
20
35.2729257139
30
0.0000000000
10
303.4197975162
20
34.7719758754
30
0.0000000000
10
303.4197975162
20
34.7719758754
30
0.0000000000
10
303.2850198255
20
34.9365482338
30
0.0000000000
10
303.1009082105
20
35.0588035278
30
0.0000000000
10
302.8252535585
20
35.0398040296
30
0.0000000000
10
302.5248239926
20
35.0191312801
30
0.0000000000
10
302.3100540963
20
34.7744587644
30
0.0000000000
10
302.3100540963
20
34.4575125893
30
0.0000000000
10
302.3100540963
20
34.1286377519
30
0.0000000000
10
302.5475478243
20
33.8671787477
30
0.0000000000
10
302.8490569072
20
33.8671787477
30
0.0000000000
10
303.1300551680
20
33.8671787477
30
0.0000000000
10
303.3412626584
20
34.0256518353
30
0.0000000000
10
303.4477030292
20
34.1614550670
30
0.0000000000
10
303.4477030292
20
34.1614550670
30
0.0000000000
10
303.6293857311
20
33.6741071420
30
0.0000000000
10
303.6293857311
20
33.6741071420
30
0.0000000000
0
SPLINE
5
23B
100
AcDbEntity
8
0
100
AcDbSpline
62
2
6
CONTINUOUS
70
0
71
3
72
41
73
37
74
0
42
0.0000001000
43
0.0000001000
44
0.0000000001
40
0.0000000000
40
0.0000000000
40
0.0000000000
40
0.0000000000
40
1.0000000000
40
1.0000000000
40
1.0000000000
40
2.0000000000
40
2.0000000000
40
2.0000000000
40
3.0000000000
40
3.0000000000
40
3.0000000000
40
4.0000000000
40
4.0000000000
40
4.0000000000
40
5.0000000000
40
5.0000000000
40
5.0000000000
40
6.0000000000
40
6.0000000000
40
6.0000000000
40
7.0000000000
40
7.0000000000
40
7.0000000000
40
8.0000000000
40
8.0000000000
40
8.0000000000
40
9.0000000000
40
9.0000000000
40
9.0000000000
40
10.0000000000
40
10.0000000000
40
10.0000000000
40
11.0000000000
40
11.0000000000
40
11.0000000000
40
12.0000000000
40
12.0000000000
40
12.0000000000
40
12.0000000000
10
314.6364103851
20
33.6741071420
30
0.0000000000
10
314.6325781000
20
33.6703288327
30
0.0000000000
10
314.6286378631
20
33.6664965476
30
0.0000000000
10
314.6248595538
20
33.6628801658
30
0.0000000000
10
314.6128769157
20
33.6510594552
30
0.0000000000
10
314.6006243984
20
33.6394006722
30
0.0000000000
10
314.5883179052
20
33.6282276718
30
0.0000000000
10
314.4044761694
20
33.4604167627
30
0.0000000000
10
314.1807462825
20
33.3482549521
30
0.0000000000
10
313.8281760482
20
33.3482549521
30
0.0000000000
10
313.1905053885
20
33.3482549521
30
0.0000000000
10
312.7230205754
20
33.8394351622
30
0.0000000000
10
312.7230205754
20
34.4496321156
30
0.0000000000
10
312.7230205754
20
35.0598290689
30
0.0000000000
10
313.1865651517
20
35.5588897528
30
0.0000000000
10
313.8360565219
20
35.5588897528
30
0.0000000000
10
314.1918113312
20
35.5588897528
30
0.0000000000
10
314.4287113249
20
35.4523414303
30
0.0000000000
10
314.6159535390
20
35.2729257139
30
0.0000000000
10
314.6159535390
20
35.2729257139
30
0.0000000000
10
314.4266602427
20
34.7719758754
30
0.0000000000
10
314.4266602427
20
34.7719758754
30
0.0000000000
10
314.2919905037
20
34.9365482338
30
0.0000000000
10
314.1078249129
20
35.0588035278
30
0.0000000000
10
313.8321162850
20
35.0398040296
30
0.0000000000
10
313.5318486467
20
35.0191312801
30
0.0000000000
10
313.3171327262
20
34.7744587644
30
0.0000000000
10
313.3171327262
20
34.4575125893
30
0.0000000000
10
313.3171327262
20
34.1286377519
30
0.0000000000
10
313.5546264542
20
33.8671787477
30
0.0000000000
10
313.8560275854
20
33.8671787477
30
0.0000000000
10
314.1370258462
20
33.8671787477
30
0.0000000000
10
314.3483952641
20
34.0256518353
30
0.0000000000
10
314.4547276832
20
34.1614550670
30
0.0000000000
10
314.4547276832
20
34.1614550670
30
0.0000000000
10
314.6364103851
20
33.6741071420
30
0.0000000000
10
314.6364103851
20
33.6741071420
30
0.0000000000
0
SPLINE
5
23C
100
AcDbEntity
8
0
100
AcDbSpline
62
2
6
CONTINUOUS
70
0
71
3
72
32
73
28
74
0
42
0.0000001000
43
0.0000001000
44
0.0000000001
40
0.0000000000
40
0.0000000000
40
0.0000000000
40
0.0000000000
40
1.0000000000
40
1.0000000000
40
1.0000000000
40
2.0000000000
40
2.0000000000
40
2.0000000000
40
3.0000000000
40
3.0000000000
40
3.0000000000
40
4.0000000000
40
4.0000000000
40
4.0000000000
40
5.0000000000
40
5.0000000000
40
5.0000000000
40
6.0000000000
40
6.0000000000
40
6.0000000000
40
7.0000000000
40
7.0000000000
40
7.0000000000
40
8.0000000000
40
8.0000000000
40
8.0000000000
40
9.0000000000
40
9.0000000000
40
9.0000000000
40
9.0000000000
10
306.0771904047
20
35.0908651811
30
0.0000000000
10
306.0771904047
20
35.0908651811
30
0.0000000000
10
306.0771904047
20
35.5185697949
30
0.0000000000
10
306.0771904047
20
35.5185697949
30
0.0000000000
10
306.0771904047
20
35.5185697949
30
0.0000000000
10
305.4750358526
20
35.5185697949
30
0.0000000000
10
305.4750358526
20
35.5185697949
30
0.0000000000
10
305.4750358526
20
35.5185697949
30
0.0000000000
10
305.4750358526
20
33.3958616494
30
0.0000000000
10
305.4750358526
20
33.3958616494
30
0.0000000000
10
305.4750358526
20
33.3958616494
30
0.0000000000
10
306.0771904047
20
33.3958616494
30
0.0000000000
10
306.0771904047
20
33.3958616494
30
0.0000000000
10
306.0771904047
20
33.3958616494
30
0.0000000000
10
306.0771904047
20
34.1798608309
30
0.0000000000
10
306.0771904047
20
34.1798608309
30
0.0000000000
10
306.0771904047
20
34.6871258435
30
0.0000000000
10
306.3226185822
20
34.9285058325
30
0.0000000000
10
306.7224176829
20
34.9285058325
30
0.0000000000
10
306.7224176829
20
34.9285058325
30
0.0000000000
10
306.7543174087
20
34.9285058325
30
0.0000000000
10
306.7543174087
20
34.9285058325
30
0.0000000000
10
306.7543174087
20
34.9285058325
30
0.0000000000
10
306.7543174087
20
35.5584579460
30
0.0000000000
10
306.7543174087
20
35.5584579460
30
0.0000000000
10
306.3979688650
20
35.5742728692
30
0.0000000000
10
306.1997155780
20
35.3839000559
30
0.0000000000
10
306.0771904047
20
35.0908651811
30
0.0000000000
0
LINE
5
23D
100
AcDbEntity
8
0
100
AcDbLine
62
2
6
CONTINUOUS
10
284.7216321097
20
38.5757523685
11
284.9937925751
21
39.3059469617
0
LINE
5
23E
100
AcDbEntity
8
0
100
AcDbLine
62
2
6
CONTINUOUS
10
284.9937925751
20
39.3059469617
11
280.8707396693
21
39.3059469617
0
LINE
5
23F
100
AcDbEntity
8
0
100
AcDbLine
62
2
6
CONTINUOUS
10
280.8707396693
20
39.3059469617
11
280.5979381234
21
38.5757523685
0
LINE
5
240
100
AcDbEntity
8
0
100
AcDbLine
62
2
6
CONTINUOUS
10
280.5979381234
20
38.5757523685
11
284.7216321097
21
38.5757523685
0
LINE
5
241
100
AcDbEntity
8
0
100
AcDbLine
62
2
6
CONTINUOUS
10
282.7550508520
20
38.5757523685
11
282.4757184884
21
37.8267658435
0
LINE
5
242
100
AcDbEntity
8
0
100
AcDbLine
62
2
6
CONTINUOUS
10
285.1698715812
20
37.8267658435
11
285.4455165329
21
38.5680431598
0
LINE
5
243
100
AcDbEntity
8
0
100
AcDbLine
62
2
6
CONTINUOUS
10
285.4455165329
20
38.5680431598
11
284.7187587088
21
38.5680431598
0
LINE
5
244
100
AcDbEntity
8
0
100
AcDbLine
62
2
6
CONTINUOUS
10
282.7290531644
20
36.3539809601
11
280.9966382512
21
36.3539809601
0
LINE
5
245
100
AcDbEntity
8
0
100
AcDbLine
62
2
6
CONTINUOUS
10
280.9966382512
20
36.3539809601
11
280.7222520771
21
35.6149705665
0
LINE
5
246
100
AcDbEntity
8
0
100
AcDbLine
62
2
6
CONTINUOUS
10
280.7222520771
20
35.6149705665
11
282.4546546978
21
35.6149705665
0
LINE
5
247
100
AcDbEntity
8
0
100
AcDbLine
62
2
6
CONTINUOUS
10
281.6574915907
20
35.6149705665
11
281.3818095622
21
34.8765810738
0
LINE
5
248
100
AcDbEntity
8
0
100
AcDbLine
62
2
6
CONTINUOUS
10
284.0770098529
20
34.8765810738
11
284.3508323989
21
35.6151325679
0
LINE
5
249
100
AcDbEntity
8
0
100
AcDbLine
62
2
6
CONTINUOUS
10
284.3508323989
20
35.6151325679
11
282.4547148497
21
35.6151325679
0
LINE
5
24A
100
AcDbEntity
8
0
100
AcDbLine
62
2
6
CONTINUOUS
10
282.4546546978
20
35.6149705665
11
282.7290531644
21
36.3539809601
0
LINE
5
24B
100
AcDbEntity
8
0
100
AcDbLine
62
2
6
CONTINUOUS
10
281.9308040035
20
36.3528743683
11
284.6259988305
21
36.3528743683
0
LINE
5
24C
100
AcDbEntity
8
0
100
AcDbLine
62
2
6
CONTINUOUS
10
283.2771508723
20
37.8278724352
11
281.5447359592
21
37.8278724352
0
LINE
5
24D
100
AcDbEntity
8
0
100
AcDbLine
62
2
6
CONTINUOUS
10
281.5447359592
20
37.8278724352
11
281.2703497851
21
37.0888620416
0
LINE
5
24E
100
AcDbEntity
8
0
100
AcDbLine
62
2
6
CONTINUOUS
10
281.2703497851
20
37.0888620416
11
283.0027524057
21
37.0888620416
0
LINE
5
24F
100
AcDbEntity
8
0
100
AcDbLine
62
2
6
CONTINUOUS
10
282.2055892987
20
37.0888620416
11
281.9308040035
21
36.3528743683
0
LINE
5
250
100
AcDbEntity
8
0
100
AcDbLine
62
2
6
CONTINUOUS
10
284.6259988305
20
36.3528743683
11
284.8989301068
21
37.0890240430
0
LINE
5
251
100
AcDbEntity
8
0
100
AcDbLine
62
2
6
CONTINUOUS
10
284.8989301068
20
37.0890240430
11
283.0028125577
21
37.0890240430
0
LINE
5
252
100
AcDbEntity
8
0
100
AcDbLine
62
2
6
CONTINUOUS
10
283.0027524057
20
37.0888620416
11
283.2771508723
21
37.8278724352
0
LINE
5
253
100
AcDbEntity
8
0
100
AcDbLine
62
2
6
CONTINUOUS
10
282.4757184884
20
37.8267658435
11
285.1698715812
21
37.8267658435
0
LINE
5
254
100
AcDbEntity
8
0
100
AcDbLine
62
2
6
CONTINUOUS
10
281.3818095622
20
34.8765810738
11
284.0770098529
21
34.8765810738
0
LWPOLYLINE
5
255
100
AcDbEntity
8
0
100
AcDbPolyline
62
2
6
CONTINUOUS
90
24
70
0
10
304.5580941592
20
36.0611522057
10
304.5580941592
20
36.0433252032
10
304.5580941592
20
36.0054785723
10
304.5580941592
20
35.9521882281
10
304.5580941592
20
35.8880300856
10
303.9556697278
20
35.8014626894
10
303.9556697278
20
35.8894376400
10
303.9556697278
20
35.9616477694
10
303.9556697278
20
36.0159186195
10
303.9556697278
20
36.0500757322
10
303.9556697278
20
36.0619433552
10
303.9591338749
20
36.0619433552
10
303.9849430928
20
36.0619433552
10
304.0316958564
20
36.0619433552
10
304.0943149424
20
36.0619433552
10
304.1677231277
20
36.0619433552
10
304.2468431891
20
36.0619433552
10
304.3265979034
20
36.0619433552
10
304.4019100474
20
36.0619433552
10
304.4677023979
20
36.0619433552
10
304.5188977317
20
36.0619433552
10
304.5504188257
20
36.0619433552
10
304.5572149005
20
36.0619433552
10
304.5580941592
20
36.0611522057
0
HATCH
5
256
100
AcDbEntity
8
0
100
AcDbHatch
62
2
6
CONTINUOUS
10
0.0
20
0.0
30
0.0
210
0.0
220
0.0
230
1.0
2
SOLID
70
1
71
1
91
1
92
1
93
23
72
1
10
304.5580941592
20
36.0611522057
11
304.5580941592
21
36.0433252032
72
1
10
304.5580941592
20
36.0433252032
11
304.5580941592
21
36.0054785723
72
1
10
304.5580941592
20
36.0054785723
11
304.5580941592
21
35.9521882281
72
1
10
304.5580941592
20
35.9521882281
11
304.5580941592
21
35.8880300856
72
1
10
304.5580941592
20
35.8880300856
11
303.9556697278
21
35.8014626894
72
1
10
303.9556697278
20
35.8014626894
11
303.9556697278
21
35.8894376400
72
1
10
303.9556697278
20
35.8894376400
11
303.9556697278
21
35.9616477694
72
1
10
303.9556697278
20
35.9616477694
11
303.9556697278
21
36.0159186195
72
1
10
303.9556697278
20
36.0159186195
11
303.9556697278
21
36.0500757322
72
1
10
303.9556697278
20
36.0500757322
11
303.9556697278
21
36.0619433552
72
1
10
303.9556697278
20
36.0619433552
11
303.9591338749
21
36.0619433552
72
1
10
303.9591338749
20
36.0619433552
11
303.9849430928
21
36.0619433552
72
1
10
303.9849430928
20
36.0619433552
11
304.0316958564
21
36.0619433552
72
1
10
304.0316958564
20
36.0619433552
11
304.0943149424
21
36.0619433552
72
1
10
304.0943149424
20
36.0619433552
11
304.1677231277
21
36.0619433552
72
1
10
304.1677231277
20
36.0619433552
11
304.2468431891
21
36.0619433552
72
1
10
304.2468431891
20
36.0619433552
11
304.3265979034
21
36.0619433552
72
1
10
304.3265979034
20
36.0619433552
11
304.4019100474
21
36.0619433552
72
1
10
304.4019100474
20
36.0619433552
11
304.4677023979
21
36.0619433552
72
1
10
304.4677023979
20
36.0619433552
11
304.5188977317
21
36.0619433552
72
1
10
304.5188977317
20
36.0619433552
11
304.5504188257
21
36.0619433552
72
1
10
304.5504188257
20
36.0619433552
11
304.5572149005
21
36.0619433552
72
1
10
304.5572149005
20
36.0619433552
11
304.5580941592
21
36.0611522057
97
1
330
255
75
0
76
1
98
1
10
0.0
20
0.0
0
LWPOLYLINE
5
257
100
AcDbEntity
8
0
100
AcDbPolyline
62
2
6
CONTINUOUS
90
6
70
0
10
298.0714388380
20
36.3492057733
10
297.8691373293
20
35.8065861242
10
296.5650808114
20
35.8065861242
10
295.9588241341
20
33.3979124947
10
295.9588241341
20
36.3492057733
10
298.0714388380
20
36.3492057733
0
HATCH
5
258
100
AcDbEntity
8
0
100
AcDbHatch
62
2
6
CONTINUOUS
10
0.0
20
0.0
30
0.0
210
0.0
220
0.0
230
1.0
2
SOLID
70
1
71
1
91
1
92
1
93
5
72
1
10
298.0714388380
20
36.3492057733
11
297.8691373293
21
35.8065861242
72
1
10
297.8691373293
20
35.8065861242
11
296.5650808114
21
35.8065861242
72
1
10
296.5650808114
20
35.8065861242
11
295.9588241341
21
33.3979124947
72
1
10
295.9588241341
20
33.3979124947
11
295.9588241341
21
36.3492057733
72
1
10
295.9588241341
20
36.3492057733
11
298.0714388380
21
36.3492057733
97
1
330
257
75
0
76
1
98
1
10
0.0
20
0.0
0
LWPOLYLINE
5
259
100
AcDbEntity
8
0
100
AcDbPolyline
62
2
6
CONTINUOUS
90
8
70
0
10
304.5580941592
20
35.8175800598
10
304.5580941592
20
35.7454140660
10
304.5580941592
20
35.6761080190
10
303.9556697278
20
35.5869161569
10
303.9556697278
20
35.6998973757
10
303.9556697278
20
35.8014626894
10
304.5580941592
20
35.8880300856
10
304.5580941592
20
35.8175800598
0
HATCH
5
25A
100
AcDbEntity
8
0
100
AcDbHatch
62
2
6
CONTINUOUS
10
0.0
20
0.0
30
0.0
210
0.0
220
0.0
230
1.0
2
SOLID
70
1
71
1
91
1
92
1
93
7
72
1
10
304.5580941592
20
35.8175800598
11
304.5580941592
21
35.7454140660
72
1
10
304.5580941592
20
35.7454140660
11
304.5580941592
21
35.6761080190
72
1
10
304.5580941592
20
35.6761080190
11
303.9556697278
21
35.5869161569
72
1
10
303.9556697278
20
35.5869161569
11
303.9556697278
21
35.6998973757
72
1
10
303.9556697278
20
35.6998973757
11
303.9556697278
21
35.8014626894
72
1
10
303.9556697278
20
35.8014626894
11
304.5580941592
21
35.8880300856
72
1
10
304.5580941592
20
35.8880300856
11
304.5580941592
21
35.8175800598
97
1
330
259
75
0
76
1
98
1
10
0.0
20
0.0
0
LWPOLYLINE
5
25B
100
AcDbEntity
8
0
100
AcDbPolyline
62
2
6
CONTINUOUS
90
9
70
0
10
286.1350579060
20
35.7836447042
10
286.1344102138
20
36.3487167048
10
288.7105155975
20
36.3487167048
10
288.5001716755
20
35.7836447042
10
287.7283710409
20
35.7836447042
10
287.7283710409
20
33.3953215516
10
287.1025211257
20
33.3953215516
10
287.1025211257
20
35.7836447042
10
286.1350579060
20
35.7836447042
0
HATCH
5
25C
100
AcDbEntity
8
0
100
AcDbHatch
62
2
6
CONTINUOUS
10
0.0
20
0.0
30
0.0
210
0.0
220
0.0
230
1.0
2
SOLID
70
1
71
1
91
1
92
1
93
8
72
1
10
286.1350579060
20
35.7836447042
11
286.1344102138
21
36.3487167048
72
1
10
286.1344102138
20
36.3487167048
11
288.7105155975
21
36.3487167048
72
1
10
288.7105155975
20
36.3487167048
11
288.5001716755
21
35.7836447042
72
1
10
288.5001716755
20
35.7836447042
11
287.7283710409
21
35.7836447042
72
1
10
287.7283710409
20
35.7836447042
11
287.7283710409
21
33.3953215516
72
1
10
287.7283710409
20
33.3953215516
11
287.1025211257
21
33.3953215516
72
1
10
287.1025211257
20
33.3953215516
11
287.1025211257
21
35.7836447042
72
1
10
287.1025211257
20
35.7836447042
11
286.1350579060
21
35.7836447042
97
1
330
25B
75
0
76
1
98
1
10
0.0
20
0.0
0
SOLID
5
25D
100
AcDbEntity
8
0
100
AcDbTrace
62
2
6
CONTINUOUS
10
311.8001415865
20
35.7529864551
11
311.8001415865
21
36.2878332749
12
312.4336560163
22
35.7529864551
13
312.4336560163
23
36.2878332749
0
LWPOLYLINE
5
25E
100
AcDbEntity
8
0
100
AcDbPolyline
62
2
6
CONTINUOUS
90
6
70
0
10
304.5580941592
20
35.6142378340
10
304.5580941592
20
35.5643794261
10
303.9556697278
20
35.4646934912
10
303.9556697278
20
35.5869161569
10
304.5580941592
20
35.6761080190
10
304.5580941592
20
35.6142378340
0
HATCH
5
25F
100
AcDbEntity
8
0
100
AcDbHatch
62
2
6
CONTINUOUS
10
0.0
20
0.0
30
0.0
210
0.0
220
0.0
230
1.0
2
SOLID
70
1
71
1
91
1
92
1
93
5
72
1
10
304.5580941592
20
35.6142378340
11
304.5580941592
21
35.5643794261
72
1
10
304.5580941592
20
35.5643794261
11
303.9556697278
21
35.4646934912
72
1
10
303.9556697278
20
35.4646934912
11
303.9556697278
21
35.5869161569
72
1
10
303.9556697278
20
35.5869161569
11
304.5580941592
21
35.6761080190
72
1
10
304.5580941592
20
35.6761080190
11
304.5580941592
21
35.6142378340
97
1
330
25E
75
0
76
1
98
1
10
0.0
20
0.0
0
LWPOLYLINE
5
260
100
AcDbEntity
8
0
100
AcDbPolyline
62
2
6
CONTINUOUS
90
10
70
0
10
291.4655345698
20
35.5582625348
10
291.5085694687
20
35.5589979892
10
291.5321074582
20
35.5588401465
10
291.5781447516
20
35.5575863680
10
291.6661925680
20
35.5513865538
10
291.7491151116
20
35.5403825747
10
291.2199343679
20
35.5242266609
10
291.2992776397
20
35.5410444047
10
291.3811930582
20
35.5524578469
10
291.4655345698
20
35.5582625348
0
HATCH
5
261
100
AcDbEntity
8
0
100
AcDbHatch
62
2
6
CONTINUOUS
10
0.0
20
0.0
30
0.0
210
0.0
220
0.0
230
1.0
2
SOLID
70
1
71
1
91
1
92
1
93
9
72
1
10
291.4655345698
20
35.5582625348
11
291.5085694687
21
35.5589979892
72
1
10
291.5085694687
20
35.5589979892
11
291.5321074582
21
35.5588401465
72
1
10
291.5321074582
20
35.5588401465
11
291.5781447516
21
35.5575863680
72
1
10
291.5781447516
20
35.5575863680
11
291.6661925680
21
35.5513865538
72
1
10
291.6661925680
20
35.5513865538
11
291.7491151116
21
35.5403825747
72
1
10
291.7491151116
20
35.5403825747
11
291.2199343679
21
35.5242266609
72
1
10
291.2199343679
20
35.5242266609
11
291.2992776397
21
35.5410444047
72
1
10
291.2992776397
20
35.5410444047
11
291.3811930582
21
35.5524578469
72
1
10
291.3811930582
20
35.5524578469
11
291.4655345698
21
35.5582625348
97
1
330
260
75
0
76
1
98
1
10
0.0
20
0.0
0
LWPOLYLINE
5
262
100
AcDbEntity
8
0
100
AcDbPolyline
62
2
6
CONTINUOUS
90
10
70
0
10
302.7861588965
20
35.5581542527
10
302.8291937954
20
35.5588897221
10
302.8527282658
20
35.5587329215
10
302.8987589868
20
35.5574785168
10
302.9867954210
20
35.5512811600
10
303.0697087433
20
35.5402827185
10
302.5405586946
20
35.5241210575
10
302.6199019663
20
35.5409397877
10
302.7018173849
20
35.5523488974
10
302.7861588965
20
35.5581542527
0
HATCH
5
263
100
AcDbEntity
8
0
100
AcDbHatch
62
2
6
CONTINUOUS
10
0.0
20
0.0
30
0.0
210
0.0
220
0.0
230
1.0
2
SOLID
70
1
71
1
91
1
92
1
93
9
72
1
10
302.7861588965
20
35.5581542527
11
302.8291937954
21
35.5588897221
72
1
10
302.8291937954
20
35.5588897221
11
302.8527282658
21
35.5587329215
72
1
10
302.8527282658
20
35.5587329215
11
302.8987589868
21
35.5574785168
72
1
10
302.8987589868
20
35.5574785168
11
302.9867954210
21
35.5512811600
72
1
10
302.9867954210
20
35.5512811600
11
303.0697087433
21
35.5402827185
72
1
10
303.0697087433
20
35.5402827185
11
302.5405586946
21
35.5241210575
72
1
10
302.5405586946
20
35.5241210575
11
302.6199019663
21
35.5409397877
72
1
10
302.6199019663
20
35.5409397877
11
302.7018173849
21
35.5523488974
72
1
10
302.7018173849
20
35.5523488974
11
302.7861588965
21
35.5581542527
97
1
330
262
75
0
76
1
98
1
10
0.0
20
0.0
0
LWPOLYLINE
5
264
100
AcDbEntity
8
0
100
AcDbPolyline
62
2
6
CONTINUOUS
90
10
70
0
10
313.7930356203
20
35.5581542527
10
313.8360565219
20
35.5588897221
10
313.8595981873
20
35.5587329215
10
313.9056432557
20
35.5574785168
10
313.9937079155
20
35.5512811600
10
314.0766482692
20
35.5402827185
10
313.5475038038
20
35.5241210575
10
313.6268271093
20
35.5409397877
10
313.7087197896
20
35.5523488974
10
313.7930356203
20
35.5581542527
0
HATCH
5
265
100
AcDbEntity
8
0
100
AcDbHatch
62
2
6
CONTINUOUS
10
0.0
20
0.0
30
0.0
210
0.0
220
0.0
230
1.0
2
SOLID
70
1
71
1
91
1
92
1
93
9
72
1
10
313.7930356203
20
35.5581542527
11
313.8360565219
21
35.5588897221
72
1
10
313.8360565219
20
35.5588897221
11
313.8595981873
21
35.5587329215
72
1
10
313.8595981873
20
35.5587329215
11
313.9056432557
21
35.5574785168
72
1
10
313.9056432557
20
35.5574785168
11
313.9937079155
21
35.5512811600
72
1
10
313.9937079155
20
35.5512811600
11
314.0766482692
21
35.5402827185
72
1
10
314.0766482692
20
35.5402827185
11
313.5475038038
21
35.5241210575
72
1
10
313.5475038038
20
35.5241210575
11
313.6268271093
21
35.5409397877
72
1
10
313.6268271093
20
35.5409397877
11
313.7087197896
21
35.5523488974
72
1
10
313.7087197896
20
35.5523488974
11
313.7930356203
21
35.5581542527
97
1
330
264
75
0
76
1
98
1
10
0.0
20
0.0
0
LWPOLYLINE
5
266
100
AcDbEntity
8
0
100
AcDbPolyline
62
2
6
CONTINUOUS
90
11
70
0
10
300.4069736310
20
35.5588897221
10
300.5012765582
20
35.5555234530
10
300.5908513777
20
35.5456103739
10
300.6757314542
20
35.5294295677
10
300.7559501526
20
35.5072600276
10
299.9478291203
20
35.4553984033
10
300.0897941147
20
35.5117278165
10
300.1651402459
20
35.5320333041
10
300.2432110726
20
35.5468078591
10
300.3238682994
20
35.5558328915
10
300.4069736310
20
35.5588897221
0
HATCH
5
267
100
AcDbEntity
8
0
100
AcDbHatch
62
2
6
CONTINUOUS
10
0.0
20
0.0
30
0.0
210
0.0
220
0.0
230
1.0
2
SOLID
70
1
71
1
91
1
92
1
93
10
72
1
10
300.4069736310
20
35.5588897221
11
300.5012765582
21
35.5555234530
72
1
10
300.5012765582
20
35.5555234530
11
300.5908513777
21
35.5456103739
72
1
10
300.5908513777
20
35.5456103739
11
300.6757314542
21
35.5294295677
72
1
10
300.6757314542
20
35.5294295677
11
300.7559501526
21
35.5072600276
72
1
10
300.7559501526
20
35.5072600276
11
299.9478291203
21
35.4553984033
72
1
10
299.9478291203
20
35.4553984033
11
300.0897941147
21
35.5117278165
72
1
10
300.0897941147
20
35.5117278165
11
300.1651402459
21
35.5320333041
72
1
10
300.1651402459
20
35.5320333041
11
300.2432110726
21
35.5468078591
72
1
10
300.2432110726
20
35.5468078591
11
300.3238682994
21
35.5558328915
72
1
10
300.3238682994
20
35.5558328915
11
300.4069736310
21
35.5588897221
97
1
330
266
75
0
76
1
98
1
10
0.0
20
0.0
0
LWPOLYLINE
5
268
100
AcDbEntity
8
0
100
AcDbPolyline
62
2
6
CONTINUOUS
90
50
70
0
10
293.5105810747
20
35.5551414413
10
293.6109827348
20
35.5589979892
10
293.7107795586
20
35.5552018182
10
293.8076311732
20
35.5440086183
10
293.9012811545
20
35.5257098789
10
293.9914730783
20
35.5005973582
10
294.0779505203
20
35.4689628147
10
294.1604570565
20
35.4310980067
10
294.2387362626
20
35.3872946926
10
294.3125317145
20
35.3378446308
10
294.3815869881
20
35.2830395797
10
294.4456456590
20
35.2231712977
10
294.5044513032
20
35.1585315431
10
294.5577474964
20
35.0894120744
10
294.6052778146
20
35.0161046499
10
294.6467858335
20
34.9389010281
10
294.6820151290
20
34.8580929672
10
294.7107092769
20
34.7739722257
10
294.7326118529
20
34.6868305620
10
294.7474664330
20
34.5969597344
10
294.1405638935
20
34.6163136958
10
294.1270861266
20
34.6610049148
10
294.1104781372
20
34.7040903708
10
294.0908360134
20
34.7453937857
10
294.0682558434
20
34.7847388817
10
294.0428337153
20
34.8219493808
10
294.0146657170
20
34.8568490049
10
293.9838479368
20
34.8892614762
10
293.9504764628
20
34.9190105166
10
293.9146473829
20
34.9459198482
10
293.8764567853
20
34.9698131930
10
293.8360007581
20
34.9905142730
10
293.7933753894
20
35.0078468103
10
293.7486767672
20
35.0216345268
10
293.7020009797
20
35.0317011447
10
293.6534441150
20
35.0378703860
10
293.6031022611
20
35.0399656291
10
292.6100546231
20
35.0101713049
10
292.6579342706
20
35.0840377801
10
292.7116176606
20
35.1537478776
10
292.7708453554
20
35.2189965613
10
292.8353579170
20
35.2794787953
10
292.9048959076
20
35.3348895435
10
292.9791998893
20
35.3849237699
10
293.0580104244
20
35.4292764386
10
293.1410680749
20
35.4676425134
10
293.2281134030
20
35.4997169584
10
293.3188869709
20
35.5251947375
10
293.4131293407
20
35.5437708149
10
293.5105810747
20
35.5551414413
0
HATCH
5
269
100
AcDbEntity
8
0
100
AcDbHatch
62
2
6
CONTINUOUS
10
0.0
20
0.0
30
0.0
210
0.0
220
0.0
230
1.0
2
SOLID
70
1
71
1
91
1
92
1
93
49
72
1
10
293.5105810747
20
35.5551414413
11
293.6109827348
21
35.5589979892
72
1
10
293.6109827348
20
35.5589979892
11
293.7107795586
21
35.5552018182
72
1
10
293.7107795586
20
35.5552018182
11
293.8076311732
21
35.5440086183
72
1
10
293.8076311732
20
35.5440086183
11
293.9012811545
21
35.5257098789
72
1
10
293.9012811545
20
35.5257098789
11
293.9914730783
21
35.5005973582
72
1
10
293.9914730783
20
35.5005973582
11
294.0779505203
21
35.4689628147
72
1
10
294.0779505203
20
35.4689628147
11
294.1604570565
21
35.4310980067
72
1
10
294.1604570565
20
35.4310980067
11
294.2387362626
21
35.3872946926
72
1
10
294.2387362626
20
35.3872946926
11
294.3125317145
21
35.3378446308
72
1
10
294.3125317145
20
35.3378446308
11
294.3815869881
21
35.2830395797
72
1
10
294.3815869881
20
35.2830395797
11
294.4456456590
21
35.2231712977
72
1
10
294.4456456590
20
35.2231712977
11
294.5044513032
21
35.1585315431
72
1
10
294.5044513032
20
35.1585315431
11
294.5577474964
21
35.0894120744
72
1
10
294.5577474964
20
35.0894120744
11
294.6052778146
21
35.0161046499
72
1
10
294.6052778146
20
35.0161046499
11
294.6467858335
21
34.9389010281
72
1
10
294.6467858335
20
34.9389010281
11
294.6820151290
21
34.8580929672
72
1
10
294.6820151290
20
34.8580929672
11
294.7107092769
21
34.7739722257
72
1
10
294.7107092769
20
34.7739722257
11
294.7326118529
21
34.6868305620
72
1
10
294.7326118529
20
34.6868305620
11
294.7474664330
21
34.5969597344
72
1
10
294.7474664330
20
34.5969597344
11
294.1405638935
21
34.6163136958
72
1
10
294.1405638935
20
34.6163136958
11
294.1270861266
21
34.6610049148
72
1
10
294.1270861266
20
34.6610049148
11
294.1104781372
21
34.7040903708
72
1
10
294.1104781372
20
34.7040903708
11
294.0908360134
21
34.7453937857
72
1
10
294.0908360134
20
34.7453937857
11
294.0682558434
21
34.7847388817
72
1
10
294.0682558434
20
34.7847388817
11
294.0428337153
21
34.8219493808
72
1
10
294.0428337153
20
34.8219493808
11
294.0146657170
21
34.8568490049
72
1
10
294.0146657170
20
34.8568490049
11
293.9838479368
21
34.8892614762
72
1
10
293.9838479368
20
34.8892614762
11
293.9504764628
21
34.9190105166
72
1
10
293.9504764628
20
34.9190105166
11
293.9146473829
21
34.9459198482
72
1
10
293.9146473829
20
34.9459198482
11
293.8764567853
21
34.9698131930
72
1
10
293.8764567853
20
34.9698131930
11
293.8360007581
21
34.9905142730
72
1
10
293.8360007581
20
34.9905142730
11
293.7933753894
21
35.0078468103
72
1
10
293.7933753894
20
35.0078468103
11
293.7486767672
21
35.0216345268
72
1
10
293.7486767672
20
35.0216345268
11
293.7020009797
21
35.0317011447
72
1
10
293.7020009797
20
35.0317011447
11
293.6534441150
21
35.0378703860
72
1
10
293.6534441150
20
35.0378703860
11
293.6031022611
21
35.0399656291
72
1
10
293.6031022611
20
35.0399656291
11
292.6100546231
21
35.0101713049
72
1
10
292.6100546231
20
35.0101713049
11
292.6579342706
21
35.0840377801
72
1
10
292.6579342706
20
35.0840377801
11
292.7116176606
21
35.1537478776
72
1
10
292.7116176606
20
35.1537478776
11
292.7708453554
21
35.2189965613
72
1
10
292.7708453554
20
35.2189965613
11
292.8353579170
21
35.2794787953
72
1
10
292.8353579170
20
35.2794787953
11
292.9048959076
21
35.3348895435
72
1
10
292.9048959076
20
35.3348895435
11
292.9791998893
21
35.3849237699
72
1
10
292.9791998893
20
35.3849237699
11
293.0580104244
21
35.4292764386
72
1
10
293.0580104244
20
35.4292764386
11
293.1410680749
21
35.4676425134
72
1
10
293.1410680749
20
35.4676425134
11
293.2281134030
21
35.4997169584
72
1
10
293.2281134030
20
35.4997169584
11
293.3188869709
21
35.5251947375
72
1
10
293.3188869709
20
35.5251947375
11
293.4131293407
21
35.5437708149
72
1
10
293.4131293407
20
35.5437708149
11
293.5105810747
21
35.5551414413
97
1
330
268
75
0
76
1
98
1
10
0.0
20
0.0
0
LWPOLYLINE
5
26A
100
AcDbEntity
8
0
100
AcDbPolyline
62
2
6
CONTINUOUS
90
50
70
0
10
307.9428357408
20
35.5550326423
10
308.0432066819
20
35.5588897221
10
308.1430109798
20
35.5550943061
10
308.2398684962
20
35.5439021800
10
308.3335229380
20
35.5256050166
10
308.4237180119
20
35.5004943994
10
308.5101974248
20
35.4688619123
10
308.5927048837
20
35.4309991389
10
308.6709840953
20
35.3871976629
10
308.7447787665
20
35.3377490679
10
308.8138326041
20
35.2829449377
10
308.8778893151
20
35.2230768558
10
308.9366926062
20
35.1584364061
10
308.9899861843
20
35.0893151721
10
309.0375137564
20
35.0160047376
10
309.0790190291
20
34.9387966862
10
309.1142457095
20
34.8579826016
10
309.1429375042
20
34.7738540675
10
309.1648381203
20
34.6867026676
10
309.1796912646
20
34.5968199855
10
308.5726482508
20
34.6161713782
10
308.5591833029
20
34.6608651413
10
308.5425900324
20
34.7039520277
10
308.5229640035
20
34.7452558904
10
308.5004007799
20
34.7846005823
10
308.4749959258
20
34.8218099567
10
308.4468450050
20
34.8567078666
10
308.4160435816
20
34.8891181649
10
308.3826872196
20
34.9188647049
10
308.3468714828
20
34.9457713394
10
308.3086919354
20
34.9696619217
10
308.2682441412
20
34.9903603047
10
308.2256236642
20
35.0076903415
10
308.1809260685
20
35.0214758852
10
308.1342469179
20
35.0315407888
10
308.0856817765
20
35.0377089054
10
308.0353262082
20
35.0398050952
10
307.0424065129
20
35.0100713926
10
307.0902895090
20
35.0839408778
10
307.1439753303
20
35.1536527405
10
307.2032041898
20
35.2189021194
10
307.2677163001
20
35.2793841532
10
307.3372518739
20
35.3347939806
10
307.4115511240
20
35.3848267402
10
307.4903542632
20
35.4291775708
10
307.5734015042
20
35.4675416110
10
307.6604330597
20
35.4996139996
10
307.7511891425
20
35.5250898752
10
307.8454099653
20
35.5436643765
10
307.9428357408
20
35.5550326423
0
HATCH
5
26B
100
AcDbEntity
8
0
100
AcDbHatch
62
2
6
CONTINUOUS
10
0.0
20
0.0
30
0.0
210
0.0
220
0.0
230
1.0
2
SOLID
70
1
71
1
91
1
92
1
93
49
72
1
10
307.9428357408
20
35.5550326423
11
308.0432066819
21
35.5588897221
72
1
10
308.0432066819
20
35.5588897221
11
308.1430109798
21
35.5550943061
72
1
10
308.1430109798
20
35.5550943061
11
308.2398684962
21
35.5439021800
72
1
10
308.2398684962
20
35.5439021800
11
308.3335229380
21
35.5256050166
72
1
10
308.3335229380
20
35.5256050166
11
308.4237180119
21
35.5004943994
72
1
10
308.4237180119
20
35.5004943994
11
308.5101974248
21
35.4688619123
72
1
10
308.5101974248
20
35.4688619123
11
308.5927048837
21
35.4309991389
72
1
10
308.5927048837
20
35.4309991389
11
308.6709840953
21
35.3871976629
72
1
10
308.6709840953
20
35.3871976629
11
308.7447787665
21
35.3377490679
72
1
10
308.7447787665
20
35.3377490679
11
308.8138326041
21
35.2829449377
72
1
10
308.8138326041
20
35.2829449377
11
308.8778893151
21
35.2230768558
72
1
10
308.8778893151
20
35.2230768558
11
308.9366926062
21
35.1584364061
72
1
10
308.9366926062
20
35.1584364061
11
308.9899861843
21
35.0893151721
72
1
10
308.9899861843
20
35.0893151721
11
309.0375137564
21
35.0160047376
72
1
10
309.0375137564
20
35.0160047376
11
309.0790190291
21
34.9387966862
72
1
10
309.0790190291
20
34.9387966862
11
309.1142457095
21
34.8579826016
72
1
10
309.1142457095
20
34.8579826016
11
309.1429375042
21
34.7738540675
72
1
10
309.1429375042
20
34.7738540675
11
309.1648381203
21
34.6867026676
72
1
10
309.1648381203
20
34.6867026676
11
309.1796912646
21
34.5968199855
72
1
10
309.1796912646
20
34.5968199855
11
308.5726482508
21
34.6161713782
72
1
10
308.5726482508
20
34.6161713782
11
308.5591833029
21
34.6608651413
72
1
10
308.5591833029
20
34.6608651413
11
308.5425900324
21
34.7039520277
72
1
10
308.5425900324
20
34.7039520277
11
308.5229640035
21
34.7452558904
72
1
10
308.5229640035
20
34.7452558904
11
308.5004007799
21
34.7846005823
72
1
10
308.5004007799
20
34.7846005823
11
308.4749959258
21
34.8218099567
72
1
10
308.4749959258
20
34.8218099567
11
308.4468450050
21
34.8567078666
72
1
10
308.4468450050
20
34.8567078666
11
308.4160435816
21
34.8891181649
72
1
10
308.4160435816
20
34.8891181649
11
308.3826872196
21
34.9188647049
72
1
10
308.3826872196
20
34.9188647049
11
308.3468714828
21
34.9457713394
72
1
10
308.3468714828
20
34.9457713394
11
308.3086919354
21
34.9696619217
72
1
10
308.3086919354
20
34.9696619217
11
308.2682441412
21
34.9903603047
72
1
10
308.2682441412
20
34.9903603047
11
308.2256236642
21
35.0076903415
72
1
10
308.2256236642
20
35.0076903415
11
308.1809260685
21
35.0214758852
72
1
10
308.1809260685
20
35.0214758852
11
308.1342469179
21
35.0315407888
72
1
10
308.1342469179
20
35.0315407888
11
308.0856817765
21
35.0377089054
72
1
10
308.0856817765
20
35.0377089054
11
308.0353262082
21
35.0398050952
72
1
10
308.0353262082
20
35.0398050952
11
307.0424065129
21
35.0100713926
72
1
10
307.0424065129
20
35.0100713926
11
307.0902895090
21
35.0839408778
72
1
10
307.0902895090
20
35.0839408778
11
307.1439753303
21
35.1536527405
72
1
10
307.1439753303
20
35.1536527405
11
307.2032041898
21
35.2189021194
72
1
10
307.2032041898
20
35.2189021194
11
307.2677163001
21
35.2793841532
72
1
10
307.2677163001
20
35.2793841532
11
307.3372518739
21
35.3347939806
72
1
10
307.3372518739
20
35.3347939806
11
307.4115511240
21
35.3848267402
72
1
10
307.4115511240
20
35.3848267402
11
307.4903542632
21
35.4291775708
72
1
10
307.4903542632
20
35.4291775708
11
307.5734015042
21
35.4675416110
72
1
10
307.5734015042
20
35.4675416110
11
307.6604330597
21
35.4996139996
72
1
10
307.6604330597
20
35.4996139996
11
307.7511891425
21
35.5250898752
72
1
10
307.7511891425
20
35.5250898752
11
307.8454099653
21
35.5436643765
72
1
10
307.8454099653
20
35.5436643765
11
307.9428357408
21
35.5550326423
97
1
330
26A
75
0
76
1
98
1
10
0.0
20
0.0
0
LWPOLYLINE
5
26C
100
AcDbEntity
8
0
100
AcDbPolyline
62
2
6
CONTINUOUS
90
9
70
0
10
306.7543174087
20
35.5584579460
10
306.7543174087
20
35.5546716072
10
306.7543174087
20
35.5437858832
10
306.7543174087
20
35.5265107126
10
306.4243284627
20
35.4988950511
10
306.4963661046
20
35.5274886649
10
306.5751292750
20
35.5472581402
10
306.6609892757
20
35.5577367946
10
306.7543174087
20
35.5584579460
0
HATCH
5
26D
100
AcDbEntity
8
0
100
AcDbHatch
62
2
6
CONTINUOUS
10
0.0
20
0.0
30
0.0
210
0.0
220
0.0
230
1.0
2
SOLID
70
1
71
1
91
1
92
1
93
8
72
1
10
306.7543174087
20
35.5584579460
11
306.7543174087
21
35.5546716072
72
1
10
306.7543174087
20
35.5546716072
11
306.7543174087
21
35.5437858832
72
1
10
306.7543174087
20
35.5437858832
11
306.7543174087
21
35.5265107126
72
1
10
306.7543174087
20
35.5265107126
11
306.4243284627
21
35.4988950511
72
1
10
306.4243284627
20
35.4988950511
11
306.4963661046
21
35.5274886649
72
1
10
306.4963661046
20
35.5274886649
11
306.5751292750
21
35.5472581402
72
1
10
306.5751292750
20
35.5472581402
11
306.6609892757
21
35.5577367946
72
1
10
306.6609892757
20
35.5577367946
11
306.7543174087
21
35.5584579460
97
1
330
26C
75
0
76
1
98
1
10
0.0
20
0.0
0
LWPOLYLINE
5
26E
100
AcDbEntity
8
0
100
AcDbPolyline
62
2
6
CONTINUOUS
90
27
70
0
10
310.7133918299
20
35.5588897221
10
310.8303419133
20
35.5518349422
10
310.9379596251
20
35.5309927367
10
311.0359274399
20
35.4968464754
10
311.1239278322
20
35.4498794978
10
311.2016432765
20
35.3905751431
10
311.2687562473
20
35.3194167505
10
311.3249492192
20
35.2368876593
10
311.3699046667
20
35.1434712087
10
311.4033050644
20
35.0396507382
10
310.4231715996
20
35.0101108365
10
309.4894894931
20
34.9685579103
10
309.4894894931
20
35.0898069672
10
309.4894894931
20
35.2004315872
10
310.0916440452
20
35.2183021565
10
310.1009442812
20
35.2301451617
10
310.1394323649
20
35.2768660248
10
310.1802555460
20
35.3220800067
10
310.2237813896
20
35.3651670683
10
310.2703774612
20
35.4055071707
10
310.3204113260
20
35.4424802749
10
310.3742505494
20
35.4754663417
10
310.4322626966
20
35.5038453324
10
310.4948153330
20
35.5269972078
10
310.5622760238
20
35.5443019290
10
310.6350123343
20
35.5551414413
10
310.7133918299
20
35.5588897221
0
HATCH
5
26F
100
AcDbEntity
8
0
100
AcDbHatch
62
2
6
CONTINUOUS
10
0.0
20
0.0
30
0.0
210
0.0
220
0.0
230
1.0
2
SOLID
70
1
71
1
91
1
92
1
93
26
72
1
10
310.7133918299
20
35.5588897221
11
310.8303419133
21
35.5518349422
72
1
10
310.8303419133
20
35.5518349422
11
310.9379596251
21
35.5309927367
72
1
10
310.9379596251
20
35.5309927367
11
311.0359274399
21
35.4968464754
72
1
10
311.0359274399
20
35.4968464754
11
311.1239278322
21
35.4498794978
72
1
10
311.1239278322
20
35.4498794978
11
311.2016432765
21
35.3905751431
72
1
10
311.2016432765
20
35.3905751431
11
311.2687562473
21
35.3194167505
72
1
10
311.2687562473
20
35.3194167505
11
311.3249492192
21
35.2368876593
72
1
10
311.3249492192
20
35.2368876593
11
311.3699046667
21
35.1434712087
72
1
10
311.3699046667
20
35.1434712087
11
311.4033050644
21
35.0396507382
72
1
10
311.4033050644
20
35.0396507382
11
310.4231715996
21
35.0101108365
72
1
10
310.4231715996
20
35.0101108365
11
309.4894894931
21
34.9685579103
72
1
10
309.4894894931
20
34.9685579103
11
309.4894894931
21
35.0898069672
72
1
10
309.4894894931
20
35.0898069672
11
309.4894894931
21
35.2004315872
72
1
10
309.4894894931
20
35.2004315872
11
310.0916440452
21
35.2183021565
72
1
10
310.0916440452
20
35.2183021565
11
310.1009442812
21
35.2301451617
72
1
10
310.1009442812
20
35.2301451617
11
310.1394323649
21
35.2768660248
72
1
10
310.1394323649
20
35.2768660248
11
310.1802555460
21
35.3220800067
72
1
10
310.1802555460
20
35.3220800067
11
310.2237813896
21
35.3651670683
72
1
10
310.2237813896
20
35.3651670683
11
310.2703774612
21
35.4055071707
72
1
10
310.2703774612
20
35.4055071707
11
310.3204113260
21
35.4424802749
72
1
10
310.3204113260
20
35.4424802749
11
310.3742505494
21
35.4754663417
72
1
10
310.3742505494
20
35.4754663417
11
310.4322626966
21
35.5038453324
72
1
10
310.4322626966
20
35.5038453324
11
310.4948153330
21
35.5269972078
72
1
10
310.4948153330
20
35.5269972078
11
310.5622760238
21
35.5443019290
72
1
10
310.5622760238
20
35.5443019290
11
310.6350123343
21
35.5551414413
72
1
10
310.6350123343
20
35.5551414413
11
310.7133918299
21
35.5588897221
97
1
330
26E
75
0
76
1
98
1
10
0.0
20
0.0
0
LWPOLYLINE
5
270
100
AcDbEntity
8
0
100
AcDbPolyline
62
2
6
CONTINUOUS
90
6
70
0
10
315.6972896093
20
35.5454796100
10
315.7538183753
20
35.5469071147
10
315.7868779998
20
35.5464551000
10
315.8535676602
20
35.5428725040
10
315.5876063827
20
35.5341347180
10
315.6972896093
20
35.5454796100
0
HATCH
5
271
100
AcDbEntity
8
0
100
AcDbHatch
62
2
6
CONTINUOUS
10
0.0
20
0.0
30
0.0
210
0.0
220
0.0
230
1.0
2
SOLID
70
1
71
1
91
1
92
1
93
5
72
1
10
315.6972896093
20
35.5454796100
11
315.7538183753
21
35.5469071147
72
1
10
315.7538183753
20
35.5469071147
11
315.7868779998
21
35.5464551000
72
1
10
315.7868779998
20
35.5464551000
11
315.8535676602
21
35.5428725040
72
1
10
315.8535676602
20
35.5428725040
11
315.5876063827
21
35.5341347180
72
1
10
315.5876063827
20
35.5341347180
11
315.6972896093
21
35.5454796100
97
1
330
270
75
0
76
1
98
1
10
0.0
20
0.0
0
LWPOLYLINE
5
272
100
AcDbEntity
8
0
100
AcDbPolyline
62
2
6
CONTINUOUS
90
8
70
0
10
315.9207818858
20
35.5357929768
10
315.9882374968
20
35.5253059077
10
316.0556513132
20
35.5115006861
10
315.3857167951
20
35.4781867564
10
315.4833697641
20
35.5116369712
10
315.5876063827
20
35.5341347180
10
315.8535676602
20
35.5428725040
10
315.9207818858
20
35.5357929768
0
HATCH
5
273
100
AcDbEntity
8
0
100
AcDbHatch
62
2
6
CONTINUOUS
10
0.0
20
0.0
30
0.0
210
0.0
220
0.0
230
1.0
2
SOLID
70
1
71
1
91
1
92
1
93
7
72
1
10
315.9207818858
20
35.5357929768
11
315.9882374968
21
35.5253059077
72
1
10
315.9882374968
20
35.5253059077
11
316.0556513132
21
35.5115006861
72
1
10
316.0556513132
20
35.5115006861
11
315.3857167951
21
35.4781867564
72
1
10
315.3857167951
20
35.4781867564
11
315.4833697641
21
35.5116369712
72
1
10
315.4833697641
20
35.5116369712
11
315.5876063827
21
35.5341347180
72
1
10
315.5876063827
20
35.5341347180
11
315.8535676602
21
35.5428725040
72
1
10
315.8535676602
20
35.5428725040
11
315.9207818858
21
35.5357929768
97
1
330
272
75
0
76
1
98
1
10
0.0
20
0.0
0
LWPOLYLINE
5
274
100
AcDbEntity
8
0
100
AcDbPolyline
62
2
6
CONTINUOUS
90
8
70
0
10
291.8272048880
20
35.5247170441
10
291.9007544026
20
35.5045325757
10
291.9700561611
20
35.4799717829
10
290.9987979711
20
35.4433921442
10
291.1433092968
20
35.5022090678
10
291.2199343679
20
35.5242266609
10
291.7491151116
20
35.5403825747
10
291.8272048880
20
35.5247170441
0
HATCH
5
275
100
AcDbEntity
8
0
100
AcDbHatch
62
2
6
CONTINUOUS
10
0.0
20
0.0
30
0.0
210
0.0
220
0.0
230
1.0
2
SOLID
70
1
71
1
91
1
92
1
93
7
72
1
10
291.8272048880
20
35.5247170441
11
291.9007544026
21
35.5045325757
72
1
10
291.9007544026
20
35.5045325757
11
291.9700561611
21
35.4799717829
72
1
10
291.9700561611
20
35.4799717829
11
290.9987979711
21
35.4433921442
72
1
10
290.9987979711
20
35.4433921442
11
291.1433092968
21
35.5022090678
72
1
10
291.1433092968
20
35.5022090678
11
291.2199343679
21
35.5242266609
72
1
10
291.2199343679
20
35.5242266609
11
291.7491151116
21
35.5403825747
72
1
10
291.7491151116
20
35.5403825747
11
291.8272048880
21
35.5247170441
97
1
330
274
75
0
76
1
98
1
10
0.0
20
0.0
0
LWPOLYLINE
5
276
100
AcDbEntity
8
0
100
AcDbPolyline
62
2
6
CONTINUOUS
90
8
70
0
10
303.1477912316
20
35.5246213260
10
303.2213351642
20
35.5044425832
10
303.2906328191
20
35.4798846238
10
302.3194222978
20
35.4432940856
10
302.4639336234
20
35.5021055077
10
302.5405586946
20
35.5241210575
10
303.0697087433
20
35.5402827185
10
303.1477912316
20
35.5246213260
0
HATCH
5
277
100
AcDbEntity
8
0
100
AcDbHatch
62
2
6
CONTINUOUS
10
0.0
20
0.0
30
0.0
210
0.0
220
0.0
230
1.0
2
SOLID
70
1
71
1
91
1
92
1
93
7
72
1
10
303.1477912316
20
35.5246213260
11
303.2213351642
21
35.5044425832
72
1
10
303.2213351642
20
35.5044425832
11
303.2906328191
21
35.4798846238
72
1
10
303.2906328191
20
35.4798846238
11
302.3194222978
21
35.4432940856
72
1
10
302.3194222978
20
35.4432940856
11
302.4639336234
21
35.5021055077
72
1
10
302.4639336234
20
35.5021055077
11
302.5405586946
21
35.5241210575
72
1
10
302.5405586946
20
35.5241210575
11
303.0697087433
21
35.5402827185
72
1
10
303.0697087433
20
35.5402827185
11
303.1477912316
21
35.5246213260
97
1
330
276
75
0
76
1
98
1
10
0.0
20
0.0
0
LWPOLYLINE
5
278
100
AcDbEntity
8
0
100
AcDbPolyline
62
2
6
CONTINUOUS
90
8
70
0
10
314.1547559125
20
35.5246213260
10
314.2283224412
20
35.5044425832
10
314.2976394509
20
35.4798846238
10
313.3264123789
20
35.4432940856
10
313.4708960973
20
35.5021055077
10
313.5475038038
20
35.5241210575
10
314.0766482692
20
35.5402827185
10
314.1547559125
20
35.5246213260
0
HATCH
5
279
100
AcDbEntity
8
0
100
AcDbHatch
62
2
6
CONTINUOUS
10
0.0
20
0.0
30
0.0
210
0.0
220
0.0
230
1.0
2
SOLID
70
1
71
1
91
1
92
1
93
7
72
1
10
314.1547559125
20
35.5246213260
11
314.2283224412
21
35.5044425832
72
1
10
314.2283224412
20
35.5044425832
11
314.2976394509
21
35.4798846238
72
1
10
314.2976394509
20
35.4798846238
11
313.3264123789
21
35.4432940856
72
1
10
313.3264123789
20
35.4432940856
11
313.4708960973
21
35.5021055077
72
1
10
313.4708960973
20
35.5021055077
11
313.5475038038
21
35.5241210575
72
1
10
313.5475038038
20
35.5241210575
11
314.0766482692
21
35.5402827185
72
1
10
314.0766482692
20
35.5402827185
11
314.1547559125
21
35.5246213260
97
1
330
278
75
0
76
1
98
1
10
0.0
20
0.0
0
LWPOLYLINE
5
27A
100
AcDbEntity
8
0
100
AcDbPolyline
62
2
6
CONTINUOUS
90
20
70
0
10
310.0916440452
20
35.5172724767
10
310.0916440452
20
35.5043898360
10
310.0916440452
20
35.4810532492
10
309.4894894931
20
35.4461915895
10
309.4894894931
20
35.4919512259
10
309.4894894931
20
35.5159028075
10
309.4903683579
20
35.5190026381
10
309.4971613881
20
35.5190026381
10
309.5286683610
20
35.5190026381
10
309.5798407599
20
35.5190026381
10
309.6456036362
20
35.5190026381
10
309.7208820413
20
35.5190026381
10
309.8006010264
20
35.5190026381
10
309.8796856429
20
35.5190026381
10
309.9530609422
20
35.5190026381
10
310.0156519755
20
35.5190026381
10
310.0623837944
20
35.5190026381
10
310.0782165769
20
35.5190026381
10
310.0881814500
20
35.5190026381
10
310.0916440452
20
35.5172724767
0
HATCH
5
27B
100
AcDbEntity
8
0
100
AcDbHatch
62
2
6
CONTINUOUS
10
0.0
20
0.0
30
0.0
210
0.0
220
0.0
230
1.0
2
SOLID
70
1
71
1
91
1
92
1
93
19
72
1
10
310.0916440452
20
35.5172724767
11
310.0916440452
21
35.5043898360
72
1
10
310.0916440452
20
35.5043898360
11
310.0916440452
21
35.4810532492
72
1
10
310.0916440452
20
35.4810532492
11
309.4894894931
21
35.4461915895
72
1
10
309.4894894931
20
35.4461915895
11
309.4894894931
21
35.4919512259
72
1
10
309.4894894931
20
35.4919512259
11
309.4894894931
21
35.5159028075
72
1
10
309.4894894931
20
35.5159028075
11
309.4903683579
21
35.5190026381
72
1
10
309.4903683579
20
35.5190026381
11
309.4971613881
21
35.5190026381
72
1
10
309.4971613881
20
35.5190026381
11
309.5286683610
21
35.5190026381
72
1
10
309.5286683610
20
35.5190026381
11
309.5798407599
21
35.5190026381
72
1
10
309.5798407599
20
35.5190026381
11
309.6456036362
21
35.5190026381
72
1
10
309.6456036362
20
35.5190026381
11
309.7208820413
21
35.5190026381
72
1
10
309.7208820413
20
35.5190026381
11
309.8006010264
21
35.5190026381
72
1
10
309.8006010264
20
35.5190026381
11
309.8796856429
21
35.5190026381
72
1
10
309.8796856429
20
35.5190026381
11
309.9530609422
21
35.5190026381
72
1
10
309.9530609422
20
35.5190026381
11
310.0156519755
21
35.5190026381
72
1
10
310.0156519755
20
35.5190026381
11
310.0623837944
21
35.5190026381
72
1
10
310.0623837944
20
35.5190026381
11
310.0782165769
21
35.5190026381
72
1
10
310.0782165769
20
35.5190026381
11
310.0881814500
21
35.5190026381
72
1
10
310.0881814500
20
35.5190026381
11
310.0916440452
21
35.5172724767
97
1
330
27A
75
0
76
1
98
1
10
0.0
20
0.0
0
LWPOLYLINE
5
27C
100
AcDbEntity
8
0
100
AcDbPolyline
62
2
6
CONTINUOUS
90
28
70
0
10
306.0771904047
20
35.5185695698
10
306.0771904047
20
35.5086082298
10
306.0771904047
20
35.4812942613
10
306.0771904047
20
35.4404839788
10
306.0771904047
20
35.3900334722
10
305.4750358526
20
35.3335704373
10
305.4750358526
20
35.4109193066
10
305.4750358526
20
35.4425665566
10
305.4750358526
20
35.4691303114
10
305.4750358526
20
35.4903115417
10
305.4750358526
20
35.5058112185
10
305.4750358526
20
35.5153303126
10
305.4750358526
20
35.5185695698
10
305.4786551136
20
35.5185695698
10
305.4890604890
20
35.5185695698
10
305.5055733674
20
35.5185695698
10
305.5275151374
20
35.5185695698
10
305.5849709060
20
35.5185695698
10
305.6559989035
20
35.5185695698
10
305.7351702384
20
35.5185695698
10
305.8170560189
20
35.5185695698
10
305.8962273537
20
35.5185695698
10
305.9672553512
20
35.5185695698
10
306.0247111199
20
35.5185695698
10
306.0466528898
20
35.5185695698
10
306.0631657682
20
35.5185695698
10
306.0735711437
20
35.5185695698
10
306.0771904047
20
35.5185695698
0
HATCH
5
27D
100
AcDbEntity
8
0
100
AcDbHatch
62
2
6
CONTINUOUS
10
0.0
20
0.0
30
0.0
210
0.0
220
0.0
230
1.0
2
SOLID
70
1
71
1
91
1
92
1
93
27
72
1
10
306.0771904047
20
35.5185695698
11
306.0771904047
21
35.5086082298
72
1
10
306.0771904047
20
35.5086082298
11
306.0771904047
21
35.4812942613
72
1
10
306.0771904047
20
35.4812942613
11
306.0771904047
21
35.4404839788
72
1
10
306.0771904047
20
35.4404839788
11
306.0771904047
21
35.3900334722
72
1
10
306.0771904047
20
35.3900334722
11
305.4750358526
21
35.3335704373
72
1
10
305.4750358526
20
35.3335704373
11
305.4750358526
21
35.4109193066
72
1
10
305.4750358526
20
35.4109193066
11
305.4750358526
21
35.4425665566
72
1
10
305.4750358526
20
35.4425665566
11
305.4750358526
21
35.4691303114
72
1
10
305.4750358526
20
35.4691303114
11
305.4750358526
21
35.4903115417
72
1
10
305.4750358526
20
35.4903115417
11
305.4750358526
21
35.5058112185
72
1
10
305.4750358526
20
35.5058112185
11
305.4750358526
21
35.5153303126
72
1
10
305.4750358526
20
35.5153303126
11
305.4750358526
21
35.5185695698
72
1
10
305.4750358526
20
35.5185695698
11
305.4786551136
21
35.5185695698
72
1
10
305.4786551136
20
35.5185695698
11
305.4890604890
21
35.5185695698
72
1
10
305.4890604890
20
35.5185695698
11
305.5055733674
21
35.5185695698
72
1
10
305.5055733674
20
35.5185695698
11
305.5275151374
21
35.5185695698
72
1
10
305.5275151374
20
35.5185695698
11
305.5849709060
21
35.5185695698
72
1
10
305.5849709060
20
35.5185695698
11
305.6559989035
21
35.5185695698
72
1
10
305.6559989035
20
35.5185695698
11
305.7351702384
21
35.5185695698
72
1
10
305.7351702384
20
35.5185695698
11
305.8170560189
21
35.5185695698
72
1
10
305.8170560189
20
35.5185695698
11
305.8962273537
21
35.5185695698
72
1
10
305.8962273537
20
35.5185695698
11
305.9672553512
21
35.5185695698
72
1
10
305.9672553512
20
35.5185695698
11
306.0247111199
21
35.5185695698
72
1
10
306.0247111199
20
35.5185695698
11
306.0466528898
21
35.5185695698
72
1
10
306.0466528898
20
35.5185695698
11
306.0631657682
21
35.5185695698
72
1
10
306.0631657682
20
35.5185695698
11
306.0735711437
21
35.5185695698
72
1
10
306.0735711437
20
35.5185695698
11
306.0771904047
21
35.5185695698
97
1
330
27C
75
0
76
1
98
1
10
0.0
20
0.0
0
LWPOLYLINE
5
27E
100
AcDbEntity
8
0
100
AcDbPolyline
62
2
6
CONTINUOUS
90
28
70
0
10
290.4029248500
20
35.5138877513
10
290.3937205255
20
35.4893802324
10
290.3761356096
20
35.4425584745
10
290.3510296504
20
35.3757111176
10
290.3192621956
20
35.2911268014
10
290.2816927929
20
35.1910941660
10
289.6095419842
20
35.0189676253
10
289.6648299696
20
35.1913956323
10
289.6896657469
20
35.2688515850
10
289.7119920552
20
35.3384811944
10
289.7313309002
20
35.3987937286
10
289.7472042880
20
35.4482984554
10
289.7591342243
20
35.4855046428
10
289.7666427152
20
35.5089215587
10
289.7692517663
20
35.5170575641
10
289.7729024516
20
35.5170575641
10
289.8001014499
20
35.5170575641
10
289.8493717667
20
35.5170575641
10
289.9153627791
20
35.5170575641
10
289.9927238646
20
35.5170575641
10
290.0761044006
20
35.5170575641
10
290.1601537644
20
35.5170575641
10
290.2395213334
20
35.5170575641
10
290.3088564850
20
35.5170575641
10
290.3628085965
20
35.5170575641
10
290.3960270454
20
35.5170575641
10
290.4031890767
20
35.5170575641
10
290.4029248500
20
35.5138877513
0
HATCH
5
27F
100
AcDbEntity
8
0
100
AcDbHatch
62
2
6
CONTINUOUS
10
0.0
20
0.0
30
0.0
210
0.0
220
0.0
230
1.0
2
SOLID
70
1
71
1
91
1
92
1
93
27
72
1
10
290.4029248500
20
35.5138877513
11
290.3937205255
21
35.4893802324
72
1
10
290.3937205255
20
35.4893802324
11
290.3761356096
21
35.4425584745
72
1
10
290.3761356096
20
35.4425584745
11
290.3510296504
21
35.3757111176
72
1
10
290.3510296504
20
35.3757111176
11
290.3192621956
21
35.2911268014
72
1
10
290.3192621956
20
35.2911268014
11
290.2816927929
21
35.1910941660
72
1
10
290.2816927929
20
35.1910941660
11
289.6095419842
21
35.0189676253
72
1
10
289.6095419842
20
35.0189676253
11
289.6648299696
21
35.1913956323
72
1
10
289.6648299696
20
35.1913956323
11
289.6896657469
21
35.2688515850
72
1
10
289.6896657469
20
35.2688515850
11
289.7119920552
21
35.3384811944
72
1
10
289.7119920552
20
35.3384811944
11
289.7313309002
21
35.3987937286
72
1
10
289.7313309002
20
35.3987937286
11
289.7472042880
21
35.4482984554
72
1
10
289.7472042880
20
35.4482984554
11
289.7591342243
21
35.4855046428
72
1
10
289.7591342243
20
35.4855046428
11
289.7666427152
21
35.5089215587
72
1
10
289.7666427152
20
35.5089215587
11
289.7692517663
21
35.5170575641
72
1
10
289.7692517663
20
35.5170575641
11
289.7729024516
21
35.5170575641
72
1
10
289.7729024516
20
35.5170575641
11
289.8001014499
21
35.5170575641
72
1
10
289.8001014499
20
35.5170575641
11
289.8493717667
21
35.5170575641
72
1
10
289.8493717667
20
35.5170575641
11
289.9153627791
21
35.5170575641
72
1
10
289.9153627791
20
35.5170575641
11
289.9927238646
21
35.5170575641
72
1
10
289.9927238646
20
35.5170575641
11
290.0761044006
21
35.5170575641
72
1
10
290.0761044006
20
35.5170575641
11
290.1601537644
21
35.5170575641
72
1
10
290.1601537644
20
35.5170575641
11
290.2395213334
21
35.5170575641
72
1
10
290.2395213334
20
35.5170575641
11
290.3088564850
21
35.5170575641
72
1
10
290.3088564850
20
35.5170575641
11
290.3628085965
21
35.5170575641
72
1
10
290.3628085965
20
35.5170575641
11
290.3960270454
21
35.5170575641
72
1
10
290.3960270454
20
35.5170575641
11
290.4031890767
21
35.5170575641
72
1
10
290.4031890767
20
35.5170575641
11
290.4029248500
21
35.5138877513
97
1
330
27E
75
0
76
1
98
1
10
0.0
20
0.0
0
LWPOLYLINE
5
280
100
AcDbEntity
8
0
100
AcDbPolyline
62
2
6
CONTINUOUS
90
19
70
0
10
288.8410199860
20
35.5149922407
10
288.8463729377
20
35.4990216781
10
288.8565997831
20
35.4685098250
10
288.2341171616
20
35.4136089540
10
288.2122456116
20
35.4695857026
10
288.1984800451
20
35.5048164777
10
288.1936967846
20
35.5170575641
10
288.1974151326
20
35.5170575641
10
288.2251182444
20
35.5170575641
10
288.2753017501
20
35.5170575641
10
288.3425158573
20
35.5170575641
10
288.4213107735
20
35.5170575641
10
288.5062367063
20
35.5170575641
10
288.5918438631
20
35.5170575641
10
288.6726824515
20
35.5170575641
10
288.7433026790
20
35.5170575641
10
288.7982547531
20
35.5170575641
10
288.8320888814
20
35.5170575641
10
288.8410199860
20
35.5149922407
0
HATCH
5
281
100
AcDbEntity
8
0
100
AcDbHatch
62
2
6
CONTINUOUS
10
0.0
20
0.0
30
0.0
210
0.0
220
0.0
230
1.0
2
SOLID
70
1
71
1
91
1
92
1
93
18
72
1
10
288.8410199860
20
35.5149922407
11
288.8463729377
21
35.4990216781
72
1
10
288.8463729377
20
35.4990216781
11
288.8565997831
21
35.4685098250
72
1
10
288.8565997831
20
35.4685098250
11
288.2341171616
21
35.4136089540
72
1
10
288.2341171616
20
35.4136089540
11
288.2122456116
21
35.4695857026
72
1
10
288.2122456116
20
35.4695857026
11
288.1984800451
21
35.5048164777
72
1
10
288.1984800451
20
35.5048164777
11
288.1936967846
21
35.5170575641
72
1
10
288.1936967846
20
35.5170575641
11
288.1974151326
21
35.5170575641
72
1
10
288.1974151326
20
35.5170575641
11
288.2251182444
21
35.5170575641
72
1
10
288.2251182444
20
35.5170575641
11
288.2753017501
21
35.5170575641
72
1
10
288.2753017501
20
35.5170575641
11
288.3425158573
21
35.5170575641
72
1
10
288.3425158573
20
35.5170575641
11
288.4213107735
21
35.5170575641
72
1
10
288.4213107735
20
35.5170575641
11
288.5062367063
21
35.5170575641
72
1
10
288.5062367063
20
35.5170575641
11
288.5918438631
21
35.5170575641
72
1
10
288.5918438631
20
35.5170575641
11
288.6726824515
21
35.5170575641
72
1
10
288.6726824515
20
35.5170575641
11
288.7433026790
21
35.5170575641
72
1
10
288.7433026790
20
35.5170575641
11
288.7982547531
21
35.5170575641
72
1
10
288.7982547531
20
35.5170575641
11
288.8320888814
21
35.5170575641
72
1
10
288.8320888814
20
35.5170575641
11
288.8410199860
21
35.5149922407
97
1
330
280
75
0
76
1
98
1
10
0.0
20
0.0
0
LWPOLYLINE
5
282
100
AcDbEntity
8
0
100
AcDbPolyline
62
2
6
CONTINUOUS
90
23
70
0
10
306.7543174087
20
35.5035560338
10
306.7543174087
20
35.4434479057
10
306.7543174087
20
35.3691410073
10
306.7543174087
20
35.2863148466
10
306.7543174087
20
35.2006489319
10
306.7543174087
20
35.1178227712
10
306.7543174087
20
35.0435158728
10
306.7543174087
20
34.9834077447
10
305.4750358526
20
34.8806409758
10
305.4750358526
20
35.0106189727
10
305.4750358526
20
35.1310280373
10
306.0771904047
20
35.1281407147
10
306.0771904047
20
35.1008267461
10
306.0771904047
20
35.0908651811
10
306.1125458012
20
35.1681606626
10
306.1520276128
20
35.2398987811
10
306.1960071412
20
35.3056128544
10
306.2448556886
20
35.3648362003
10
306.2989445566
20
35.4171021365
10
306.3586450474
20
35.4619439809
10
306.4243284627
20
35.4988950511
10
306.7543174087
20
35.5265107126
10
306.7543174087
20
35.5035560338
0
HATCH
5
283
100
AcDbEntity
8
0
100
AcDbHatch
62
2
6
CONTINUOUS
10
0.0
20
0.0
30
0.0
210
0.0
220
0.0
230
1.0
2
SOLID
70
1
71
1
91
1
92
1
93
22
72
1
10
306.7543174087
20
35.5035560338
11
306.7543174087
21
35.4434479057
72
1
10
306.7543174087
20
35.4434479057
11
306.7543174087
21
35.3691410073
72
1
10
306.7543174087
20
35.3691410073
11
306.7543174087
21
35.2863148466
72
1
10
306.7543174087
20
35.2863148466
11
306.7543174087
21
35.2006489319
72
1
10
306.7543174087
20
35.2006489319
11
306.7543174087
21
35.1178227712
72
1
10
306.7543174087
20
35.1178227712
11
306.7543174087
21
35.0435158728
72
1
10
306.7543174087
20
35.0435158728
11
306.7543174087
21
34.9834077447
72
1
10
306.7543174087
20
34.9834077447
11
305.4750358526
21
34.8806409758
72
1
10
305.4750358526
20
34.8806409758
11
305.4750358526
21
35.0106189727
72
1
10
305.4750358526
20
35.0106189727
11
305.4750358526
21
35.1310280373
72
1
10
305.4750358526
20
35.1310280373
11
306.0771904047
21
35.1281407147
72
1
10
306.0771904047
20
35.1281407147
11
306.0771904047
21
35.1008267461
72
1
10
306.0771904047
20
35.1008267461
11
306.0771904047
21
35.0908651811
72
1
10
306.0771904047
20
35.0908651811
11
306.1125458012
21
35.1681606626
72
1
10
306.1125458012
20
35.1681606626
11
306.1520276128
21
35.2398987811
72
1
10
306.1520276128
20
35.2398987811
11
306.1960071412
21
35.3056128544
72
1
10
306.1960071412
20
35.3056128544
11
306.2448556886
21
35.3648362003
72
1
10
306.2448556886
20
35.3648362003
11
306.2989445566
21
35.4171021365
72
1
10
306.2989445566
20
35.4171021365
11
306.3586450474
21
35.4619439809
72
1
10
306.3586450474
20
35.4619439809
11
306.4243284627
21
35.4988950511
72
1
10
306.4243284627
20
35.4988950511
11
306.7543174087
21
35.5265107126
72
1
10
306.7543174087
20
35.5265107126
11
306.7543174087
21
35.5035560338
97
1
330
282
75
0
76
1
98
1
10
0.0
20
0.0
0
LWPOLYLINE
5
284
100
AcDbEntity
8
0
100
AcDbPolyline
62
2
6
CONTINUOUS
90
6
70
0
10
316.1227401550
20
35.4944667012
10
316.1892208422
20
35.4742933425
10
315.2957845171
20
35.4339844605
10
315.3857167951
20
35.4781867564
10
316.0556513132
20
35.5115006861
10
316.1227401550
20
35.4944667012
0
HATCH
5
285
100
AcDbEntity
8
0
100
AcDbHatch
62
2
6
CONTINUOUS
10
0.0
20
0.0
30
0.0
210
0.0
220
0.0
230
1.0
2
SOLID
70
1
71
1
91
1
92
1
93
5
72
1
10
316.1227401550
20
35.4944667012
11
316.1892208422
21
35.4742933425
72
1
10
316.1892208422
20
35.4742933425
11
315.2957845171
21
35.4339844605
72
1
10
315.2957845171
20
35.4339844605
11
315.3857167951
21
35.4781867564
72
1
10
315.3857167951
20
35.4781867564
11
316.0556513132
21
35.5115006861
72
1
10
316.0556513132
20
35.5115006861
11
316.1227401550
21
35.4944667012
97
1
330
284
75
0
76
1
98
1
10
0.0
20
0.0
0
LWPOLYLINE
5
286
100
AcDbEntity
8
0
100
AcDbPolyline
62
2
6
CONTINUOUS
90
22
70
0
10
305.1267097789
20
35.4854944684
10
305.1103984621
20
35.4417300494
10
303.9556697278
20
35.3354038367
10
303.9556697278
20
35.4646934912
10
304.5580941592
20
35.5643794261
10
304.5580941592
20
35.5311087102
10
304.5580941592
20
35.5190026381
10
304.5614357063
20
35.5190026381
10
304.5710522198
20
35.5190026381
10
304.6066613784
20
35.5190026381
10
304.6600241003
20
35.5190026381
10
304.7262428508
20
35.5190026381
10
304.8004200953
20
35.5190026381
10
304.8776582989
20
35.5190026381
10
304.9530599270
20
35.5190026381
10
305.0217274449
20
35.5190026381
10
305.0787633178
20
35.5190026381
10
305.1192700111
20
35.5190026381
10
305.1317944358
20
35.5190026381
10
305.1383499901
20
35.5190026381
10
305.1367526971
20
35.5124403296
10
305.1267097789
20
35.4854944684
0
HATCH
5
287
100
AcDbEntity
8
0
100
AcDbHatch
62
2
6
CONTINUOUS
10
0.0
20
0.0
30
0.0
210
0.0
220
0.0
230
1.0
2
SOLID
70
1
71
1
91
1
92
1
93
21
72
1
10
305.1267097789
20
35.4854944684
11
305.1103984621
21
35.4417300494
72
1
10
305.1103984621
20
35.4417300494
11
303.9556697278
21
35.3354038367
72
1
10
303.9556697278
20
35.3354038367
11
303.9556697278
21
35.4646934912
72
1
10
303.9556697278
20
35.4646934912
11
304.5580941592
21
35.5643794261
72
1
10
304.5580941592
20
35.5643794261
11
304.5580941592
21
35.5311087102
72
1
10
304.5580941592
20
35.5311087102
11
304.5580941592
21
35.5190026381
72
1
10
304.5580941592
20
35.5190026381
11
304.5614357063
21
35.5190026381
72
1
10
304.5614357063
20
35.5190026381
11
304.5710522198
21
35.5190026381
72
1
10
304.5710522198
20
35.5190026381
11
304.6066613784
21
35.5190026381
72
1
10
304.6066613784
20
35.5190026381
11
304.6600241003
21
35.5190026381
72
1
10
304.6600241003
20
35.5190026381
11
304.7262428508
21
35.5190026381
72
1
10
304.7262428508
20
35.5190026381
11
304.8004200953
21
35.5190026381
72
1
10
304.8004200953
20
35.5190026381
11
304.8776582989
21
35.5190026381
72
1
10
304.8776582989
20
35.5190026381
11
304.9530599270
21
35.5190026381
72
1
10
304.9530599270
20
35.5190026381
11
305.0217274449
21
35.5190026381
72
1
10
305.0217274449
20
35.5190026381
11
305.0787633178
21
35.5190026381
72
1
10
305.0787633178
20
35.5190026381
11
305.1192700111
21
35.5190026381
72
1
10
305.1192700111
20
35.5190026381
11
305.1317944358
21
35.5190026381
72
1
10
305.1317944358
20
35.5190026381
11
305.1383499901
21
35.5190026381
72
1
10
305.1383499901
20
35.5190026381
11
305.1367526971
21
35.5124403296
72
1
10
305.1367526971
20
35.5124403296
11
305.1267097789
21
35.4854944684
97
1
330
286
75
0
76
1
98
1
10
0.0
20
0.0
0
LWPOLYLINE
5
288
100
AcDbEntity
8
0
100
AcDbPolyline
62
2
6
CONTINUOUS
90
6
70
0
10
300.8315408377
20
35.4793807471
10
300.9025368745
20
35.4460707199
10
299.8184224522
20
35.3795683397
10
299.9478291203
20
35.4553984033
10
300.7559501526
20
35.5072600276
10
300.8315408377
20
35.4793807471
0
HATCH
5
289
100
AcDbEntity
8
0
100
AcDbHatch
62
2
6
CONTINUOUS
10
0.0
20
0.0
30
0.0
210
0.0
220
0.0
230
1.0
2
SOLID
70
1
71
1
91
1
92
1
93
5
72
1
10
300.8315408377
20
35.4793807471
11
300.9025368745
21
35.4460707199
72
1
10
300.9025368745
20
35.4460707199
11
299.8184224522
21
35.3795683397
72
1
10
299.8184224522
20
35.3795683397
11
299.9478291203
21
35.4553984033
72
1
10
299.9478291203
20
35.4553984033
11
300.7559501526
21
35.5072600276
72
1
10
300.7559501526
20
35.5072600276
11
300.8315408377
21
35.4793807471
97
1
330
288
75
0
76
1
98
1
10
0.0
20
0.0
0
LWPOLYLINE
5
28A
100
AcDbEntity
8
0
100
AcDbPolyline
62
2
6
CONTINUOUS
90
8
70
0
10
310.0916440452
20
35.4497970061
10
310.0916440452
20
35.4131553969
10
310.0916440452
20
35.3736627115
10
309.4894894931
20
35.2981950466
10
309.4894894931
20
35.3808606219
10
309.4894894931
20
35.4461915895
10
310.0916440452
20
35.4810532492
10
310.0916440452
20
35.4497970061
0
HATCH
5
28B
100
AcDbEntity
8
0
100
AcDbHatch
62
2
6
CONTINUOUS
10
0.0
20
0.0
30
0.0
210
0.0
220
0.0
230
1.0
2
SOLID
70
1
71
1
91
1
92
1
93
7
72
1
10
310.0916440452
20
35.4497970061
11
310.0916440452
21
35.4131553969
72
1
10
310.0916440452
20
35.4131553969
11
310.0916440452
21
35.3736627115
72
1
10
310.0916440452
20
35.3736627115
11
309.4894894931
21
35.2981950466
72
1
10
309.4894894931
20
35.2981950466
11
309.4894894931
21
35.3808606219
72
1
10
309.4894894931
20
35.3808606219
11
309.4894894931
21
35.4461915895
72
1
10
309.4894894931
20
35.4461915895
11
310.0916440452
21
35.4810532492
72
1
10
310.0916440452
20
35.4810532492
11
310.0916440452
21
35.4497970061
97
1
330
28A
75
0
76
1
98
1
10
0.0
20
0.0
0
LWPOLYLINE
5
28C
100
AcDbEntity
8
0
100
AcDbPolyline
62
2
6
CONTINUOUS
90
6
70
0
10
292.0354026691
20
35.4511772792
10
292.0970864320
20
35.4182916782
10
290.8669120929
20
35.3662292538
10
290.9987979711
20
35.4433921442
10
291.9700561611
20
35.4799717829
10
292.0354026691
20
35.4511772792
0
HATCH
5
28D
100
AcDbEntity
8
0
100
AcDbHatch
62
2
6
CONTINUOUS
10
0.0
20
0.0
30
0.0
210
0.0
220
0.0
230
1.0
2
SOLID
70
1
71
1
91
1
92
1
93
5
72
1
10
292.0354026691
20
35.4511772792
11
292.0970864320
21
35.4182916782
72
1
10
292.0970864320
20
35.4182916782
11
290.8669120929
21
35.3662292538
72
1
10
290.8669120929
20
35.3662292538
11
290.9987979711
21
35.4433921442
72
1
10
290.9987979711
20
35.4433921442
11
291.9700561611
21
35.4799717829
72
1
10
291.9700561611
20
35.4799717829
11
292.0354026691
21
35.4511772792
97
1
330
28C
75
0
76
1
98
1
10
0.0
20
0.0
0
LWPOLYLINE
5
28E
100
AcDbEntity
8
0
100
AcDbPolyline
62
2
6
CONTINUOUS
90
6
70
0
10
303.3559764744
20
35.4510930484
10
303.4176584082
20
35.4182059908
10
302.1875364195
20
35.3661332609
10
302.3194222978
20
35.4432940856
10
303.2906328191
20
35.4798846238
10
303.3559764744
20
35.4510930484
0
HATCH
5
28F
100
AcDbEntity
8
0
100
AcDbHatch
62
2
6
CONTINUOUS
10
0.0
20
0.0
30
0.0
210
0.0
220
0.0
230
1.0
2
SOLID
70
1
71
1
91
1
92
1
93
5
72
1
10
303.3559764744
20
35.4510930484
11
303.4176584082
21
35.4182059908
72
1
10
303.4176584082
20
35.4182059908
11
302.1875364195
21
35.3661332609
72
1
10
302.1875364195
20
35.3661332609
11
302.3194222978
21
35.4432940856
72
1
10
302.3194222978
20
35.4432940856
11
303.2906328191
21
35.4798846238
72
1
10
303.2906328191
20
35.4798846238
11
303.3559764744
21
35.4510930484
97
1
330
28E
75
0
76
1
98
1
10
0.0
20
0.0
0
LWPOLYLINE
5
290
100
AcDbEntity
8
0
100
AcDbPolyline
62
2
6
CONTINUOUS
90
6
70
0
10
314.3629985376
20
35.4510930484
10
314.4246912968
20
35.4182059908
10
313.1945457489
20
35.3661332609
10
313.3264123789
20
35.4432940856
10
314.2976394509
20
35.4798846238
10
314.3629985376
20
35.4510930484
0
HATCH
5
291
100
AcDbEntity
8
0
100
AcDbHatch
62
2
6
CONTINUOUS
10
0.0
20
0.0
30
0.0
210
0.0
220
0.0
230
1.0
2
SOLID
70
1
71
1
91
1
92
1
93
5
72
1
10
314.3629985376
20
35.4510930484
11
314.4246912968
21
35.4182059908
72
1
10
314.4246912968
20
35.4182059908
11
313.1945457489
21
35.3661332609
72
1
10
313.1945457489
20
35.3661332609
11
313.3264123789
21
35.4432940856
72
1
10
313.3264123789
20
35.4432940856
11
314.2976394509
21
35.4798846238
72
1
10
314.2976394509
20
35.4798846238
11
314.3629985376
21
35.4510930484
97
1
330
290
75
0
76
1
98
1
10
0.0
20
0.0
0
LWPOLYLINE
5
292
100
AcDbEntity
8
0
100
AcDbPolyline
62
2
6
CONTINUOUS
90
6
70
0
10
316.2548101950
20
35.4510699992
10
316.3192250333
20
35.4248860607
10
315.2147099714
20
35.3792304702
10
315.2957845171
20
35.4339844605
10
316.1892208422
20
35.4742933425
10
316.2548101950
20
35.4510699992
0
HATCH
5
293
100
AcDbEntity
8
0
100
AcDbHatch
62
2
6
CONTINUOUS
10
0.0
20
0.0
30
0.0
210
0.0
220
0.0
230
1.0
2
SOLID
70
1
71
1
91
1
92
1
93
5
72
1
10
316.2548101950
20
35.4510699992
11
316.3192250333
21
35.4248860607
72
1
10
316.3192250333
20
35.4248860607
11
315.2147099714
21
35.3792304702
72
1
10
315.2147099714
20
35.3792304702
11
315.2957845171
21
35.4339844605
72
1
10
315.2957845171
20
35.4339844605
11
316.1892208422
21
35.4742933425
72
1
10
316.1892208422
20
35.4742933425
11
316.2548101950
21
35.4510699992
97
1
330
292
75
0
76
1
98
1
10
0.0
20
0.0
0
LWPOLYLINE
5
294
100
AcDbEntity
8
0
100
AcDbPolyline
62
2
6
CONTINUOUS
90
17
70
0
10
288.8712006357
20
35.4249480957
10
288.8896756089
20
35.3698279048
10
288.9115248163
20
35.3046406666
10
288.9362483712
20
35.2308777956
10
288.9923189777
20
35.0635908126
10
289.0538883361
20
34.8798982711
10
289.1169573542
20
34.6917314863
10
288.5957462614
20
34.4880768693
10
288.4864980520
20
34.7676802616
10
288.4343933745
20
34.9010338849
10
288.3851367453
20
35.0270983823
10
288.3396044869
20
35.1436309458
10
288.2986729217
20
35.2483887676
10
288.2632183725
20
35.3391290397
10
288.2341171616
20
35.4136089540
10
288.8565997831
20
35.4685098250
10
288.8712006357
20
35.4249480957
0
HATCH
5
295
100
AcDbEntity
8
0
100
AcDbHatch
62
2
6
CONTINUOUS
10
0.0
20
0.0
30
0.0
210
0.0
220
0.0
230
1.0
2
SOLID
70
1
71
1
91
1
92
1
93
16
72
1
10
288.8712006357
20
35.4249480957
11
288.8896756089
21
35.3698279048
72
1
10
288.8896756089
20
35.3698279048
11
288.9115248163
21
35.3046406666
72
1
10
288.9115248163
20
35.3046406666
11
288.9362483712
21
35.2308777956
72
1
10
288.9362483712
20
35.2308777956
11
288.9923189777
21
35.0635908126
72
1
10
288.9923189777
20
35.0635908126
11
289.0538883361
21
34.8798982711
72
1
10
289.0538883361
20
34.8798982711
11
289.1169573542
21
34.6917314863
72
1
10
289.1169573542
20
34.6917314863
11
288.5957462614
21
34.4880768693
72
1
10
288.5957462614
20
34.4880768693
11
288.4864980520
21
34.7676802616
72
1
10
288.4864980520
20
34.7676802616
11
288.4343933745
21
34.9010338849
72
1
10
288.4343933745
20
34.9010338849
11
288.3851367453
21
35.0270983823
72
1
10
288.3851367453
20
35.0270983823
11
288.3396044869
21
35.1436309458
72
1
10
288.3396044869
20
35.1436309458
11
288.2986729217
21
35.2483887676
72
1
10
288.2986729217
20
35.2483887676
11
288.2632183725
21
35.3391290397
72
1
10
288.2632183725
20
35.3391290397
11
288.2341171616
21
35.4136089540
72
1
10
288.2341171616
20
35.4136089540
11
288.8565997831
21
35.4685098250
72
1
10
288.8565997831
20
35.4685098250
11
288.8712006357
21
35.4249480957
97
1
330
294
75
0
76
1
98
1
10
0.0
20
0.0
0
LWPOLYLINE
5
296
100
AcDbEntity
8
0
100
AcDbPolyline
62
2
6
CONTINUOUS
90
6
70
0
10
300.9689716278
20
35.4076089393
10
301.0308784624
20
35.3642743989
10
299.7026804736
20
35.2859863458
10
299.8184224522
20
35.3795683397
10
300.9025368745
20
35.4460707199
10
300.9689716278
20
35.4076089393
0
HATCH
5
297
100
AcDbEntity
8
0
100
AcDbHatch
62
2
6
CONTINUOUS
10
0.0
20
0.0
30
0.0
210
0.0
220
0.0
230
1.0
2
SOLID
70
1
71
1
91
1
92
1
93
5
72
1
10
300.9689716278
20
35.4076089393
11
301.0308784624
21
35.3642743989
72
1
10
301.0308784624
20
35.3642743989
11
299.7026804736
21
35.2859863458
72
1
10
299.7026804736
20
35.2859863458
11
299.8184224522
21
35.3795683397
72
1
10
299.8184224522
20
35.3795683397
11
300.9025368745
21
35.4460707199
72
1
10
300.9025368745
20
35.4460707199
11
300.9689716278
21
35.4076089393
97
1
330
296
75
0
76
1
98
1
10
0.0
20
0.0
0
LWPOLYLINE
5
298
100
AcDbEntity
8
0
100
AcDbPolyline
62
2
6
CONTINUOUS
90
6
70
0
10
316.3821821772
20
35.3958309163
10
316.4433984468
20
35.3639939554
10
315.1436301996
20
35.3141251722
10
315.2147099714
20
35.3792304702
10
316.3192250333
20
35.4248860607
10
316.3821821772
20
35.3958309163
0
HATCH
5
299
100
AcDbEntity
8
0
100
AcDbHatch
62
2
6
CONTINUOUS
10
0.0
20
0.0
30
0.0
210
0.0
220
0.0
230
1.0
2
SOLID
70
1
71
1
91
1
92
1
93
5
72
1
10
316.3821821772
20
35.3958309163
11
316.4433984468
21
35.3639939554
72
1
10
316.4433984468
20
35.3639939554
11
315.1436301996
21
35.3141251722
72
1
10
315.1436301996
20
35.3141251722
11
315.2147099714
21
35.3792304702
72
1
10
315.2147099714
20
35.3792304702
11
316.3192250333
21
35.4248860607
72
1
10
316.3192250333
20
35.4248860607
11
316.3821821772
21
35.3958309163
97
1
330
298
75
0
76
1
98
1
10
0.0
20
0.0
0
LWPOLYLINE
5
29A
100
AcDbEntity
8
0
100
AcDbPolyline
62
2
6
CONTINUOUS
90
6
70
0
10
292.1553999555
20
35.3814575933
10
292.2106357450
20
35.3408176381
10
290.7488200920
20
35.2723560169
10
290.8669120929
20
35.3662292538
10
292.0970864320
20
35.4182916782
10
292.1553999555
20
35.3814575933
0
HATCH
5
29B
100
AcDbEntity
8
0
100
AcDbHatch
62
2
6
CONTINUOUS
10
0.0
20
0.0
30
0.0
210
0.0
220
0.0
230
1.0
2
SOLID
70
1
71
1
91
1
92
1
93
5
72
1
10
292.1553999555
20
35.3814575933
11
292.2106357450
21
35.3408176381
72
1
10
292.2106357450
20
35.3408176381
11
290.7488200920
21
35.2723560169
72
1
10
290.7488200920
20
35.2723560169
11
290.8669120929
21
35.3662292538
72
1
10
290.8669120929
20
35.3662292538
11
292.0970864320
21
35.4182916782
72
1
10
292.0970864320
20
35.4182916782
11
292.1553999555
21
35.3814575933
97
1
330
29A
75
0
76
1
98
1
10
0.0
20
0.0
0
LWPOLYLINE
5
29C
100
AcDbEntity
8
0
100
AcDbPolyline
62
2
6
CONTINUOUS
90
6
70
0
10
303.4759708986
20
35.3813727851
10
303.5312062238
20
35.3407240982
10
302.0694444187
20
35.2722619730
10
302.1875364195
20
35.3661332609
10
303.4176584082
20
35.4182059908
10
303.4759708986
20
35.3813727851
0
HATCH
5
29D
100
AcDbEntity
8
0
100
AcDbHatch
62
2
6
CONTINUOUS
10
0.0
20
0.0
30
0.0
210
0.0
220
0.0
230
1.0
2
SOLID
70
1
71
1
91
1
92
1
93
5
72
1
10
303.4759708986
20
35.3813727851
11
303.5312062238
21
35.3407240982
72
1
10
303.5312062238
20
35.3407240982
11
302.0694444187
21
35.2722619730
72
1
10
302.0694444187
20
35.2722619730
11
302.1875364195
21
35.3661332609
72
1
10
302.1875364195
20
35.3661332609
11
303.4176584082
21
35.4182059908
72
1
10
303.4176584082
20
35.4182059908
11
303.4759708986
21
35.3813727851
97
1
330
29C
75
0
76
1
98
1
10
0.0
20
0.0
0
LWPOLYLINE
5
29E
100
AcDbEntity
8
0
100
AcDbPolyline
62
2
6
CONTINUOUS
90
6
70
0
10
314.4830093243
20
35.3813727851
10
314.5382442159
20
35.3407240982
10
313.0764660021
20
35.2722619730
10
313.1945457489
20
35.3661332609
10
314.4246912968
20
35.4182059908
10
314.4830093243
20
35.3813727851
0
HATCH
5
29F
100
AcDbEntity
8
0
100
AcDbHatch
62
2
6
CONTINUOUS
10
0.0
20
0.0
30
0.0
210
0.0
220
0.0
230
1.0
2
SOLID
70
1
71
1
91
1
92
1
93
5
72
1
10
314.4830093243
20
35.3813727851
11
314.5382442159
21
35.3407240982
72
1
10
314.5382442159
20
35.3407240982
11
313.0764660021
21
35.2722619730
72
1
10
313.0764660021
20
35.2722619730
11
313.1945457489
21
35.3661332609
72
1
10
313.1945457489
20
35.3661332609
11
314.4246912968
21
35.4182059908
72
1
10
314.4246912968
20
35.4182059908
11
314.4830093243
21
35.3813727851
97
1
330
29E
75
0
76
1
98
1
10
0.0
20
0.0
0
LWPOLYLINE
5
2A0
100
AcDbEntity
8
0
100
AcDbPolyline
62
2
6
CONTINUOUS
90
6
70
0
10
305.0894363979
20
35.3854873456
10
305.0654412376
20
35.3211066301
10
303.9556697278
20
35.0643213935
10
303.9556697278
20
35.3354038367
10
305.1103984621
20
35.4417300494
10
305.0894363979
20
35.3854873456
0
HATCH
5
2A1
100
AcDbEntity
8
0
100
AcDbHatch
62
2
6
CONTINUOUS
10
0.0
20
0.0
30
0.0
210
0.0
220
0.0
230
1.0
2
SOLID
70
1
71
1
91
1
92
1
93
5
72
1
10
305.0894363979
20
35.3854873456
11
305.0654412376
21
35.3211066301
72
1
10
305.0654412376
20
35.3211066301
11
303.9556697278
21
35.0643213935
72
1
10
303.9556697278
20
35.0643213935
11
303.9556697278
21
35.3354038367
72
1
10
303.9556697278
20
35.3354038367
11
305.1103984621
21
35.4417300494
72
1
10
305.1103984621
20
35.4417300494
11
305.0894363979
21
35.3854873456
97
1
330
2A0
75
0
76
1
98
1
10
0.0
20
0.0
0
LWPOLYLINE
5
2A2
100
AcDbEntity
8
0
100
AcDbPolyline
62
2
6
CONTINUOUS
90
8
70
0
10
306.0771904047
20
35.3337988310
10
306.0771904047
20
35.2756361450
10
306.0771904047
20
35.2194015038
10
305.4750358526
20
35.1310280373
10
305.4750358526
20
35.2394759365
10
305.4750358526
20
35.3335704373
10
306.0771904047
20
35.3900334722
10
306.0771904047
20
35.3337988310
0
HATCH
5
2A3
100
AcDbEntity
8
0
100
AcDbHatch
62
2
6
CONTINUOUS
10
0.0
20
0.0
30
0.0
210
0.0
220
0.0
230
1.0
2
SOLID
70
1
71
1
91
1
92
1
93
7
72
1
10
306.0771904047
20
35.3337988310
11
306.0771904047
21
35.2756361450
72
1
10
306.0771904047
20
35.2756361450
11
306.0771904047
21
35.2194015038
72
1
10
306.0771904047
20
35.2194015038
11
305.4750358526
21
35.1310280373
72
1
10
305.4750358526
20
35.1310280373
11
305.4750358526
21
35.2394759365
72
1
10
305.4750358526
20
35.2394759365
11
305.4750358526
21
35.3335704373
72
1
10
305.4750358526
20
35.3335704373
11
306.0771904047
21
35.3900334722
72
1
10
306.0771904047
20
35.3900334722
11
306.0771904047
21
35.3337988310
97
1
330
2A2
75
0
76
1
98
1
10
0.0
20
0.0
0
LWPOLYLINE
5
2A4
100
AcDbEntity
8
0
100
AcDbPolyline
62
2
6
CONTINUOUS
90
9
70
0
10
316.4821134459
20
35.3228050980
10
316.4701525711
20
35.2912192081
10
315.0836822431
20
35.2388689534
10
315.1436301996
20
35.3141251722
10
316.4433984468
20
35.3639939554
10
316.4732652600
20
35.3470602279
10
316.4879978498
20
35.3383444408
10
316.4877474096
20
35.3376830864
10
316.4821134459
20
35.3228050980
0
HATCH
5
2A5
100
AcDbEntity
8
0
100
AcDbHatch
62
2
6
CONTINUOUS
10
0.0
20
0.0
30
0.0
210
0.0
220
0.0
230
1.0
2
SOLID
70
1
71
1
91
1
92
1
93
8
72
1
10
316.4821134459
20
35.3228050980
11
316.4701525711
21
35.2912192081
72
1
10
316.4701525711
20
35.2912192081
11
315.0836822431
21
35.2388689534
72
1
10
315.0836822431
20
35.2388689534
11
315.1436301996
21
35.3141251722
72
1
10
315.1436301996
20
35.3141251722
11
316.4433984468
21
35.3639939554
72
1
10
316.4433984468
20
35.3639939554
11
316.4732652600
21
35.3470602279
72
1
10
316.4732652600
20
35.3470602279
11
316.4879978498
21
35.3383444408
72
1
10
316.4879978498
20
35.3383444408
11
316.4877474096
21
35.3376830864
72
1
10
316.4877474096
20
35.3376830864
11
316.4821134459
21
35.3228050980
97
1
330
2A4
75
0
76
1
98
1
10
0.0
20
0.0
0
LWPOLYLINE
5
2A6
100
AcDbEntity
8
0
100
AcDbPolyline
62
2
6
CONTINUOUS
90
6
70
0
10
310.0916440452
20
35.3338532398
10
310.0916440452
20
35.2962612719
10
309.4894894931
20
35.2004315872
10
309.4894894931
20
35.2981950466
10
310.0916440452
20
35.3736627115
10
310.0916440452
20
35.3338532398
0
HATCH
5
2A7
100
AcDbEntity
8
0
100
AcDbHatch
62
2
6
CONTINUOUS
10
0.0
20
0.0
30
0.0
210
0.0
220
0.0
230
1.0
2
SOLID
70
1
71
1
91
1
92
1
93
5
72
1
10
310.0916440452
20
35.3338532398
11
310.0916440452
21
35.2962612719
72
1
10
310.0916440452
20
35.2962612719
11
309.4894894931
21
35.2004315872
72
1
10
309.4894894931
20
35.2004315872
11
309.4894894931
21
35.2981950466
72
1
10
309.4894894931
20
35.2981950466
11
310.0916440452
21
35.3736627115
72
1
10
310.0916440452
20
35.3736627115
11
310.0916440452
21
35.3338532398
97
1
330
2A6
75
0
76
1
98
1
10
0.0
20
0.0
0
LWPOLYLINE
5
2A8
100
AcDbEntity
8
0
100
AcDbPolyline
62
2
6
CONTINUOUS
90
8
70
0
10
301.0882907432
20
35.3163460922
10
301.1412418351
20
35.2641030126
10
301.2338939115
20
35.1477885087
10
299.5166160359
20
35.0525614478
10
299.6017095471
20
35.1764011418
10
299.7026804736
20
35.2859863458
10
301.0308784624
20
35.3642743989
10
301.0882907432
20
35.3163460922
0
HATCH
5
2A9
100
AcDbEntity
8
0
100
AcDbHatch
62
2
6
CONTINUOUS
10
0.0
20
0.0
30
0.0
210
0.0
220
0.0
230
1.0
2
SOLID
70
1
71
1
91
1
92
1
93
7
72
1
10
301.0882907432
20
35.3163460922
11
301.1412418351
21
35.2641030126
72
1
10
301.1412418351
20
35.2641030126
11
301.2338939115
21
35.1477885087
72
1
10
301.2338939115
20
35.1477885087
11
299.5166160359
21
35.0525614478
72
1
10
299.5166160359
20
35.0525614478
11
299.6017095471
21
35.1764011418
72
1
10
299.6017095471
20
35.1764011418
11
299.7026804736
21
35.2859863458
72
1
10
299.7026804736
20
35.2859863458
11
301.0308784624
21
35.3642743989
72
1
10
301.0308784624
20
35.3642743989
11
301.0882907432
21
35.3163460922
97
1
330
2A8
75
0
76
1
98
1
10
0.0
20
0.0
0
LWPOLYLINE
5
2AA
100
AcDbEntity
8
0
100
AcDbPolyline
62
2
6
CONTINUOUS
90
7
70
0
10
292.2883585342
20
35.2730336656
10
292.2872703432
20
35.2701530323
10
290.6456903986
20
35.1634080535
10
290.7488200920
20
35.2723560169
10
292.2106357450
20
35.3408176381
10
292.2630863062
20
35.2965144262
10
292.2883585342
20
35.2730336656
0
HATCH
5
2AB
100
AcDbEntity
8
0
100
AcDbHatch
62
2
6
CONTINUOUS
10
0.0
20
0.0
30
0.0
210
0.0
220
0.0
230
1.0
2
SOLID
70
1
71
1
91
1
92
1
93
6
72
1
10
292.2883585342
20
35.2730336656
11
292.2872703432
21
35.2701530323
72
1
10
292.2872703432
20
35.2701530323
11
290.6456903986
21
35.1634080535
72
1
10
290.6456903986
20
35.1634080535
11
290.7488200920
21
35.2723560169
72
1
10
290.7488200920
20
35.2723560169
11
292.2106357450
21
35.3408176381
72
1
10
292.2106357450
20
35.3408176381
11
292.2630863062
21
35.2965144262
72
1
10
292.2630863062
20
35.2965144262
11
292.2883585342
21
35.2730336656
97
1
330
2AA
75
0
76
1
98
1
10
0.0
20
0.0
0
LWPOLYLINE
5
2AC
100
AcDbEntity
8
0
100
AcDbPolyline
62
2
6
CONTINUOUS
90
7
70
0
10
303.6089288850
20
35.2729265089
10
303.6078413148
20
35.2700443646
10
301.9663147252
20
35.1633116949
10
302.0694444187
20
35.2722619730
10
303.5312062238
20
35.3407240982
10
303.5836566618
20
35.2964129976
10
303.6089288850
20
35.2729265089
0
HATCH
5
2AD
100
AcDbEntity
8
0
100
AcDbHatch
62
2
6
CONTINUOUS
10
0.0
20
0.0
30
0.0
210
0.0
220
0.0
230
1.0
2
SOLID
70
1
71
1
91
1
92
1
93
6
72
1
10
303.6089288850
20
35.2729265089
11
303.6078413148
21
35.2700443646
72
1
10
303.6078413148
20
35.2700443646
11
301.9663147252
21
35.1633116949
72
1
10
301.9663147252
20
35.1633116949
11
302.0694444187
21
35.2722619730
72
1
10
302.0694444187
20
35.2722619730
11
303.5312062238
21
35.3407240982
72
1
10
303.5312062238
20
35.3407240982
11
303.5836566618
21
35.2964129976
72
1
10
303.5836566618
20
35.2964129976
11
303.6089288850
21
35.2729265089
97
1
330
2AC
75
0
76
1
98
1
10
0.0
20
0.0
0
LWPOLYLINE
5
2AE
100
AcDbEntity
8
0
100
AcDbPolyline
62
2
6
CONTINUOUS
90
7
70
0
10
314.6159535390
20
35.2729265089
10
314.6148650377
20
35.2700443646
10
312.9733429332
20
35.1633116949
10
313.0764660021
20
35.2722619730
10
314.5382442159
20
35.3407240982
10
314.5906875672
20
35.2964129976
10
314.6159535390
20
35.2729265089
0
HATCH
5
2AF
100
AcDbEntity
8
0
100
AcDbHatch
62
2
6
CONTINUOUS
10
0.0
20
0.0
30
0.0
210
0.0
220
0.0
230
1.0
2
SOLID
70
1
71
1
91
1
92
1
93
6
72
1
10
314.6159535390
20
35.2729265089
11
314.6148650377
21
35.2700443646
72
1
10
314.6148650377
20
35.2700443646
11
312.9733429332
21
35.1633116949
72
1
10
312.9733429332
20
35.1633116949
11
313.0764660021
21
35.2722619730
72
1
10
313.0764660021
20
35.2722619730
11
314.5382442159
21
35.3407240982
72
1
10
314.5382442159
20
35.3407240982
11
314.5906875672
21
35.2964129976
72
1
10
314.5906875672
20
35.2964129976
11
314.6159535390
21
35.2729265089
97
1
330
2AE
75
0
76
1
98
1
10
0.0
20
0.0
0
LWPOLYLINE
5
2B0
100
AcDbEntity
8
0
100
AcDbPolyline
62
2
6
CONTINUOUS
90
8
70
0
10
316.4533109363
20
35.2467443657
10
316.4330346926
20
35.1931995196
10
316.4107699912
20
35.1344036188
10
315.0017299415
20
35.0587053004
10
315.0360031432
20
35.1536622005
10
315.0836822431
20
35.2388689534
10
316.4701525711
20
35.2912192081
10
316.4533109363
20
35.2467443657
0
HATCH
5
2B1
100
AcDbEntity
8
0
100
AcDbHatch
62
2
6
CONTINUOUS
10
0.0
20
0.0
30
0.0
210
0.0
220
0.0
230
1.0
2
SOLID
70
1
71
1
91
1
92
1
93
7
72
1
10
316.4533109363
20
35.2467443657
11
316.4330346926
21
35.1931995196
72
1
10
316.4330346926
20
35.1931995196
11
316.4107699912
21
35.1344036188
72
1
10
316.4107699912
20
35.1344036188
11
315.0017299415
21
35.0587053004
72
1
10
315.0017299415
20
35.0587053004
11
315.0360031432
21
35.1536622005
72
1
10
315.0360031432
20
35.1536622005
11
315.0836822431
21
35.2388689534
72
1
10
315.0836822431
20
35.2388689534
11
316.4701525711
21
35.2912192081
72
1
10
316.4701525711
20
35.2912192081
11
316.4533109363
21
35.2467443657
97
1
330
2B0
75
0
76
1
98
1
10
0.0
20
0.0
0
LWPOLYLINE
5
2B2
100
AcDbEntity
8
0
100
AcDbPolyline
62
2
6
CONTINUOUS
90
8
70
0
10
310.0916440452
20
35.2183021565
10
309.4894894931
20
35.2004315872
10
310.0916440452
20
35.2962612719
10
310.0916440452
20
35.2634210977
10
310.0916440452
20
35.2378670071
10
310.0916440452
20
35.2221332902
10
310.0916440452
20
35.2187410374
10
310.0916440452
20
35.2183021565
0
HATCH
5
2B3
100
AcDbEntity
8
0
100
AcDbHatch
62
2
6
CONTINUOUS
10
0.0
20
0.0
30
0.0
210
0.0
220
0.0
230
1.0
2
SOLID
70
1
71
1
91
1
92
1
93
7
72
1
10
310.0916440452
20
35.2183021565
11
309.4894894931
21
35.2004315872
72
1
10
309.4894894931
20
35.2004315872
11
310.0916440452
21
35.2962612719
72
1
10
310.0916440452
20
35.2962612719
11
310.0916440452
21
35.2634210977
72
1
10
310.0916440452
20
35.2634210977
11
310.0916440452
21
35.2378670071
72
1
10
310.0916440452
20
35.2378670071
11
310.0916440452
21
35.2221332902
72
1
10
310.0916440452
20
35.2221332902
11
310.0916440452
21
35.2187410374
72
1
10
310.0916440452
20
35.2187410374
11
310.0916440452
21
35.2183021565
97
1
330
2B2
75
0
76
1
98
1
10
0.0
20
0.0
0
LWPOLYLINE
5
2B4
100
AcDbEntity
8
0
100
AcDbPolyline
62
2
6
CONTINUOUS
90
7
70
0
10
292.2644764800
20
35.2098136586
10
292.2448059742
20
35.1577423623
10
290.5586914426
20
35.0410209837
10
290.6456903986
20
35.1634080535
10
292.2872703432
20
35.2701530323
10
292.2791629050
20
35.2486912142
10
292.2644764800
20
35.2098136586
0
HATCH
5
2B5
100
AcDbEntity
8
0
100
AcDbHatch
62
2
6
CONTINUOUS
10
0.0
20
0.0
30
0.0
210
0.0
220
0.0
230
1.0
2
SOLID
70
1
71
1
91
1
92
1
93
6
72
1
10
292.2644764800
20
35.2098136586
11
292.2448059742
21
35.1577423623
72
1
10
292.2448059742
20
35.1577423623
11
290.5586914426
21
35.0410209837
72
1
10
290.5586914426
20
35.0410209837
11
290.6456903986
21
35.1634080535
72
1
10
290.6456903986
20
35.1634080535
11
292.2872703432
21
35.2701530323
72
1
10
292.2872703432
20
35.2701530323
11
292.2791629050
21
35.2486912142
72
1
10
292.2791629050
20
35.2486912142
11
292.2644764800
21
35.2098136586
97
1
330
2B4
75
0
76
1
98
1
10
0.0
20
0.0
0
LWPOLYLINE
5
2B6
100
AcDbEntity
8
0
100
AcDbPolyline
62
2
6
CONTINUOUS
90
7
70
0
10
303.5850604544
20
35.2097060035
10
303.5654011696
20
35.1576332735
10
301.8793157693
20
35.0409213661
10
301.9663147252
20
35.1633116949
10
303.6078413148
20
35.2700443646
10
303.5997385014
20
35.2485850836
10
303.5850604544
20
35.2097060035
0
HATCH
5
2B7
100
AcDbEntity
8
0
100
AcDbHatch
62
2
6
CONTINUOUS
10
0.0
20
0.0
30
0.0
210
0.0
220
0.0
230
1.0
2
SOLID
70
1
71
1
91
1
92
1
93
6
72
1
10
303.5850604544
20
35.2097060035
11
303.5654011696
21
35.1576332735
72
1
10
303.5654011696
20
35.1576332735
11
301.8793157693
21
35.0409213661
72
1
10
301.8793157693
20
35.0409213661
11
301.9663147252
21
35.1633116949
72
1
10
301.9663147252
20
35.1633116949
11
303.6078413148
21
35.2700443646
72
1
10
303.6078413148
20
35.2700443646
11
303.5997385014
21
35.2485850836
72
1
10
303.5997385014
20
35.2485850836
11
303.5850604544
21
35.2097060035
97
1
330
2B6
75
0
76
1
98
1
10
0.0
20
0.0
0
LWPOLYLINE
5
2B8
100
AcDbEntity
8
0
100
AcDbPolyline
62
2
6
CONTINUOUS
90
7
70
0
10
314.5920646731
20
35.2097060035
10
314.5723885567
20
35.1576332735
10
312.8863463371
20
35.0409213661
10
312.9733429332
20
35.1633116949
10
314.6148650377
20
35.2700443646
10
314.6067552870
20
35.2485850836
10
314.5920646731
20
35.2097060035
0
HATCH
5
2B9
100
AcDbEntity
8
0
100
AcDbHatch
62
2
6
CONTINUOUS
10
0.0
20
0.0
30
0.0
210
0.0
220
0.0
230
1.0
2
SOLID
70
1
71
1
91
1
92
1
93
6
72
1
10
314.5920646731
20
35.2097060035
11
314.5723885567
21
35.1576332735
72
1
10
314.5723885567
20
35.1576332735
11
312.8863463371
21
35.0409213661
72
1
10
312.8863463371
20
35.0409213661
11
312.9733429332
21
35.1633116949
72
1
10
312.9733429332
20
35.1633116949
11
314.6148650377
21
35.2700443646
72
1
10
314.6148650377
20
35.2700443646
11
314.6067552870
21
35.2485850836
72
1
10
314.6067552870
20
35.2485850836
11
314.5920646731
21
35.2097060035
97
1
330
2B8
75
0
76
1
98
1
10
0.0
20
0.0
0
SOLID
5
2BA
100
AcDbEntity
8
0
100
AcDbTrace
62
2
6
CONTINUOUS
10
306.0771904047
20
35.1689509971
11
306.0771904047
21
35.1281407147
12
306.0771904047
22
35.2194015038
13
305.4750358526
23
35.1310280373
0
LWPOLYLINE
5
2BB
100
AcDbEntity
8
0
100
AcDbPolyline
62
2
6
CONTINUOUS
90
21
70
0
10
315.7523884842
20
35.0833055025
10
315.7136789446
20
35.0825820076
10
315.0017299415
20
35.0587053004
10
316.4107699912
20
35.1344036188
10
316.3879629831
20
35.0741756122
10
316.3660598194
20
35.0163344486
10
316.3465066513
20
34.9646990770
10
316.3307496298
20
34.9230884463
10
316.3202349062
20
34.8953215053
10
316.3164086314
20
34.8852172030
10
316.2605079470
20
34.9168792804
10
316.2048289733
20
34.9461544579
10
316.1496062149
20
34.9729280988
10
316.0950741768
20
34.9970855663
10
316.0414673638
20
35.0185122238
10
315.9890202808
20
35.0370934345
10
315.9379674325
20
35.0527145618
10
315.8885433239
20
35.0652609690
10
315.8409824597
20
35.0746180193
10
315.7955193449
20
35.0806710760
10
315.7523884842
20
35.0833055025
0
HATCH
5
2BC
100
AcDbEntity
8
0
100
AcDbHatch
62
2
6
CONTINUOUS
10
0.0
20
0.0
30
0.0
210
0.0
220
0.0
230
1.0
2
SOLID
70
1
71
1
91
1
92
1
93
20
72
1
10
315.7523884842
20
35.0833055025
11
315.7136789446
21
35.0825820076
72
1
10
315.7136789446
20
35.0825820076
11
315.0017299415
21
35.0587053004
72
1
10
315.0017299415
20
35.0587053004
11
316.4107699912
21
35.1344036188
72
1
10
316.4107699912
20
35.1344036188
11
316.3879629831
21
35.0741756122
72
1
10
316.3879629831
20
35.0741756122
11
316.3660598194
21
35.0163344486
72
1
10
316.3660598194
20
35.0163344486
11
316.3465066513
21
34.9646990770
72
1
10
316.3465066513
20
34.9646990770
11
316.3307496298
21
34.9230884463
72
1
10
316.3307496298
20
34.9230884463
11
316.3202349062
21
34.8953215053
72
1
10
316.3202349062
20
34.8953215053
11
316.3164086314
21
34.8852172030
72
1
10
316.3164086314
20
34.8852172030
11
316.2605079470
21
34.9168792804
72
1
10
316.2605079470
20
34.9168792804
11
316.2048289733
21
34.9461544579
72
1
10
316.2048289733
20
34.9461544579
11
316.1496062149
21
34.9729280988
72
1
10
316.1496062149
20
34.9729280988
11
316.0950741768
21
34.9970855663
72
1
10
316.0950741768
20
34.9970855663
11
316.0414673638
21
35.0185122238
72
1
10
316.0414673638
20
35.0185122238
11
315.9890202808
21
35.0370934345
72
1
10
315.9890202808
20
35.0370934345
11
315.9379674325
21
35.0527145618
72
1
10
315.9379674325
20
35.0527145618
11
315.8885433239
21
35.0652609690
72
1
10
315.8885433239
20
35.0652609690
11
315.8409824597
21
35.0746180193
72
1
10
315.8409824597
20
35.0746180193
11
315.7955193449
21
35.0806710760
72
1
10
315.7955193449
20
35.0806710760
11
315.7523884842
21
35.0833055025
97
1
330
2BB
75
0
76
1
98
1
10
0.0
20
0.0
0
LWPOLYLINE
5
2BD
100
AcDbEntity
8
0
100
AcDbPolyline
62
2
6
CONTINUOUS
90
11
70
0
10
304.9714826605
20
35.0690091093
10
304.9565867885
20
35.0290424291
10
304.5630524205
20
35.0040172267
10
304.5580941592
20
35.0026940735
10
303.9556697278
20
34.7910644923
10
303.9556697278
20
35.0643213935
10
305.0654412376
20
35.3211066301
10
305.0400306325
20
35.2529281758
10
305.0148222337
20
35.1852922555
10
304.9914336927
20
35.1225391424
10
304.9714826605
20
35.0690091093
0
HATCH
5
2BE
100
AcDbEntity
8
0
100
AcDbHatch
62
2
6
CONTINUOUS
10
0.0
20
0.0
30
0.0
210
0.0
220
0.0
230
1.0
2
SOLID
70
1
71
1
91
1
92
1
93
10
72
1
10
304.9714826605
20
35.0690091093
11
304.9565867885
21
35.0290424291
72
1
10
304.9565867885
20
35.0290424291
11
304.5630524205
21
35.0040172267
72
1
10
304.5630524205
20
35.0040172267
11
304.5580941592
21
35.0026940735
72
1
10
304.5580941592
20
35.0026940735
11
303.9556697278
21
34.7910644923
72
1
10
303.9556697278
20
34.7910644923
11
303.9556697278
21
35.0643213935
72
1
10
303.9556697278
20
35.0643213935
11
305.0654412376
21
35.3211066301
72
1
10
305.0654412376
20
35.3211066301
11
305.0400306325
21
35.2529281758
72
1
10
305.0400306325
20
35.2529281758
11
305.0148222337
21
35.1852922555
72
1
10
305.0148222337
20
35.1852922555
11
304.9914336927
21
35.1225391424
72
1
10
304.9914336927
20
35.1225391424
11
304.9714826605
21
35.0690091093
97
1
330
2BD
75
0
76
1
98
1
10
0.0
20
0.0
0
LWPOLYLINE
5
2BF
100
AcDbEntity
8
0
100
AcDbPolyline
62
2
6
CONTINUOUS
90
8
70
0
10
315.6194764896
20
35.0637373201
10
315.5949167606
20
35.0524752781
10
314.9819996793
20
34.9541986397
10
315.0017299415
20
35.0587053004
10
315.7136789446
20
35.0825820076
10
315.6788764603
20
35.0789590006
10
315.6474693491
20
35.0726213329
10
315.6194764896
20
35.0637373201
0
HATCH
5
2C0
100
AcDbEntity
8
0
100
AcDbHatch
62
2
6
CONTINUOUS
10
0.0
20
0.0
30
0.0
210
0.0
220
0.0
230
1.0
2
SOLID
70
1
71
1
91
1
92
1
93
7
72
1
10
315.6194764896
20
35.0637373201
11
315.5949167606
21
35.0524752781
72
1
10
315.5949167606
20
35.0524752781
11
314.9819996793
21
34.9541986397
72
1
10
314.9819996793
20
34.9541986397
11
315.0017299415
21
35.0587053004
72
1
10
315.0017299415
20
35.0587053004
11
315.7136789446
21
35.0825820076
72
1
10
315.7136789446
20
35.0825820076
11
315.6788764603
21
35.0789590006
72
1
10
315.6788764603
20
35.0789590006
11
315.6474693491
21
35.0726213329
72
1
10
315.6474693491
20
35.0726213329
11
315.6194764896
21
35.0637373201
97
1
330
2BF
75
0
76
1
98
1
10
0.0
20
0.0
0
LWPOLYLINE
5
2C1
100
AcDbEntity
8
0
100
AcDbPolyline
62
2
6
CONTINUOUS
90
31
70
0
10
300.2895469262
20
35.0608606658
10
300.2537568580
20
35.0498418186
10
299.4485063028
20
34.9162159839
10
299.5166160359
20
35.0525614478
10
301.2338939115
20
35.1477885087
10
301.3091016105
20
35.0175628353
10
301.3671318509
20
34.8756579402
10
301.4082515516
20
34.7243057714
10
301.4327276315
20
34.5657382767
10
300.8545953323
20
34.6238653911
10
300.8475233765
20
34.6679482612
10
300.8382017051
20
34.7103137482
10
300.8266595828
20
34.7508653803
10
300.8129262744
20
34.7895058675
10
300.7970310445
20
34.8261379201
10
300.7790031578
20
34.8606642482
10
300.7588718790
20
34.8929875622
10
300.7366664727
20
34.9230105722
10
300.7124162037
20
34.9506359883
10
300.6861503366
20
34.9757665209
10
300.6578981361
20
34.9983048800
10
300.6276888669
20
35.0181537759
10
300.5955517936
20
35.0352159189
10
300.5615161810
20
35.0493940190
10
300.5256112938
20
35.0605907865
10
300.4878663966
20
35.0687089316
10
300.4483107541
20
35.0736511646
10
300.4069736310
20
35.0753201955
10
300.3661847995
20
35.0736851494
10
300.3270327357
20
35.0688368744
10
300.2895469262
20
35.0608606658
0
HATCH
5
2C2
100
AcDbEntity
8
0
100
AcDbHatch
62
2
6
CONTINUOUS
10
0.0
20
0.0
30
0.0
210
0.0
220
0.0
230
1.0
2
SOLID
70
1
71
1
91
1
92
1
93
30
72
1
10
300.2895469262
20
35.0608606658
11
300.2537568580
21
35.0498418186
72
1
10
300.2537568580
20
35.0498418186
11
299.4485063028
21
34.9162159839
72
1
10
299.4485063028
20
34.9162159839
11
299.5166160359
21
35.0525614478
72
1
10
299.5166160359
20
35.0525614478
11
301.2338939115
21
35.1477885087
72
1
10
301.2338939115
20
35.1477885087
11
301.3091016105
21
35.0175628353
72
1
10
301.3091016105
20
35.0175628353
11
301.3671318509
21
34.8756579402
72
1
10
301.3671318509
20
34.8756579402
11
301.4082515516
21
34.7243057714
72
1
10
301.4082515516
20
34.7243057714
11
301.4327276315
21
34.5657382767
72
1
10
301.4327276315
20
34.5657382767
11
300.8545953323
21
34.6238653911
72
1
10
300.8545953323
20
34.6238653911
11
300.8475233765
21
34.6679482612
72
1
10
300.8475233765
20
34.6679482612
11
300.8382017051
21
34.7103137482
72
1
10
300.8382017051
20
34.7103137482
11
300.8266595828
21
34.7508653803
72
1
10
300.8266595828
20
34.7508653803
11
300.8129262744
21
34.7895058675
72
1
10
300.8129262744
20
34.7895058675
11
300.7970310445
21
34.8261379201
72
1
10
300.7970310445
20
34.8261379201
11
300.7790031578
21
34.8606642482
72
1
10
300.7790031578
20
34.8606642482
11
300.7588718790
21
34.8929875622
72
1
10
300.7588718790
20
34.8929875622
11
300.7366664727
21
34.9230105722
72
1
10
300.7366664727
20
34.9230105722
11
300.7124162037
21
34.9506359883
72
1
10
300.7124162037
20
34.9506359883
11
300.6861503366
21
34.9757665209
72
1
10
300.6861503366
20
34.9757665209
11
300.6578981361
21
34.9983048800
72
1
10
300.6578981361
20
34.9983048800
11
300.6276888669
21
35.0181537759
72
1
10
300.6276888669
20
35.0181537759
11
300.5955517936
21
35.0352159189
72
1
10
300.5955517936
20
35.0352159189
11
300.5615161810
21
35.0493940190
72
1
10
300.5615161810
20
35.0493940190
11
300.5256112938
21
35.0605907865
72
1
10
300.5256112938
20
35.0605907865
11
300.4878663966
21
35.0687089316
72
1
10
300.4878663966
20
35.0687089316
11
300.4483107541
21
35.0736511646
72
1
10
300.4483107541
20
35.0736511646
11
300.4069736310
21
35.0753201955
72
1
10
300.4069736310
20
35.0753201955
11
300.3661847995
21
35.0736851494
72
1
10
300.3661847995
20
35.0736851494
11
300.3270327357
21
35.0688368744
72
1
10
300.3270327357
20
35.0688368744
11
300.2895469262
21
35.0608606658
97
1
330
2C1
75
0
76
1
98
1
10
0.0
20
0.0
0
LWPOLYLINE
5
2C3
100
AcDbEntity
8
0
100
AcDbPolyline
62
2
6
CONTINUOUS
90
25
70
0
10
291.5759679615
20
35.0417536775
10
291.5045752560
20
35.0399656291
10
290.4889916542
20
34.9068304277
10
290.5586914426
20
35.0410209837
10
292.2448059742
20
35.1577423623
10
292.2217462934
20
35.0966993225
10
292.1968923434
20
35.0309065360
10
292.1718390302
20
34.9645859999
10
292.1481812597
20
34.9019597112
10
292.1275139377
20
34.8472496668
10
292.1114319701
20
34.8046778638
10
292.1015302628
20
34.7784662992
10
292.0993954148
20
34.7728149803
10
292.0991192137
20
34.7720838271
10
292.0900640804
20
34.7829950590
10
292.0523260042
20
34.8252543311
10
292.0120259455
20
34.8649840328
10
291.9689853532
20
34.9017674689
10
291.9230256759
20
34.9351879441
10
291.8739683626
20
34.9648287630
10
291.8216348619
20
34.9902732303
10
291.7658466226
20
35.0111046507
10
291.7064250937
20
35.0269063290
10
291.6431917237
20
35.0372615696
10
291.5759679615
20
35.0417536775
0
HATCH
5
2C4
100
AcDbEntity
8
0
100
AcDbHatch
62
2
6
CONTINUOUS
10
0.0
20
0.0
30
0.0
210
0.0
220
0.0
230
1.0
2
SOLID
70
1
71
1
91
1
92
1
93
24
72
1
10
291.5759679615
20
35.0417536775
11
291.5045752560
21
35.0399656291
72
1
10
291.5045752560
20
35.0399656291
11
290.4889916542
21
34.9068304277
72
1
10
290.4889916542
20
34.9068304277
11
290.5586914426
21
35.0410209837
72
1
10
290.5586914426
20
35.0410209837
11
292.2448059742
21
35.1577423623
72
1
10
292.2448059742
20
35.1577423623
11
292.2217462934
21
35.0966993225
72
1
10
292.2217462934
20
35.0966993225
11
292.1968923434
21
35.0309065360
72
1
10
292.1968923434
20
35.0309065360
11
292.1718390302
21
34.9645859999
72
1
10
292.1718390302
20
34.9645859999
11
292.1481812597
21
34.9019597112
72
1
10
292.1481812597
20
34.9019597112
11
292.1275139377
21
34.8472496668
72
1
10
292.1275139377
20
34.8472496668
11
292.1114319701
21
34.8046778638
72
1
10
292.1114319701
20
34.8046778638
11
292.1015302628
21
34.7784662992
72
1
10
292.1015302628
20
34.7784662992
11
292.0993954148
21
34.7728149803
72
1
10
292.0993954148
20
34.7728149803
11
292.0991192137
21
34.7720838271
72
1
10
292.0991192137
20
34.7720838271
11
292.0900640804
21
34.7829950590
72
1
10
292.0900640804
20
34.7829950590
11
292.0523260042
21
34.8252543311
72
1
10
292.0523260042
20
34.8252543311
11
292.0120259455
21
34.8649840328
72
1
10
292.0120259455
20
34.8649840328
11
291.9689853532
21
34.9017674689
72
1
10
291.9689853532
20
34.9017674689
11
291.9230256759
21
34.9351879441
72
1
10
291.9230256759
20
34.9351879441
11
291.8739683626
21
34.9648287630
72
1
10
291.8739683626
20
34.9648287630
11
291.8216348619
21
34.9902732303
72
1
10
291.8216348619
20
34.9902732303
11
291.7658466226
21
35.0111046507
72
1
10
291.7658466226
20
35.0111046507
11
291.7064250937
21
35.0269063290
72
1
10
291.7064250937
20
35.0269063290
11
291.6431917237
21
35.0372615696
72
1
10
291.6431917237
20
35.0372615696
11
291.5759679615
21
35.0417536775
97
1
330
2C3
75
0
76
1
98
1
10
0.0
20
0.0
0
LWPOLYLINE
5
2C5
100
AcDbEntity
8
0
100
AcDbPolyline
62
2
6
CONTINUOUS
90
25
70
0
10
302.8966212015
20
35.0415933686
10
302.8252535585
20
35.0398050952
10
301.8096159809
20
34.9067261926
10
301.8793157693
20
35.0409213661
10
303.5654011696
20
35.1576332735
10
303.5423546432
20
35.0965930430
10
303.5175148712
20
35.0308002612
10
303.4924758497
20
34.9644773440
10
303.4688315748
20
34.9018504409
10
303.4481760424
20
34.8471419676
10
303.4321032488
20
34.8045706068
10
303.4222071899
20
34.7783587745
10
303.4200735598
20
34.7727064865
10
303.4197975162
20
34.7719747504
10
303.4107387863
20
34.7828835916
10
303.3729865369
20
34.8251301511
10
303.3326731580
20
34.8648492345
10
303.2896207807
20
34.9016264400
10
303.2436515361
20
34.9350398995
10
303.1945875555
20
34.9646752114
10
303.1422509700
20
34.9901142408
10
303.0864639107
20
35.0109463195
10
303.0270485087
20
35.0267458459
10
302.9638268953
20
35.0370984183
10
302.8966212015
20
35.0415933686
0
HATCH
5
2C6
100
AcDbEntity
8
0
100
AcDbHatch
62
2
6
CONTINUOUS
10
0.0
20
0.0
30
0.0
210
0.0
220
0.0
230
1.0
2
SOLID
70
1
71
1
91
1
92
1
93
24
72
1
10
302.8966212015
20
35.0415933686
11
302.8252535585
21
35.0398050952
72
1
10
302.8252535585
20
35.0398050952
11
301.8096159809
21
34.9067261926
72
1
10
301.8096159809
20
34.9067261926
11
301.8793157693
21
35.0409213661
72
1
10
301.8793157693
20
35.0409213661
11
303.5654011696
21
35.1576332735
72
1
10
303.5654011696
20
35.1576332735
11
303.5423546432
21
35.0965930430
72
1
10
303.5423546432
20
35.0965930430
11
303.5175148712
21
35.0308002612
72
1
10
303.5175148712
20
35.0308002612
11
303.4924758497
21
34.9644773440
72
1
10
303.4924758497
20
34.9644773440
11
303.4688315748
21
34.9018504409
72
1
10
303.4688315748
20
34.9018504409
11
303.4481760424
21
34.8471419676
72
1
10
303.4481760424
20
34.8471419676
11
303.4321032488
21
34.8045706068
72
1
10
303.4321032488
20
34.8045706068
11
303.4222071899
21
34.7783587745
72
1
10
303.4222071899
20
34.7783587745
11
303.4200735598
21
34.7727064865
72
1
10
303.4200735598
20
34.7727064865
11
303.4197975162
21
34.7719747504
72
1
10
303.4197975162
20
34.7719747504
11
303.4107387863
21
34.7828835916
72
1
10
303.4107387863
20
34.7828835916
11
303.3729865369
21
34.8251301511
72
1
10
303.3729865369
20
34.8251301511
11
303.3326731580
21
34.8648492345
72
1
10
303.3326731580
20
34.8648492345
11
303.2896207807
21
34.9016264400
72
1
10
303.2896207807
20
34.9016264400
11
303.2436515361
21
34.9350398995
72
1
10
303.2436515361
20
34.9350398995
11
303.1945875555
21
34.9646752114
72
1
10
303.1945875555
20
34.9646752114
11
303.1422509700
21
34.9901142408
72
1
10
303.1422509700
20
34.9901142408
11
303.0864639107
21
35.0109463195
72
1
10
303.0864639107
20
35.0109463195
11
303.0270485087
21
35.0267458459
72
1
10
303.0270485087
20
35.0267458459
11
302.9638268953
21
35.0370984183
72
1
10
302.9638268953
20
35.0370984183
11
302.8966212015
21
35.0415933686
97
1
330
2C5
75
0
76
1
98
1
10
0.0
20
0.0
0
LWPOLYLINE
5
2C7
100
AcDbEntity
8
0
100
AcDbPolyline
62
2
6
CONTINUOUS
90
25
70
0
10
313.9034982078
20
35.0415933686
10
313.8321162850
20
35.0398050952
10
312.8166460085
20
34.9067261926
10
312.8863463371
20
35.0409213661
10
314.5723885567
20
35.1576332735
10
314.5493222987
20
35.0965930430
10
314.5244612598
20
35.0308002612
10
314.4994008008
20
34.9644773440
10
314.4757362825
20
34.9018504409
10
314.4550630656
20
34.8471419676
10
314.4389765110
20
34.8045706068
10
314.4290719795
20
34.7783587745
10
314.4269365226
20
34.7727064865
10
314.4266602427
20
34.7719747504
10
314.4176084715
20
34.7828835916
10
314.3798794721
20
34.8251301511
10
314.3395825196
20
34.8648492345
10
314.2965404275
20
34.9016264400
10
314.2505760092
20
34.9350398995
10
314.2015120784
20
34.9646752114
10
314.1491714484
20
34.9901142408
10
314.0933769329
20
35.0109463195
10
314.0339513453
20
35.0267458459
10
313.9707174991
20
35.0370984183
10
313.9034982078
20
35.0415933686
0
HATCH
5
2C8
100
AcDbEntity
8
0
100
AcDbHatch
62
2
6
CONTINUOUS
10
0.0
20
0.0
30
0.0
210
0.0
220
0.0
230
1.0
2
SOLID
70
1
71
1
91
1
92
1
93
24
72
1
10
313.9034982078
20
35.0415933686
11
313.8321162850
21
35.0398050952
72
1
10
313.8321162850
20
35.0398050952
11
312.8166460085
21
34.9067261926
72
1
10
312.8166460085
20
34.9067261926
11
312.8863463371
21
35.0409213661
72
1
10
312.8863463371
20
35.0409213661
11
314.5723885567
21
35.1576332735
72
1
10
314.5723885567
20
35.1576332735
11
314.5493222987
21
35.0965930430
72
1
10
314.5493222987
20
35.0965930430
11
314.5244612598
21
35.0308002612
72
1
10
314.5244612598
20
35.0308002612
11
314.4994008008
21
34.9644773440
72
1
10
314.4994008008
20
34.9644773440
11
314.4757362825
21
34.9018504409
72
1
10
314.4757362825
20
34.9018504409
11
314.4550630656
21
34.8471419676
72
1
10
314.4550630656
20
34.8471419676
11
314.4389765110
21
34.8045706068
72
1
10
314.4389765110
20
34.8045706068
11
314.4290719795
21
34.7783587745
72
1
10
314.4290719795
20
34.7783587745
11
314.4269365226
21
34.7727064865
72
1
10
314.4269365226
20
34.7727064865
11
314.4266602427
21
34.7719747504
72
1
10
314.4266602427
20
34.7719747504
11
314.4176084715
21
34.7828835916
72
1
10
314.4176084715
20
34.7828835916
11
314.3798794721
21
34.8251301511
72
1
10
314.3798794721
20
34.8251301511
11
314.3395825196
21
34.8648492345
72
1
10
314.3395825196
20
34.8648492345
11
314.2965404275
21
34.9016264400
72
1
10
314.2965404275
20
34.9016264400
11
314.2505760092
21
34.9350398995
72
1
10
314.2505760092
20
34.9350398995
11
314.2015120784
21
34.9646752114
72
1
10
314.2015120784
20
34.9646752114
11
314.1491714484
21
34.9901142408
72
1
10
314.1491714484
20
34.9901142408
11
314.0933769329
21
35.0109463195
72
1
10
314.0933769329
20
35.0109463195
11
314.0339513453
21
35.0267458459
72
1
10
314.0339513453
20
35.0267458459
11
313.9707174991
21
35.0370984183
72
1
10
313.9707174991
20
35.0370984183
11
313.9034982078
21
35.0415933686
97
1
330
2C7
75
0
76
1
98
1
10
0.0
20
0.0
0
LWPOLYLINE
5
2C9
100
AcDbEntity
8
0
100
AcDbPolyline
62
2
6
CONTINUOUS
90
50
70
0
10
290.2391809903
20
35.0779018512
10
290.1925863356
20
34.9538384968
10
290.1427683765
20
34.8211927429
10
290.0369007367
20
34.5393085958
10
289.9284544534
20
34.2505585289
10
289.8243059092
20
33.9732516616
10
289.7759921588
20
33.8446110275
10
289.7313314866
20
33.7256971129
10
289.6911834406
20
33.6187985578
10
289.6564075683
20
33.5262040020
10
289.6278634178
20
33.4502020855
10
289.6064105368
20
33.3930814481
10
289.0255185668
20
33.3881431032
10
289.0243044950
20
33.3912503267
10
289.0149205412
20
33.4152670620
10
288.9969924426
20
33.4611511748
10
288.9713965219
20
33.5266598573
10
288.9390091015
20
33.6095503015
10
288.9007065040
20
33.7075796994
10
288.8573650519
20
33.8185052430
10
288.8098610677
20
33.9400841245
10
288.7058707935
20
34.2062306691
10
289.2917718417
20
34.1701714387
10
289.3042481765
20
34.1329482207
10
289.3121005609
20
34.1095205860
10
289.3148291082
20
34.1013799490
10
289.3148447551
20
34.1013943923
10
289.3148877534
20
34.1014340830
10
289.3149521891
20
34.1014935622
10
289.3150321486
20
34.1015673709
10
289.3151217180
20
34.1016500504
10
289.3152149835
20
34.1017361416
10
289.3153060314
20
34.1018201858
10
289.3153889478
20
34.1018967240
10
289.3154578189
20
34.1019602973
10
289.3155067309
20
34.1020054469
10
289.3155297701
20
34.1020267138
10
289.3161930152
20
34.1040929442
10
289.3213115355
20
34.1200561999
10
289.3310904983
20
34.1505540930
10
289.3450519097
20
34.1940958916
10
289.3627177753
20
34.2491908636
10
289.3836101012
20
34.3143482769
10
289.4072508933
20
34.3880773995
10
289.4331621574
20
34.4688874993
10
289.4898841251
20
34.6457877024
10
289.5499520517
20
34.8331230299
10
289.6095419842
20
35.0189676253
10
290.2816927929
20
35.1910941660
10
290.2391809903
20
35.0779018512
0
HATCH
5
2CA
100
AcDbEntity
8
0
100
AcDbHatch
62
2
6
CONTINUOUS
10
0.0
20
0.0
30
0.0
210
0.0
220
0.0
230
1.0
2
SOLID
70
1
71
1
91
1
92
1
93
49
72
1
10
290.2391809903
20
35.0779018512
11
290.1925863356
21
34.9538384968
72
1
10
290.1925863356
20
34.9538384968
11
290.1427683765
21
34.8211927429
72
1
10
290.1427683765
20
34.8211927429
11
290.0369007367
21
34.5393085958
72
1
10
290.0369007367
20
34.5393085958
11
289.9284544534
21
34.2505585289
72
1
10
289.9284544534
20
34.2505585289
11
289.8243059092
21
33.9732516616
72
1
10
289.8243059092
20
33.9732516616
11
289.7759921588
21
33.8446110275
72
1
10
289.7759921588
20
33.8446110275
11
289.7313314866
21
33.7256971129
72
1
10
289.7313314866
20
33.7256971129
11
289.6911834406
21
33.6187985578
72
1
10
289.6911834406
20
33.6187985578
11
289.6564075683
21
33.5262040020
72
1
10
289.6564075683
20
33.5262040020
11
289.6278634178
21
33.4502020855
72
1
10
289.6278634178
20
33.4502020855
11
289.6064105368
21
33.3930814481
72
1
10
289.6064105368
20
33.3930814481
11
289.0255185668
21
33.3881431032
72
1
10
289.0255185668
20
33.3881431032
11
289.0243044950
21
33.3912503267
72
1
10
289.0243044950
20
33.3912503267
11
289.0149205412
21
33.4152670620
72
1
10
289.0149205412
20
33.4152670620
11
288.9969924426
21
33.4611511748
72
1
10
288.9969924426
20
33.4611511748
11
288.9713965219
21
33.5266598573
72
1
10
288.9713965219
20
33.5266598573
11
288.9390091015
21
33.6095503015
72
1
10
288.9390091015
20
33.6095503015
11
288.9007065040
21
33.7075796994
72
1
10
288.9007065040
20
33.7075796994
11
288.8573650519
21
33.8185052430
72
1
10
288.8573650519
20
33.8185052430
11
288.8098610677
21
33.9400841245
72
1
10
288.8098610677
20
33.9400841245
11
288.7058707935
21
34.2062306691
72
1
10
288.7058707935
20
34.2062306691
11
289.2917718417
21
34.1701714387
72
1
10
289.2917718417
20
34.1701714387
11
289.3042481765
21
34.1329482207
72
1
10
289.3042481765
20
34.1329482207
11
289.3121005609
21
34.1095205860
72
1
10
289.3121005609
20
34.1095205860
11
289.3148291082
21
34.1013799490
72
1
10
289.3148291082
20
34.1013799490
11
289.3148447551
21
34.1013943923
72
1
10
289.3148447551
20
34.1013943923
11
289.3148877534
21
34.1014340830
72
1
10
289.3148877534
20
34.1014340830
11
289.3149521891
21
34.1014935622
72
1
10
289.3149521891
20
34.1014935622
11
289.3150321486
21
34.1015673709
72
1
10
289.3150321486
20
34.1015673709
11
289.3151217180
21
34.1016500504
72
1
10
289.3151217180
20
34.1016500504
11
289.3152149835
21
34.1017361416
72
1
10
289.3152149835
20
34.1017361416
11
289.3153060314
21
34.1018201858
72
1
10
289.3153060314
20
34.1018201858
11
289.3153889478
21
34.1018967240
72
1
10
289.3153889478
20
34.1018967240
11
289.3154578189
21
34.1019602973
72
1
10
289.3154578189
20
34.1019602973
11
289.3155067309
21
34.1020054469
72
1
10
289.3155067309
20
34.1020054469
11
289.3155297701
21
34.1020267138
72
1
10
289.3155297701
20
34.1020267138
11
289.3161930152
21
34.1040929442
72
1
10
289.3161930152
20
34.1040929442
11
289.3213115355
21
34.1200561999
72
1
10
289.3213115355
20
34.1200561999
11
289.3310904983
21
34.1505540930
72
1
10
289.3310904983
20
34.1505540930
11
289.3450519097
21
34.1940958916
72
1
10
289.3450519097
20
34.1940958916
11
289.3627177753
21
34.2491908636
72
1
10
289.3627177753
20
34.2491908636
11
289.3836101012
21
34.3143482769
72
1
10
289.3836101012
20
34.3143482769
11
289.4072508933
21
34.3880773995
72
1
10
289.4072508933
20
34.3880773995
11
289.4331621574
21
34.4688874993
72
1
10
289.4331621574
20
34.4688874993
11
289.4898841251
21
34.6457877024
72
1
10
289.4898841251
20
34.6457877024
11
289.5499520517
21
34.8331230299
72
1
10
289.5499520517
20
34.8331230299
11
289.6095419842
21
35.0189676253
72
1
10
289.6095419842
20
35.0189676253
11
290.2816927929
21
35.1910941660
72
1
10
290.2816927929
20
35.1910941660
11
290.2391809903
21
35.0779018512
97
1
330
2C9
75
0
76
1
98
1
10
0.0
20
0.0
0
LWPOLYLINE
5
2CB
100
AcDbEntity
8
0
100
AcDbPolyline
62
2
6
CONTINUOUS
90
8
70
0
10
293.4540702543
20
35.0218999593
10
293.4090288634
20
35.0083101878
10
292.5682381559
20
34.9324534880
10
292.6100546231
20
35.0101713049
10
293.6031022611
20
35.0399656291
10
293.5511611993
20
35.0379009413
10
293.5014657816
20
35.0318212403
10
293.4540702543
20
35.0218999593
0
HATCH
5
2CC
100
AcDbEntity
8
0
100
AcDbHatch
62
2
6
CONTINUOUS
10
0.0
20
0.0
30
0.0
210
0.0
220
0.0
230
1.0
2
SOLID
70
1
71
1
91
1
92
1
93
7
72
1
10
293.4540702543
20
35.0218999593
11
293.4090288634
21
35.0083101878
72
1
10
293.4090288634
20
35.0083101878
11
292.5682381559
21
34.9324534880
72
1
10
292.5682381559
20
34.9324534880
11
292.6100546231
21
35.0101713049
72
1
10
292.6100546231
20
35.0101713049
11
293.6031022611
21
35.0399656291
72
1
10
293.6031022611
20
35.0399656291
11
293.5511611993
21
35.0379009413
72
1
10
293.5511611993
20
35.0379009413
11
293.5014657816
21
35.0318212403
72
1
10
293.5014657816
20
35.0318212403
11
293.4540702543
21
35.0218999593
97
1
330
2CB
75
0
76
1
98
1
10
0.0
20
0.0
0
LWPOLYLINE
5
2CD
100
AcDbEntity
8
0
100
AcDbPolyline
62
2
6
CONTINUOUS
90
8
70
0
10
307.8863977800
20
35.0217413176
10
307.8413728478
20
35.0081537191
10
307.0005861294
20
34.9323491461
10
307.0424065129
20
35.0100713926
10
308.0353262082
20
35.0398050952
10
307.9834295798
20
35.0377394607
10
307.9337683972
20
35.0316608843
10
307.8863977800
20
35.0217413176
0
HATCH
5
2CE
100
AcDbEntity
8
0
100
AcDbHatch
62
2
6
CONTINUOUS
10
0.0
20
0.0
30
0.0
210
0.0
220
0.0
230
1.0
2
SOLID
70
1
71
1
91
1
92
1
93
7
72
1
10
307.8863977800
20
35.0217413176
11
307.8413728478
21
35.0081537191
72
1
10
307.8413728478
20
35.0081537191
11
307.0005861294
21
34.9323491461
72
1
10
307.0005861294
20
34.9323491461
11
307.0424065129
21
35.0100713926
72
1
10
307.0424065129
20
35.0100713926
11
308.0353262082
21
35.0398050952
72
1
10
308.0353262082
20
35.0398050952
11
307.9834295798
21
35.0377394607
72
1
10
307.9834295798
20
35.0377394607
11
307.9337683972
21
35.0316608843
72
1
10
307.9337683972
20
35.0316608843
11
307.8863977800
21
35.0217413176
97
1
330
2CD
75
0
76
1
98
1
10
0.0
20
0.0
0
LWPOLYLINE
5
2CF
100
AcDbEntity
8
0
100
AcDbPolyline
62
2
6
CONTINUOUS
90
14
70
0
10
304.5630524205
20
35.0040172267
10
304.9565867885
20
35.0290424291
10
304.9483637280
20
35.0069793749
10
304.9450221808
20
35.0040172267
10
304.9283494400
20
35.0040172267
10
304.8981471798
20
35.0040172267
10
304.8576952839
20
35.0040172267
10
304.8102736357
20
35.0040172267
10
304.7591621186
20
35.0040172267
10
304.7076406160
20
35.0040172267
10
304.6589890115
20
35.0040172267
10
304.6164871884
20
35.0040172267
10
304.5834150303
20
35.0040172267
10
304.5630524205
20
35.0040172267
0
HATCH
5
2D0
100
AcDbEntity
8
0
100
AcDbHatch
62
2
6
CONTINUOUS
10
0.0
20
0.0
30
0.0
210
0.0
220
0.0
230
1.0
2
SOLID
70
1
71
1
91
1
92
1
93
13
72
1
10
304.5630524205
20
35.0040172267
11
304.9565867885
21
35.0290424291
72
1
10
304.9565867885
20
35.0290424291
11
304.9483637280
21
35.0069793749
72
1
10
304.9483637280
20
35.0069793749
11
304.9450221808
21
35.0040172267
72
1
10
304.9450221808
20
35.0040172267
11
304.9283494400
21
35.0040172267
72
1
10
304.9283494400
20
35.0040172267
11
304.8981471798
21
35.0040172267
72
1
10
304.8981471798
20
35.0040172267
11
304.8576952839
21
35.0040172267
72
1
10
304.8576952839
20
35.0040172267
11
304.8102736357
21
35.0040172267
72
1
10
304.8102736357
20
35.0040172267
11
304.7591621186
21
35.0040172267
72
1
10
304.7591621186
20
35.0040172267
11
304.7076406160
21
35.0040172267
72
1
10
304.7076406160
20
35.0040172267
11
304.6589890115
21
35.0040172267
72
1
10
304.6589890115
20
35.0040172267
11
304.6164871884
21
35.0040172267
72
1
10
304.6164871884
20
35.0040172267
11
304.5834150303
21
35.0040172267
72
1
10
304.5834150303
20
35.0040172267
11
304.5630524205
21
35.0040172267
97
1
330
2CF
75
0
76
1
98
1
10
0.0
20
0.0
0
LWPOLYLINE
5
2D1
100
AcDbEntity
8
0
100
AcDbPolyline
62
2
6
CONTINUOUS
90
7
70
0
10
310.3153071999
20
34.9859264583
10
310.2682690103
20
34.9635361574
10
309.4894894931
20
34.8389211400
10
309.4894894931
20
34.9685579103
10
310.4231715996
20
35.0101108365
10
310.3670300275
20
35.0014615868
10
310.3153071999
20
34.9859264583
0
HATCH
5
2D2
100
AcDbEntity
8
0
100
AcDbHatch
62
2
6
CONTINUOUS
10
0.0
20
0.0
30
0.0
210
0.0
220
0.0
230
1.0
2
SOLID
70
1
71
1
91
1
92
1
93
6
72
1
10
310.3153071999
20
34.9859264583
11
310.2682690103
21
34.9635361574
72
1
10
310.2682690103
20
34.9635361574
11
309.4894894931
21
34.8389211400
72
1
10
309.4894894931
20
34.8389211400
11
309.4894894931
21
34.9685579103
72
1
10
309.4894894931
20
34.9685579103
11
310.4231715996
21
35.0101108365
72
1
10
310.4231715996
20
35.0101108365
11
310.3670300275
21
35.0014615868
72
1
10
310.3670300275
20
35.0014615868
11
310.3153071999
21
34.9859264583
97
1
330
2D1
75
0
76
1
98
1
10
0.0
20
0.0
0
LWPOLYLINE
5
2D3
100
AcDbEntity
8
0
100
AcDbPolyline
62
2
6
CONTINUOUS
90
16
70
0
10
310.4832014442
20
35.0118436611
10
310.4231715996
20
35.0101108365
10
311.4033050644
20
35.0396507382
10
311.4248328867
20
34.9259095869
10
311.4341706081
20
34.8027310941
10
311.4345631252
20
34.7705185276
10
310.8198751119
20
34.7192254798
10
310.8044556413
20
34.7787703551
10
310.7831542161
20
34.8316289423
10
310.7561357402
20
34.8777705352
10
310.7235651176
20
34.9171644275
10
310.6856072524
20
34.9497799129
10
310.6424270484
20
34.9755862853
10
310.5941894098
20
34.9945528383
10
310.5410592404
20
35.0066488656
10
310.4832014442
20
35.0118436611
0
HATCH
5
2D4
100
AcDbEntity
8
0
100
AcDbHatch
62
2
6
CONTINUOUS
10
0.0
20
0.0
30
0.0
210
0.0
220
0.0
230
1.0
2
SOLID
70
1
71
1
91
1
92
1
93
15
72
1
10
310.4832014442
20
35.0118436611
11
310.4231715996
21
35.0101108365
72
1
10
310.4231715996
20
35.0101108365
11
311.4033050644
21
35.0396507382
72
1
10
311.4033050644
20
35.0396507382
11
311.4248328867
21
34.9259095869
72
1
10
311.4248328867
20
34.9259095869
11
311.4341706081
21
34.8027310941
72
1
10
311.4341706081
20
34.8027310941
11
311.4345631252
21
34.7705185276
72
1
10
311.4345631252
20
34.7705185276
11
310.8198751119
21
34.7192254798
72
1
10
310.8198751119
20
34.7192254798
11
310.8044556413
21
34.7787703551
72
1
10
310.8044556413
20
34.7787703551
11
310.7831542161
21
34.8316289423
72
1
10
310.7831542161
20
34.8316289423
11
310.7561357402
21
34.8777705352
72
1
10
310.7561357402
20
34.8777705352
11
310.7235651176
21
34.9171644275
72
1
10
310.7235651176
20
34.9171644275
11
310.6856072524
21
34.9497799129
72
1
10
310.6856072524
20
34.9497799129
11
310.6424270484
21
34.9755862853
72
1
10
310.6424270484
20
34.9755862853
11
310.5941894098
21
34.9945528383
72
1
10
310.5941894098
20
34.9945528383
11
310.5410592404
21
35.0066488656
72
1
10
310.5410592404
20
35.0066488656
11
310.4832014442
21
35.0118436611
97
1
330
2D3
75
0
76
1
98
1
10
0.0
20
0.0
0
LWPOLYLINE
5
2D5
100
AcDbEntity
8
0
100
AcDbPolyline
62
2
6
CONTINUOUS
90
10
70
0
10
315.5242758254
20
34.9663856823
10
315.5207113309
20
34.9443900966
10
314.9779434760
20
34.8984267700
10
314.9819996793
20
34.9541986397
10
315.5949167606
20
35.0524752781
10
315.5738090407
20
35.0390035226
10
315.5561722086
20
35.0234903695
10
315.5420251429
20
35.0061041346
10
315.5313867222
20
34.9870131336
10
315.5242758254
20
34.9663856823
0
HATCH
5
2D6
100
AcDbEntity
8
0
100
AcDbHatch
62
2
6
CONTINUOUS
10
0.0
20
0.0
30
0.0
210
0.0
220
0.0
230
1.0
2
SOLID
70
1
71
1
91
1
92
1
93
9
72
1
10
315.5242758254
20
34.9663856823
11
315.5207113309
21
34.9443900966
72
1
10
315.5207113309
20
34.9443900966
11
314.9779434760
21
34.8984267700
72
1
10
314.9779434760
20
34.8984267700
11
314.9819996793
21
34.9541986397
72
1
10
314.9819996793
20
34.9541986397
11
315.5949167606
21
35.0524752781
72
1
10
315.5949167606
20
35.0524752781
11
315.5738090407
21
35.0390035226
72
1
10
315.5738090407
20
35.0390035226
11
315.5561722086
21
35.0234903695
72
1
10
315.5561722086
20
35.0234903695
11
315.5420251429
21
35.0061041346
72
1
10
315.5420251429
20
35.0061041346
11
315.5313867222
21
34.9870131336
72
1
10
315.5313867222
20
34.9870131336
11
315.5242758254
21
34.9663856823
97
1
330
2D5
75
0
76
1
98
1
10
0.0
20
0.0
0
LWPOLYLINE
5
2D7
100
AcDbEntity
8
0
100
AcDbPolyline
62
2
6
CONTINUOUS
90
8
70
0
10
293.2885719698
20
34.9472608266
10
293.2534895854
20
34.9207279893
10
292.5327443070
20
34.8511893654
10
292.5682381559
20
34.9324534880
10
293.4090288634
20
35.0083101878
10
293.3663958549
20
34.9912250155
10
293.3262254750
20
34.9708175319
10
293.2885719698
20
34.9472608266
0
HATCH
5
2D8
100
AcDbEntity
8
0
100
AcDbHatch
62
2
6
CONTINUOUS
10
0.0
20
0.0
30
0.0
210
0.0
220
0.0
230
1.0
2
SOLID
70
1
71
1
91
1
92
1
93
7
72
1
10
293.2885719698
20
34.9472608266
11
293.2534895854
21
34.9207279893
72
1
10
293.2534895854
20
34.9207279893
11
292.5327443070
21
34.8511893654
72
1
10
292.5327443070
20
34.8511893654
11
292.5682381559
21
34.9324534880
72
1
10
292.5682381559
20
34.9324534880
11
293.4090288634
21
35.0083101878
72
1
10
293.4090288634
20
35.0083101878
11
293.3663958549
21
34.9912250155
72
1
10
293.3663958549
20
34.9912250155
11
293.3262254750
21
34.9708175319
72
1
10
293.3262254750
20
34.9708175319
11
293.2885719698
21
34.9472608266
97
1
330
2D7
75
0
76
1
98
1
10
0.0
20
0.0
0
LWPOLYLINE
5
2D9
100
AcDbEntity
8
0
100
AcDbPolyline
62
2
6
CONTINUOUS
90
8
70
0
10
307.7209233574
20
34.9471123179
10
307.6858323615
20
34.9205821776
10
306.9650881458
20
34.8510789998
10
307.0005861294
20
34.9323491461
10
307.8413728478
20
35.0081537191
10
307.7987487202
20
34.9910710472
10
307.7585805169
20
34.9706662606
10
307.7209233574
20
34.9471123179
0
HATCH
5
2DA
100
AcDbEntity
8
0
100
AcDbHatch
62
2
6
CONTINUOUS
10
0.0
20
0.0
30
0.0
210
0.0
220
0.0
230
1.0
2
SOLID
70
1
71
1
91
1
92
1
93
7
72
1
10
307.7209233574
20
34.9471123179
11
307.6858323615
21
34.9205821776
72
1
10
307.6858323615
20
34.9205821776
11
306.9650881458
21
34.8510789998
72
1
10
306.9650881458
20
34.8510789998
11
307.0005861294
21
34.9323491461
72
1
10
307.0005861294
20
34.9323491461
11
307.8413728478
21
35.0081537191
72
1
10
307.8413728478
20
35.0081537191
11
307.7987487202
21
34.9910710472
72
1
10
307.7987487202
20
34.9910710472
11
307.7585805169
21
34.9706662606
72
1
10
307.7585805169
20
34.9706662606
11
307.7209233574
21
34.9471123179
97
1
330
2D9
75
0
76
1
98
1
10
0.0
20
0.0
0
LWPOLYLINE
5
2DB
100
AcDbEntity
8
0
100
AcDbPolyline
62
2
6
CONTINUOUS
90
18
70
0
10
306.7224176829
20
34.9285065415
10
305.4750358526
20
34.8806409758
10
306.7543174087
20
34.9834077447
10
306.7543174087
20
34.9604530659
10
306.7543174087
20
34.9431778953
10
306.7543174087
20
34.9322921713
10
306.7543174087
20
34.9285065415
10
306.7535744398
20
34.9285065415
10
306.7515372673
20
34.9285065415
10
306.7484934918
20
34.9285065415
10
306.7447307142
20
34.9285065415
10
306.7405365354
20
34.9285065415
10
306.7361985562
20
34.9285065415
10
306.7320043774
20
34.9285065415
10
306.7282415998
20
34.9285065415
10
306.7251978243
20
34.9285065415
10
306.7231606517
20
34.9285065415
10
306.7224176829
20
34.9285065415
0
HATCH
5
2DC
100
AcDbEntity
8
0
100
AcDbHatch
62
2
6
CONTINUOUS
10
0.0
20
0.0
30
0.0
210
0.0
220
0.0
230
1.0
2
SOLID
70
1
71
1
91
1
92
1
93
17
72
1
10
306.7224176829
20
34.9285065415
11
305.4750358526
21
34.8806409758
72
1
10
305.4750358526
20
34.8806409758
11
306.7543174087
21
34.9834077447
72
1
10
306.7543174087
20
34.9834077447
11
306.7543174087
21
34.9604530659
72
1
10
306.7543174087
20
34.9604530659
11
306.7543174087
21
34.9431778953
72
1
10
306.7543174087
20
34.9431778953
11
306.7543174087
21
34.9322921713
72
1
10
306.7543174087
20
34.9322921713
11
306.7543174087
21
34.9285065415
72
1
10
306.7543174087
20
34.9285065415
11
306.7535744398
21
34.9285065415
72
1
10
306.7535744398
20
34.9285065415
11
306.7515372673
21
34.9285065415
72
1
10
306.7515372673
20
34.9285065415
11
306.7484934918
21
34.9285065415
72
1
10
306.7484934918
20
34.9285065415
11
306.7447307142
21
34.9285065415
72
1
10
306.7447307142
20
34.9285065415
11
306.7405365354
21
34.9285065415
72
1
10
306.7405365354
20
34.9285065415
11
306.7361985562
21
34.9285065415
72
1
10
306.7361985562
20
34.9285065415
11
306.7320043774
21
34.9285065415
72
1
10
306.7320043774
20
34.9285065415
11
306.7282415998
21
34.9285065415
72
1
10
306.7282415998
20
34.9285065415
11
306.7251978243
21
34.9285065415
72
1
10
306.7251978243
20
34.9285065415
11
306.7231606517
21
34.9285065415
72
1
10
306.7231606517
20
34.9285065415
11
306.7224176829
21
34.9285065415
97
1
330
2DB
75
0
76
1
98
1
10
0.0
20
0.0
0
LWPOLYLINE
5
2DD
100
AcDbEntity
8
0
100
AcDbPolyline
62
2
6
CONTINUOUS
90
11
70
0
10
300.0762782749
20
34.9246098565
10
300.0531840256
20
34.8946808045
10
299.3984867108
20
34.7691134702
10
299.4485063028
20
34.9162159839
10
300.2537568580
20
35.0498418186
10
300.2196920177
20
35.0358656281
10
300.1873818923
20
35.0190173895
10
300.1568559685
20
34.9993823978
10
300.1281437331
20
34.9770459483
10
300.1012746730
20
34.9520933362
10
300.0762782749
20
34.9246098565
0
HATCH
5
2DE
100
AcDbEntity
8
0
100
AcDbHatch
62
2
6
CONTINUOUS
10
0.0
20
0.0
30
0.0
210
0.0
220
0.0
230
1.0
2
SOLID
70
1
71
1
91
1
92
1
93
10
72
1
10
300.0762782749
20
34.9246098565
11
300.0531840256
21
34.8946808045
72
1
10
300.0531840256
20
34.8946808045
11
299.3984867108
21
34.7691134702
72
1
10
299.3984867108
20
34.7691134702
11
299.4485063028
21
34.9162159839
72
1
10
299.4485063028
20
34.9162159839
11
300.2537568580
21
35.0498418186
72
1
10
300.2537568580
20
35.0498418186
11
300.2196920177
21
35.0358656281
72
1
10
300.2196920177
20
35.0358656281
11
300.1873818923
21
35.0190173895
72
1
10
300.1873818923
20
35.0190173895
11
300.1568559685
21
34.9993823978
72
1
10
300.1568559685
20
34.9993823978
11
300.1281437331
21
34.9770459483
72
1
10
300.1281437331
20
34.9770459483
11
300.1012746730
21
34.9520933362
72
1
10
300.1012746730
20
34.9520933362
11
300.0762782749
21
34.9246098565
97
1
330
2DD
75
0
76
1
98
1
10
0.0
20
0.0
0
LWPOLYLINE
5
2DF
100
AcDbEntity
8
0
100
AcDbPolyline
62
2
6
CONTINUOUS
90
9
70
0
10
291.2224472121
20
34.9397439096
10
291.1661432878
20
34.8929419686
10
290.4377594634
20
34.7624720055
10
290.4889916542
20
34.9068304277
10
291.5045752560
20
35.0399656291
10
291.4265949868
20
35.0292370478
10
291.3532173585
20
35.0085308217
10
291.2849866680
20
34.9784866515
10
291.2224472121
20
34.9397439096
0
HATCH
5
2E0
100
AcDbEntity
8
0
100
AcDbHatch
62
2
6
CONTINUOUS
10
0.0
20
0.0
30
0.0
210
0.0
220
0.0
230
1.0
2
SOLID
70
1
71
1
91
1
92
1
93
8
72
1
10
291.2224472121
20
34.9397439096
11
291.1661432878
21
34.8929419686
72
1
10
291.1661432878
20
34.8929419686
11
290.4377594634
21
34.7624720055
72
1
10
290.4377594634
20
34.7624720055
11
290.4889916542
21
34.9068304277
72
1
10
290.4889916542
20
34.9068304277
11
291.5045752560
21
35.0399656291
72
1
10
291.5045752560
20
35.0399656291
11
291.4265949868
21
35.0292370478
72
1
10
291.4265949868
20
35.0292370478
11
291.3532173585
21
35.0085308217
72
1
10
291.3532173585
20
35.0085308217
11
291.2849866680
21
34.9784866515
72
1
10
291.2849866680
20
34.9784866515
11
291.2224472121
21
34.9397439096
97
1
330
2DF
75
0
76
1
98
1
10
0.0
20
0.0
0
LWPOLYLINE
5
2E1
100
AcDbEntity
8
0
100
AcDbPolyline
62
2
6
CONTINUOUS
90
9
70
0
10
302.5430859850
20
34.9396207168
10
302.4867768695
20
34.8928194734
10
301.7583837900
20
34.7623539141
10
301.8096159809
20
34.9067261926
10
302.8252535585
20
35.0398050952
10
302.7472601373
20
35.0290866547
10
302.6738716883
20
35.0083927099
10
302.6056322811
20
34.9783579298
10
302.5430859850
20
34.9396207168
0
HATCH
5
2E2
100
AcDbEntity
8
0
100
AcDbHatch
62
2
6
CONTINUOUS
10
0.0
20
0.0
30
0.0
210
0.0
220
0.0
230
1.0
2
SOLID
70
1
71
1
91
1
92
1
93
8
72
1
10
302.5430859850
20
34.9396207168
11
302.4867768695
21
34.8928194734
72
1
10
302.4867768695
20
34.8928194734
11
301.7583837900
21
34.7623539141
72
1
10
301.7583837900
20
34.7623539141
11
301.8096159809
21
34.9067261926
72
1
10
301.8096159809
20
34.9067261926
11
302.8252535585
21
35.0398050952
72
1
10
302.8252535585
20
35.0398050952
11
302.7472601373
21
35.0290866547
72
1
10
302.7472601373
20
35.0290866547
11
302.6738716883
21
35.0083927099
72
1
10
302.6738716883
20
35.0083927099
11
302.6056322811
21
34.9783579298
72
1
10
302.6056322811
20
34.9783579298
11
302.5430859850
21
34.9396207168
97
1
330
2E1
75
0
76
1
98
1
10
0.0
20
0.0
0
LWPOLYLINE
5
2E3
100
AcDbEntity
8
0
100
AcDbPolyline
62
2
6
CONTINUOUS
90
9
70
0
10
313.5500829187
20
34.9396207168
10
313.4937962667
20
34.8928194734
10
312.7654117422
20
34.7623539141
10
312.8166460085
20
34.9067261926
10
313.8321162850
20
35.0398050952
10
313.7541635235
20
35.0290866547
10
313.6808108440
20
35.0083927099
10
313.6126025435
20
34.9783579298
10
313.5500829187
20
34.9396207168
0
HATCH
5
2E4
100
AcDbEntity
8
0
100
AcDbHatch
62
2
6
CONTINUOUS
10
0.0
20
0.0
30
0.0
210
0.0
220
0.0
230
1.0
2
SOLID
70
1
71
1
91
1
92
1
93
8
72
1
10
313.5500829187
20
34.9396207168
11
313.4937962667
21
34.8928194734
72
1
10
313.4937962667
20
34.8928194734
11
312.7654117422
21
34.7623539141
72
1
10
312.7654117422
20
34.7623539141
11
312.8166460085
21
34.9067261926
72
1
10
312.8166460085
20
34.9067261926
11
313.8321162850
21
35.0398050952
72
1
10
313.8321162850
20
35.0398050952
11
313.7541635235
21
35.0290866547
72
1
10
313.7541635235
20
35.0290866547
11
313.6808108440
21
35.0083927099
72
1
10
313.6808108440
20
35.0083927099
11
313.6126025435
21
34.9783579298
72
1
10
313.6126025435
20
34.9783579298
11
313.5500829187
21
34.9396207168
97
1
330
2E3
75
0
76
1
98
1
10
0.0
20
0.0
0
LWPOLYLINE
5
2E5
100
AcDbEntity
8
0
100
AcDbPolyline
62
2
6
CONTINUOUS
90
8
70
0
10
315.5202648842
20
34.9329318520
10
315.5264377143
20
34.8970476816
10
315.5442022712
20
34.8650548047
10
314.9789969500
20
34.8213363397
10
314.9774297882
20
34.8696721590
10
314.9779434760
20
34.8984267700
10
315.5207113309
20
34.9443900966
10
315.5202648842
20
34.9329318520
0
HATCH
5
2E6
100
AcDbEntity
8
0
100
AcDbHatch
62
2
6
CONTINUOUS
10
0.0
20
0.0
30
0.0
210
0.0
220
0.0
230
1.0
2
SOLID
70
1
71
1
91
1
92
1
93
7
72
1
10
315.5202648842
20
34.9329318520
11
315.5264377143
21
34.8970476816
72
1
10
315.5264377143
20
34.8970476816
11
315.5442022712
21
34.8650548047
72
1
10
315.5442022712
20
34.8650548047
11
314.9789969500
21
34.8213363397
72
1
10
314.9789969500
20
34.8213363397
11
314.9774297882
21
34.8696721590
72
1
10
314.9774297882
20
34.8696721590
11
314.9779434760
21
34.8984267700
72
1
10
314.9779434760
20
34.8984267700
11
315.5207113309
21
34.9443900966
72
1
10
315.5207113309
20
34.9443900966
11
315.5202648842
21
34.9329318520
97
1
330
2E5
75
0
76
1
98
1
10
0.0
20
0.0
0
LWPOLYLINE
5
2E7
100
AcDbEntity
8
0
100
AcDbPolyline
62
2
6
CONTINUOUS
90
7
70
0
10
306.5202022605
20
34.9044200333
10
306.4316028740
20
34.8741470852
10
305.4750358526
20
34.6015471174
10
305.4750358526
20
34.8806409758
10
306.7224176829
20
34.9285065415
10
306.6172773555
20
34.9225027937
10
306.5202022605
20
34.9044200333
0
HATCH
5
2E8
100
AcDbEntity
8
0
100
AcDbHatch
62
2
6
CONTINUOUS
10
0.0
20
0.0
30
0.0
210
0.0
220
0.0
230
1.0
2
SOLID
70
1
71
1
91
1
92
1
93
6
72
1
10
306.5202022605
20
34.9044200333
11
306.4316028740
21
34.8741470852
72
1
10
306.4316028740
20
34.8741470852
11
305.4750358526
21
34.6015471174
72
1
10
305.4750358526
20
34.6015471174
11
305.4750358526
21
34.8806409758
72
1
10
305.4750358526
20
34.8806409758
11
306.7224176829
21
34.9285065415
72
1
10
306.7224176829
20
34.9285065415
11
306.6172773555
21
34.9225027937
72
1
10
306.6172773555
20
34.9225027937
11
306.5202022605
21
34.9044200333
97
1
330
2E7
75
0
76
1
98
1
10
0.0
20
0.0
0
LWPOLYLINE
5
2E9
100
AcDbEntity
8
0
100
AcDbPolyline
62
2
6
CONTINUOUS
90
7
70
0
10
293.1912551633
20
34.8594262768
10
293.1642116177
20
34.8250035808
10
292.5038325142
20
34.7666839731
10
292.5327443070
20
34.8511893654
10
293.2534895854
20
34.9207279893
10
293.2210325679
20
34.8913921095
10
293.1912551633
20
34.8594262768
0
HATCH
5
2EA
100
AcDbEntity
8
0
100
AcDbHatch
62
2
6
CONTINUOUS
10
0.0
20
0.0
30
0.0
210
0.0
220
0.0
230
1.0
2
SOLID
70
1
71
1
91
1
92
1
93
6
72
1
10
293.1912551633
20
34.8594262768
11
293.1642116177
21
34.8250035808
72
1
10
293.1642116177
20
34.8250035808
11
292.5038325142
21
34.7666839731
72
1
10
292.5038325142
20
34.7666839731
11
292.5327443070
21
34.8511893654
72
1
10
292.5327443070
20
34.8511893654
11
293.2534895854
21
34.9207279893
72
1
10
293.2534895854
20
34.9207279893
11
293.2210325679
21
34.8913921095
72
1
10
293.2210325679
20
34.8913921095
11
293.1912551633
21
34.8594262768
97
1
330
2E9
75
0
76
1
98
1
10
0.0
20
0.0
0
LWPOLYLINE
5
2EB
100
AcDbEntity
8
0
100
AcDbPolyline
62
2
6
CONTINUOUS
90
7
70
0
10
307.6235693385
20
34.8592851384
10
307.5965075508
20
34.8248641567
10
306.9361723493
20
34.7665658149
10
306.9650881458
20
34.8510789998
10
307.6858323615
20
34.9205821776
10
307.6533626486
20
34.8912487983
10
307.6235693385
20
34.8592851384
0
HATCH
5
2EC
100
AcDbEntity
8
0
100
AcDbHatch
62
2
6
CONTINUOUS
10
0.0
20
0.0
30
0.0
210
0.0
220
0.0
230
1.0
2
SOLID
70
1
71
1
91
1
92
1
93
6
72
1
10
307.6235693385
20
34.8592851384
11
307.5965075508
21
34.8248641567
72
1
10
307.5965075508
20
34.8248641567
11
306.9361723493
21
34.7665658149
72
1
10
306.9361723493
20
34.7665658149
11
306.9650881458
21
34.8510789998
72
1
10
306.9650881458
20
34.8510789998
11
307.6858323615
21
34.9205821776
72
1
10
307.6858323615
20
34.9205821776
11
307.6533626486
21
34.8912487983
72
1
10
307.6533626486
20
34.8912487983
11
307.6235693385
21
34.8592851384
97
1
330
2EB
75
0
76
1
98
1
10
0.0
20
0.0
0
LWPOLYLINE
5
2ED
100
AcDbEntity
8
0
100
AcDbPolyline
62
2
6
CONTINUOUS
90
8
70
0
10
310.1579212040
20
34.8555412822
10
310.1322805009
20
34.8060373539
10
309.4894894931
20
34.5634313535
10
309.4894894931
20
34.8389211400
10
310.2682690103
20
34.9635361574
10
310.2261813522
20
34.9343213902
10
310.1893101189
20
34.8983128631
10
310.1579212040
20
34.8555412822
0
HATCH
5
2EE
100
AcDbEntity
8
0
100
AcDbHatch
62
2
6
CONTINUOUS
10
0.0
20
0.0
30
0.0
210
0.0
220
0.0
230
1.0
2
SOLID
70
1
71
1
91
1
92
1
93
7
72
1
10
310.1579212040
20
34.8555412822
11
310.1322805009
21
34.8060373539
72
1
10
310.1322805009
20
34.8060373539
11
309.4894894931
21
34.5634313535
72
1
10
309.4894894931
20
34.5634313535
11
309.4894894931
21
34.8389211400
72
1
10
309.4894894931
20
34.8389211400
11
310.2682690103
21
34.9635361574
72
1
10
310.2682690103
20
34.9635361574
11
310.2261813522
21
34.9343213902
72
1
10
310.2261813522
20
34.9343213902
11
310.1893101189
21
34.8983128631
72
1
10
310.1893101189
20
34.8983128631
11
310.1579212040
21
34.8555412822
97
1
330
2ED
75
0
76
1
98
1
10
0.0
20
0.0
0
LWPOLYLINE
5
2EF
100
AcDbEntity
8
0
100
AcDbPolyline
62
2
6
CONTINUOUS
90
6
70
0
10
315.5724276547
20
34.8363377313
10
315.6099829647
20
34.8102809714
10
314.9911100506
20
34.7323688945
10
314.9789969500
20
34.8213363397
10
315.5442022712
20
34.8650548047
10
315.5724276547
20
34.8363377313
0
HATCH
5
2F0
100
AcDbEntity
8
0
100
AcDbHatch
62
2
6
CONTINUOUS
10
0.0
20
0.0
30
0.0
210
0.0
220
0.0
230
1.0
2
SOLID
70
1
71
1
91
1
92
1
93
5
72
1
10
315.5724276547
20
34.8363377313
11
315.6099829647
21
34.8102809714
72
1
10
315.6099829647
20
34.8102809714
11
314.9911100506
21
34.7323688945
72
1
10
314.9911100506
20
34.7323688945
11
314.9789969500
21
34.8213363397
72
1
10
314.9789969500
20
34.8213363397
11
315.5442022712
21
34.8650548047
72
1
10
315.5442022712
20
34.8650548047
11
315.5724276547
21
34.8363377313
97
1
330
2EF
75
0
76
1
98
1
10
0.0
20
0.0
0
LWPOLYLINE
5
2F1
100
AcDbEntity
8
0
100
AcDbPolyline
62
2
6
CONTINUOUS
90
20
70
0
10
304.5580941592
20
34.8206433123
10
304.5580941592
20
34.7134515693
10
304.5580941592
20
34.5957477088
10
304.5580941592
20
34.4751769072
10
304.5580941592
20
34.3593843408
10
304.5580941592
20
34.2560151859
10
304.5580941592
20
34.2113785054
10
303.9556697278
20
34.1322036881
10
303.9556697278
20
34.2125680353
10
303.9556697278
20
34.3076099748
10
303.9556697278
20
34.4151550483
10
303.9556697278
20
34.5330287978
10
303.9556697278
20
34.6590567652
10
303.9556697278
20
34.7910644923
10
304.5580941592
20
35.0026940735
10
304.5580941592
20
34.9924606865
10
304.5580941592
20
34.9729097408
10
304.5580941592
20
34.9449968834
10
304.5580941592
20
34.9096777616
10
304.5580941592
20
34.8206433123
0
HATCH
5
2F2
100
AcDbEntity
8
0
100
AcDbHatch
62
2
6
CONTINUOUS
10
0.0
20
0.0
30
0.0
210
0.0
220
0.0
230
1.0
2
SOLID
70
1
71
1
91
1
92
1
93
19
72
1
10
304.5580941592
20
34.8206433123
11
304.5580941592
21
34.7134515693
72
1
10
304.5580941592
20
34.7134515693
11
304.5580941592
21
34.5957477088
72
1
10
304.5580941592
20
34.5957477088
11
304.5580941592
21
34.4751769072
72
1
10
304.5580941592
20
34.4751769072
11
304.5580941592
21
34.3593843408
72
1
10
304.5580941592
20
34.3593843408
11
304.5580941592
21
34.2560151859
72
1
10
304.5580941592
20
34.2560151859
11
304.5580941592
21
34.2113785054
72
1
10
304.5580941592
20
34.2113785054
11
303.9556697278
21
34.1322036881
72
1
10
303.9556697278
20
34.1322036881
11
303.9556697278
21
34.2125680353
72
1
10
303.9556697278
20
34.2125680353
11
303.9556697278
21
34.3076099748
72
1
10
303.9556697278
20
34.3076099748
11
303.9556697278
21
34.4151550483
72
1
10
303.9556697278
20
34.4151550483
11
303.9556697278
21
34.5330287978
72
1
10
303.9556697278
20
34.5330287978
11
303.9556697278
21
34.6590567652
72
1
10
303.9556697278
20
34.6590567652
11
303.9556697278
21
34.7910644923
72
1
10
303.9556697278
20
34.7910644923
11
304.5580941592
21
35.0026940735
72
1
10
304.5580941592
20
35.0026940735
11
304.5580941592
21
34.9924606865
72
1
10
304.5580941592
20
34.9924606865
11
304.5580941592
21
34.9729097408
72
1
10
304.5580941592
20
34.9729097408
11
304.5580941592
21
34.9449968834
72
1
10
304.5580941592
20
34.9449968834
11
304.5580941592
21
34.9096777616
72
1
10
304.5580941592
20
34.9096777616
11
304.5580941592
21
34.8206433123
97
1
330
2F1
75
0
76
1
98
1
10
0.0
20
0.0
0
LWPOLYLINE
5
2F3
100
AcDbEntity
8
0
100
AcDbPolyline
62
2
6
CONTINUOUS
90
8
70
0
10
299.9956090388
20
34.7910731661
10
299.9804182530
20
34.7522147764
10
299.3676636227
20
34.6130026268
10
299.3984867108
20
34.7691134702
10
300.0531840256
20
34.8946808045
10
300.0320214119
20
34.8623914753
10
300.0128199207
20
34.8278271642
10
299.9956090388
20
34.7910731661
0
HATCH
5
2F4
100
AcDbEntity
8
0
100
AcDbHatch
62
2
6
CONTINUOUS
10
0.0
20
0.0
30
0.0
210
0.0
220
0.0
230
1.0
2
SOLID
70
1
71
1
91
1
92
1
93
7
72
1
10
299.9956090388
20
34.7910731661
11
299.9804182530
21
34.7522147764
72
1
10
299.9804182530
20
34.7522147764
11
299.3676636227
21
34.6130026268
72
1
10
299.3676636227
20
34.6130026268
11
299.3984867108
21
34.7691134702
72
1
10
299.3984867108
20
34.7691134702
11
300.0531840256
21
34.8946808045
72
1
10
300.0531840256
20
34.8946808045
11
300.0320214119
21
34.8623914753
72
1
10
300.0320214119
20
34.8623914753
11
300.0128199207
21
34.8278271642
72
1
10
300.0128199207
20
34.8278271642
11
299.9956090388
21
34.7910731661
97
1
330
2F3
75
0
76
1
98
1
10
0.0
20
0.0
0
LWPOLYLINE
5
2F5
100
AcDbEntity
8
0
100
AcDbPolyline
62
2
6
CONTINUOUS
90
6
70
0
10
293.1399561774
20
34.7882971111
10
293.1185430882
20
34.7494799573
10
292.4817622152
20
34.6792423471
10
292.5038325142
20
34.7666839731
10
293.1642116177
20
34.8250035808
10
293.1399561774
20
34.7882971111
0
HATCH
5
2F6
100
AcDbEntity
8
0
100
AcDbHatch
62
2
6
CONTINUOUS
10
0.0
20
0.0
30
0.0
210
0.0
220
0.0
230
1.0
2
SOLID
70
1
71
1
91
1
92
1
93
5
72
1
10
293.1399561774
20
34.7882971111
11
293.1185430882
21
34.7494799573
72
1
10
293.1185430882
20
34.7494799573
11
292.4817622152
21
34.6792423471
72
1
10
292.4817622152
20
34.6792423471
11
292.5038325142
21
34.7666839731
72
1
10
292.5038325142
20
34.7666839731
11
293.1642116177
21
34.8250035808
72
1
10
293.1642116177
20
34.8250035808
11
293.1399561774
21
34.7882971111
97
1
330
2F5
75
0
76
1
98
1
10
0.0
20
0.0
0
LWPOLYLINE
5
2F7
100
AcDbEntity
8
0
100
AcDbPolyline
62
2
6
CONTINUOUS
90
6
70
0
10
307.5722324051
20
34.7881588117
10
307.5507990210
20
34.7493420619
10
306.9140985272
20
34.6791144527
10
306.9361723493
20
34.7665658149
10
307.5965075508
20
34.8248641567
10
307.5722324051
20
34.7881588117
0
HATCH
5
2F8
100
AcDbEntity
8
0
100
AcDbHatch
62
2
6
CONTINUOUS
10
0.0
20
0.0
30
0.0
210
0.0
220
0.0
230
1.0
2
SOLID
70
1
71
1
91
1
92
1
93
5
72
1
10
307.5722324051
20
34.7881588117
11
307.5507990210
21
34.7493420619
72
1
10
307.5507990210
20
34.7493420619
11
306.9140985272
21
34.6791144527
72
1
10
306.9140985272
20
34.6791144527
11
306.9361723493
21
34.7665658149
72
1
10
306.9361723493
20
34.7665658149
11
307.5965075508
21
34.8248641567
72
1
10
307.5965075508
20
34.8248641567
11
307.5722324051
21
34.7881588117
97
1
330
2F7
75
0
76
1
98
1
10
0.0
20
0.0
0
LWPOLYLINE
5
2F9
100
AcDbEntity
8
0
100
AcDbPolyline
62
2
6
CONTINUOUS
90
7
70
0
10
291.0744192213
20
34.7777179798
10
291.0400876729
20
34.7105746770
10
290.4061633002
20
34.6095813373
10
290.4377594634
20
34.7624720055
10
291.1661432878
20
34.8929419686
10
291.1166191919
20
34.8387202012
10
291.0744192213
20
34.7777179798
0
HATCH
5
2FA
100
AcDbEntity
8
0
100
AcDbHatch
62
2
6
CONTINUOUS
10
0.0
20
0.0
30
0.0
210
0.0
220
0.0
230
1.0
2
SOLID
70
1
71
1
91
1
92
1
93
6
72
1
10
291.0744192213
20
34.7777179798
11
291.0400876729
21
34.7105746770
72
1
10
291.0400876729
20
34.7105746770
11
290.4061633002
21
34.6095813373
72
1
10
290.4061633002
20
34.6095813373
11
290.4377594634
21
34.7624720055
72
1
10
290.4377594634
20
34.7624720055
11
291.1661432878
21
34.8929419686
72
1
10
291.1661432878
20
34.8929419686
11
291.1166191919
21
34.8387202012
72
1
10
291.1166191919
20
34.8387202012
11
291.0744192213
21
34.7777179798
97
1
330
2F9
75
0
76
1
98
1
10
0.0
20
0.0
0
LWPOLYLINE
5
2FB
100
AcDbEntity
8
0
100
AcDbPolyline
62
2
6
CONTINUOUS
90
7
70
0
10
302.3950464580
20
34.7775934383
10
302.3607133009
20
34.7104454514
10
301.7267876268
20
34.6094434699
10
301.7583837900
20
34.7623539141
10
302.4867768695
20
34.8928194734
10
302.4372490041
20
34.8386000687
10
302.3950464580
20
34.7775934383
0
HATCH
5
2FC
100
AcDbEntity
8
0
100
AcDbHatch
62
2
6
CONTINUOUS
10
0.0
20
0.0
30
0.0
210
0.0
220
0.0
230
1.0
2
SOLID
70
1
71
1
91
1
92
1
93
6
72
1
10
302.3950464580
20
34.7775934383
11
302.3607133009
21
34.7104454514
72
1
10
302.3607133009
20
34.7104454514
11
301.7267876268
21
34.6094434699
72
1
10
301.7267876268
20
34.6094434699
11
301.7583837900
21
34.7623539141
72
1
10
301.7583837900
20
34.7623539141
11
302.4867768695
21
34.8928194734
72
1
10
302.4867768695
20
34.8928194734
11
302.4372490041
21
34.8386000687
72
1
10
302.4372490041
20
34.8386000687
11
302.3950464580
21
34.7775934383
97
1
330
2FB
75
0
76
1
98
1
10
0.0
20
0.0
0
LWPOLYLINE
5
2FD
100
AcDbEntity
8
0
100
AcDbPolyline
62
2
6
CONTINUOUS
90
7
70
0
10
313.4020990682
20
34.7775934383
10
313.3677771155
20
34.7104454514
10
312.7338133329
20
34.6094434699
10
312.7654117422
20
34.7623539141
10
313.4937962667
20
34.8928194734
10
313.4442868842
20
34.8386000687
10
313.4020990682
20
34.7775934383
0
HATCH
5
2FE
100
AcDbEntity
8
0
100
AcDbHatch
62
2
6
CONTINUOUS
10
0.0
20
0.0
30
0.0
210
0.0
220
0.0
230
1.0
2
SOLID
70
1
71
1
91
1
92
1
93
6
72
1
10
313.4020990682
20
34.7775934383
11
313.3677771155
21
34.7104454514
72
1
10
313.3677771155
20
34.7104454514
11
312.7338133329
21
34.6094434699
72
1
10
312.7338133329
20
34.6094434699
11
312.7654117422
21
34.7623539141
72
1
10
312.7654117422
20
34.7623539141
11
313.4937962667
21
34.8928194734
72
1
10
313.4937962667
20
34.8928194734
11
313.4442868842
21
34.8386000687
72
1
10
313.4442868842
20
34.8386000687
11
313.4020990682
21
34.7775934383
97
1
330
2FD
75
0
76
1
98
1
10
0.0
20
0.0
0
LWPOLYLINE
5
2FF
100
AcDbEntity
8
0
100
AcDbPolyline
62
2
6
CONTINUOUS
90
10
70
0
10
315.7673194515
20
34.7419176741
10
315.8981269051
20
34.6983597287
10
316.0391124603
20
34.6506712795
10
315.0472922137
20
34.5827237950
10
315.0142522000
20
34.6530720447
10
314.9911100506
20
34.7323688945
10
315.6099829647
20
34.8102809714
10
315.6557373009
20
34.7862690352
10
315.7085597633
20
34.7636864327
10
315.7673194515
20
34.7419176741
0
HATCH
5
300
100
AcDbEntity
8
0
100
AcDbHatch
62
2
6
CONTINUOUS
10
0.0
20
0.0
30
0.0
210
0.0
220
0.0
230
1.0
2
SOLID
70
1
71
1
91
1
92
1
93
9
72
1
10
315.7673194515
20
34.7419176741
11
315.8981269051
21
34.6983597287
72
1
10
315.8981269051
20
34.6983597287
11
316.0391124603
21
34.6506712795
72
1
10
316.0391124603
20
34.6506712795
11
315.0472922137
21
34.5827237950
72
1
10
315.0472922137
20
34.5827237950
11
315.0142522000
21
34.6530720447
72
1
10
315.0142522000
20
34.6530720447
11
314.9911100506
21
34.7323688945
72
1
10
314.9911100506
20
34.7323688945
11
315.6099829647
21
34.8102809714
72
1
10
315.6099829647
20
34.8102809714
11
315.6557373009
21
34.7862690352
72
1
10
315.6557373009
20
34.7862690352
11
315.7085597633
21
34.7636864327
72
1
10
315.7085597633
20
34.7636864327
11
315.7673194515
21
34.7419176741
97
1
330
2FF
75
0
76
1
98
1
10
0.0
20
0.0
0
LWPOLYLINE
5
301
100
AcDbEntity
8
0
100
AcDbPolyline
62
2
6
CONTINUOUS
90
28
70
0
10
311.4345631252
20
34.7233766593
10
311.4345631252
20
34.6810772038
10
311.4345631252
20
34.6275542122
10
311.4345631252
20
34.5642558829
10
311.4345631252
20
34.4926304140
10
311.4345631252
20
34.4141260036
10
311.4345631252
20
34.2422731514
10
311.4345631252
20
34.0602829118
10
311.4345631252
20
33.8797408705
10
311.4345631252
20
33.7122326129
10
310.8324085731
20
33.6352749911
10
310.8324085731
20
33.7752267311
10
310.8324085731
20
33.9289014964
10
310.8324085731
20
34.0863193549
10
310.8324085731
20
34.2374987249
10
310.8324085731
20
34.3724580417
10
310.8324085731
20
34.4307355951
10
310.8324085731
20
34.4812141857
10
310.8324085731
20
34.5226506089
10
310.8324085731
20
34.5537904598
10
310.8324085731
20
34.5733905338
10
310.8324085731
20
34.5802001595
10
310.8292477238
20
34.6530250227
10
310.8198751119
20
34.7192254798
10
311.4345631252
20
34.7705185276
10
311.4345631252
20
34.7685121697
10
311.4345631252
20
34.7530043807
10
311.4345631252
20
34.7233766593
0
HATCH
5
302
100
AcDbEntity
8
0
100
AcDbHatch
62
2
6
CONTINUOUS
10
0.0
20
0.0
30
0.0
210
0.0
220
0.0
230
1.0
2
SOLID
70
1
71
1
91
1
92
1
93
27
72
1
10
311.4345631252
20
34.7233766593
11
311.4345631252
21
34.6810772038
72
1
10
311.4345631252
20
34.6810772038
11
311.4345631252
21
34.6275542122
72
1
10
311.4345631252
20
34.6275542122
11
311.4345631252
21
34.5642558829
72
1
10
311.4345631252
20
34.5642558829
11
311.4345631252
21
34.4926304140
72
1
10
311.4345631252
20
34.4926304140
11
311.4345631252
21
34.4141260036
72
1
10
311.4345631252
20
34.4141260036
11
311.4345631252
21
34.2422731514
72
1
10
311.4345631252
20
34.2422731514
11
311.4345631252
21
34.0602829118
72
1
10
311.4345631252
20
34.0602829118
11
311.4345631252
21
33.8797408705
72
1
10
311.4345631252
20
33.8797408705
11
311.4345631252
21
33.7122326129
72
1
10
311.4345631252
20
33.7122326129
11
310.8324085731
21
33.6352749911
72
1
10
310.8324085731
20
33.6352749911
11
310.8324085731
21
33.7752267311
72
1
10
310.8324085731
20
33.7752267311
11
310.8324085731
21
33.9289014964
72
1
10
310.8324085731
20
33.9289014964
11
310.8324085731
21
34.0863193549
72
1
10
310.8324085731
20
34.0863193549
11
310.8324085731
21
34.2374987249
72
1
10
310.8324085731
20
34.2374987249
11
310.8324085731
21
34.3724580417
72
1
10
310.8324085731
20
34.3724580417
11
310.8324085731
21
34.4307355951
72
1
10
310.8324085731
20
34.4307355951
11
310.8324085731
21
34.4812141857
72
1
10
310.8324085731
20
34.4812141857
11
310.8324085731
21
34.5226506089
72
1
10
310.8324085731
20
34.5226506089
11
310.8324085731
21
34.5537904598
72
1
10
310.8324085731
20
34.5537904598
11
310.8324085731
21
34.5733905338
72
1
10
310.8324085731
20
34.5733905338
11
310.8324085731
21
34.5802001595
72
1
10
310.8324085731
20
34.5802001595
11
310.8292477238
21
34.6530250227
72
1
10
310.8292477238
20
34.6530250227
11
310.8198751119
21
34.7192254798
72
1
10
310.8198751119
20
34.7192254798
11
311.4345631252
21
34.7705185276
72
1
10
311.4345631252
20
34.7705185276
11
311.4345631252
21
34.7685121697
72
1
10
311.4345631252
20
34.7685121697
11
311.4345631252
21
34.7530043807
72
1
10
311.4345631252
20
34.7530043807
11
311.4345631252
21
34.7233766593
97
1
330
301
75
0
76
1
98
1
10
0.0
20
0.0
0
LWPOLYLINE
5
303
100
AcDbEntity
8
0
100
AcDbPolyline
62
2
6
CONTINUOUS
90
6
70
0
10
293.1000265964
20
34.7087252089
10
293.0844609481
20
34.6662059557
10
292.4667928481
20
34.5891695234
10
292.4817622152
20
34.6792423471
10
293.1185430882
20
34.7494799573
10
293.1000265964
20
34.7087252089
0
HATCH
5
304
100
AcDbEntity
8
0
100
AcDbHatch
62
2
6
CONTINUOUS
10
0.0
20
0.0
30
0.0
210
0.0
220
0.0
230
1.0
2
SOLID
70
1
71
1
91
1
92
1
93
5
72
1
10
293.1000265964
20
34.7087252089
11
293.0844609481
21
34.6662059557
72
1
10
293.0844609481
20
34.6662059557
11
292.4667928481
21
34.5891695234
72
1
10
292.4667928481
20
34.5891695234
11
292.4817622152
21
34.6792423471
72
1
10
292.4817622152
20
34.6792423471
11
293.1185430882
21
34.7494799573
72
1
10
293.1185430882
20
34.7494799573
11
293.1000265964
21
34.7087252089
97
1
330
303
75
0
76
1
98
1
10
0.0
20
0.0
0
LWPOLYLINE
5
305
100
AcDbEntity
8
0
100
AcDbPolyline
62
2
6
CONTINUOUS
90
6
70
0
10
307.5322625181
20
34.7085868659
10
307.5166780161
20
34.6660661822
10
306.8991264666
20
34.5890297746
10
306.9140985272
20
34.6791144527
10
307.5507990210
20
34.7493420619
10
307.5322625181
20
34.7085868659
0
HATCH
5
306
100
AcDbEntity
8
0
100
AcDbHatch
62
2
6
CONTINUOUS
10
0.0
20
0.0
30
0.0
210
0.0
220
0.0
230
1.0
2
SOLID
70
1
71
1
91
1
92
1
93
5
72
1
10
307.5322625181
20
34.7085868659
11
307.5166780161
21
34.6660661822
72
1
10
307.5166780161
20
34.6660661822
11
306.8991264666
21
34.5890297746
72
1
10
306.8991264666
20
34.5890297746
11
306.9140985272
21
34.6791144527
72
1
10
306.9140985272
20
34.6791144527
11
307.5507990210
21
34.7493420619
72
1
10
307.5507990210
20
34.7493420619
11
307.5322625181
21
34.7085868659
97
1
330
305
75
0
76
1
98
1
10
0.0
20
0.0
0
LWPOLYLINE
5
307
100
AcDbEntity
8
0
100
AcDbPolyline
62
2
6
CONTINUOUS
90
7
70
0
10
297.8259565949
20
35.1995176983
10
297.8259565949
20
34.6567375152
10
296.5650808114
20
34.6567375152
10
295.9588241341
20
33.3979124947
10
296.5650808114
20
35.8065861242
10
296.5650808114
20
35.1995176983
10
297.8259565949
20
35.1995176983
0
HATCH
5
308
100
AcDbEntity
8
0
100
AcDbHatch
62
2
6
CONTINUOUS
10
0.0
20
0.0
30
0.0
210
0.0
220
0.0
230
1.0
2
SOLID
70
1
71
1
91
1
92
1
93
6
72
1
10
297.8259565949
20
35.1995176983
11
297.8259565949
21
34.6567375152
72
1
10
297.8259565949
20
34.6567375152
11
296.5650808114
21
34.6567375152
72
1
10
296.5650808114
20
34.6567375152
11
295.9588241341
21
33.3979124947
72
1
10
295.9588241341
20
33.3979124947
11
296.5650808114
21
35.8065861242
72
1
10
296.5650808114
20
35.8065861242
11
296.5650808114
21
35.1995176983
72
1
10
296.5650808114
20
35.1995176983
11
297.8259565949
21
35.1995176983
97
1
330
307
75
0
76
1
98
1
10
0.0
20
0.0
0
LWPOLYLINE
5
309
100
AcDbEntity
8
0
100
AcDbPolyline
62
2
6
CONTINUOUS
90
37
70
0
10
300.8545953323
20
34.6238653911
10
301.4327276315
20
34.5657382767
10
301.4408270095
20
34.4021874042
10
299.3600358389
20
34.3617706568
10
299.3571434016
20
34.4496337998
10
299.3676636227
20
34.6130026268
10
299.9804182530
20
34.7522147764
10
299.9672770500
20
34.7113372902
10
299.9562149166
20
34.6685260027
10
299.9472613398
20
34.6238653911
10
299.9493227553
20
34.6238653911
10
299.9553514234
20
34.6238653911
10
299.9651139762
20
34.6238653911
10
299.9783770460
20
34.6238653911
10
299.9949072649
20
34.6238653911
10
300.0144712652
20
34.6238653911
10
300.0368356790
20
34.6238653911
10
300.0617671386
20
34.6238653911
10
300.0890322761
20
34.6238653911
10
300.1183977238
20
34.6238653911
10
300.1824960786
20
34.6238653911
10
300.2521952605
20
34.6238653911
10
300.3256283271
20
34.6238653911
10
300.4762283450
20
34.6238653911
10
300.5496614117
20
34.6238653911
10
300.6193605935
20
34.6238653911
10
300.6834589483
20
34.6238653911
10
300.7128243960
20
34.6238653911
10
300.7400895336
20
34.6238653911
10
300.7650209931
20
34.6238653911
10
300.7873854070
20
34.6238653911
10
300.8069494072
20
34.6238653911
10
300.8234796262
20
34.6238653911
10
300.8367426959
20
34.6238653911
10
300.8465052487
20
34.6238653911
10
300.8525339168
20
34.6238653911
10
300.8545953323
20
34.6238653911
0
HATCH
5
30A
100
AcDbEntity
8
0
100
AcDbHatch
62
2
6
CONTINUOUS
10
0.0
20
0.0
30
0.0
210
0.0
220
0.0
230
1.0
2
SOLID
70
1
71
1
91
1
92
1
93
36
72
1
10
300.8545953323
20
34.6238653911
11
301.4327276315
21
34.5657382767
72
1
10
301.4327276315
20
34.5657382767
11
301.4408270095
21
34.4021874042
72
1
10
301.4408270095
20
34.4021874042
11
299.3600358389
21
34.3617706568
72
1
10
299.3600358389
20
34.3617706568
11
299.3571434016
21
34.4496337998
72
1
10
299.3571434016
20
34.4496337998
11
299.3676636227
21
34.6130026268
72
1
10
299.3676636227
20
34.6130026268
11
299.9804182530
21
34.7522147764
72
1
10
299.9804182530
20
34.7522147764
11
299.9672770500
21
34.7113372902
72
1
10
299.9672770500
20
34.7113372902
11
299.9562149166
21
34.6685260027
72
1
10
299.9562149166
20
34.6685260027
11
299.9472613398
21
34.6238653911
72
1
10
299.9472613398
20
34.6238653911
11
299.9493227553
21
34.6238653911
72
1
10
299.9493227553
20
34.6238653911
11
299.9553514234
21
34.6238653911
72
1
10
299.9553514234
20
34.6238653911
11
299.9651139762
21
34.6238653911
72
1
10
299.9651139762
20
34.6238653911
11
299.9783770460
21
34.6238653911
72
1
10
299.9783770460
20
34.6238653911
11
299.9949072649
21
34.6238653911
72
1
10
299.9949072649
20
34.6238653911
11
300.0144712652
21
34.6238653911
72
1
10
300.0144712652
20
34.6238653911
11
300.0368356790
21
34.6238653911
72
1
10
300.0368356790
20
34.6238653911
11
300.0617671386
21
34.6238653911
72
1
10
300.0617671386
20
34.6238653911
11
300.0890322761
21
34.6238653911
72
1
10
300.0890322761
20
34.6238653911
11
300.1183977238
21
34.6238653911
72
1
10
300.1183977238
20
34.6238653911
11
300.1824960786
21
34.6238653911
72
1
10
300.1824960786
20
34.6238653911
11
300.2521952605
21
34.6238653911
72
1
10
300.2521952605
20
34.6238653911
11
300.3256283271
21
34.6238653911
72
1
10
300.3256283271
20
34.6238653911
11
300.4762283450
21
34.6238653911
72
1
10
300.4762283450
20
34.6238653911
11
300.5496614117
21
34.6238653911
72
1
10
300.5496614117
20
34.6238653911
11
300.6193605935
21
34.6238653911
72
1
10
300.6193605935
20
34.6238653911
11
300.6834589483
21
34.6238653911
72
1
10
300.6834589483
20
34.6238653911
11
300.7128243960
21
34.6238653911
72
1
10
300.7128243960
20
34.6238653911
11
300.7400895336
21
34.6238653911
72
1
10
300.7400895336
20
34.6238653911
11
300.7650209931
21
34.6238653911
72
1
10
300.7650209931
20
34.6238653911
11
300.7873854070
21
34.6238653911
72
1
10
300.7873854070
20
34.6238653911
11
300.8069494072
21
34.6238653911
72
1
10
300.8069494072
20
34.6238653911
11
300.8234796262
21
34.6238653911
72
1
10
300.8234796262
20
34.6238653911
11
300.8367426959
21
34.6238653911
72
1
10
300.8367426959
20
34.6238653911
11
300.8465052487
21
34.6238653911
72
1
10
300.8465052487
20
34.6238653911
11
300.8525339168
21
34.6238653911
72
1
10
300.8525339168
20
34.6238653911
11
300.8545953323
21
34.6238653911
97
1
330
309
75
0
76
1
98
1
10
0.0
20
0.0
0
LWPOLYLINE
5
30B
100
AcDbEntity
8
0
100
AcDbPolyline
62
2
6
CONTINUOUS
90
6
70
0
10
291.0141688436
20
34.6379296655
10
290.9972070303
20
34.5604223177
10
290.3953715947
20
34.4497940431
10
290.4061633002
20
34.6095813373
10
291.0400876729
20
34.7105746770
10
291.0141688436
20
34.6379296655
0
HATCH
5
30C
100
AcDbEntity
8
0
100
AcDbHatch
62
2
6
CONTINUOUS
10
0.0
20
0.0
30
0.0
210
0.0
220
0.0
230
1.0
2
SOLID
70
1
71
1
91
1
92
1
93
5
72
1
10
291.0141688436
20
34.6379296655
11
290.9972070303
21
34.5604223177
72
1
10
290.9972070303
20
34.5604223177
11
290.3953715947
21
34.4497940431
72
1
10
290.3953715947
20
34.4497940431
11
290.4061633002
21
34.6095813373
72
1
10
290.4061633002
20
34.6095813373
11
291.0400876729
21
34.7105746770
72
1
10
291.0400876729
20
34.7105746770
11
291.0141688436
21
34.6379296655
97
1
330
30B
75
0
76
1
98
1
10
0.0
20
0.0
0
LWPOLYLINE
5
30D
100
AcDbEntity
8
0
100
AcDbPolyline
62
2
6
CONTINUOUS
90
6
70
0
10
302.3347936021
20
34.6377945103
10
302.3178314310
20
34.5602752843
10
301.7159959213
20
34.4496337998
10
301.7267876268
20
34.6094434699
10
302.3607133009
20
34.7104454514
10
302.3347936021
20
34.6377945103
0
HATCH
5
30E
100
AcDbEntity
8
0
100
AcDbHatch
62
2
6
CONTINUOUS
10
0.0
20
0.0
30
0.0
210
0.0
220
0.0
230
1.0
2
SOLID
70
1
71
1
91
1
92
1
93
5
72
1
10
302.3347936021
20
34.6377945103
11
302.3178314310
21
34.5602752843
72
1
10
302.3178314310
20
34.5602752843
11
301.7159959213
21
34.4496337998
72
1
10
301.7159959213
20
34.4496337998
11
301.7267876268
21
34.6094434699
72
1
10
301.7267876268
20
34.6094434699
11
302.3607133009
21
34.7104454514
72
1
10
302.3607133009
20
34.7104454514
11
302.3347936021
21
34.6377945103
97
1
330
30D
75
0
76
1
98
1
10
0.0
20
0.0
0
LWPOLYLINE
5
30F
100
AcDbEntity
8
0
100
AcDbPolyline
62
2
6
CONTINUOUS
90
6
70
0
10
313.3418653231
20
34.6377945103
10
313.3249079878
20
34.5602752843
10
312.7230205754
20
34.4496337998
10
312.7338133329
20
34.6094434699
10
313.3677771155
20
34.7104454514
10
313.3418653231
20
34.6377945103
0
HATCH
5
310
100
AcDbEntity
8
0
100
AcDbHatch
62
2
6
CONTINUOUS
10
0.0
20
0.0
30
0.0
210
0.0
220
0.0
230
1.0
2
SOLID
70
1
71
1
91
1
92
1
93
5
72
1
10
313.3418653231
20
34.6377945103
11
313.3249079878
21
34.5602752843
72
1
10
313.3249079878
20
34.5602752843
11
312.7230205754
21
34.4496337998
72
1
10
312.7230205754
20
34.4496337998
11
312.7338133329
21
34.6094434699
72
1
10
312.7338133329
20
34.6094434699
11
313.3677771155
21
34.7104454514
72
1
10
313.3677771155
20
34.7104454514
11
313.3418653231
21
34.6377945103
97
1
330
30F
75
0
76
1
98
1
10
0.0
20
0.0
0
LWPOLYLINE
5
311
100
AcDbEntity
8
0
100
AcDbPolyline
62
2
6
CONTINUOUS
90
9
70
0
10
306.1701719325
20
34.6289440977
10
306.1301082280
20
34.5360632221
10
305.4750358526
20
34.3128843268
10
305.4750358526
20
34.6015471174
10
306.4316028740
20
34.8741470852
10
306.3518896720
20
34.8315734836
10
306.2814731304
20
34.7765887625
10
306.2207637253
20
34.7090824558
10
306.1701719325
20
34.6289440977
0
HATCH
5
312
100
AcDbEntity
8
0
100
AcDbHatch
62
2
6
CONTINUOUS
10
0.0
20
0.0
30
0.0
210
0.0
220
0.0
230
1.0
2
SOLID
70
1
71
1
91
1
92
1
93
8
72
1
10
306.1701719325
20
34.6289440977
11
306.1301082280
21
34.5360632221
72
1
10
306.1301082280
20
34.5360632221
11
305.4750358526
21
34.3128843268
72
1
10
305.4750358526
20
34.3128843268
11
305.4750358526
21
34.6015471174
72
1
10
305.4750358526
20
34.6015471174
11
306.4316028740
21
34.8741470852
72
1
10
306.4316028740
20
34.8741470852
11
306.3518896720
21
34.8315734836
72
1
10
306.3518896720
20
34.8315734836
11
306.2814731304
21
34.7765887625
72
1
10
306.2814731304
20
34.7765887625
11
306.2207637253
21
34.7090824558
72
1
10
306.2207637253
20
34.7090824558
11
306.1701719325
21
34.6289440977
97
1
330
311
75
0
76
1
98
1
10
0.0
20
0.0
0
LWPOLYLINE
5
313
100
AcDbEntity
8
0
100
AcDbPolyline
62
2
6
CONTINUOUS
90
6
70
0
10
293.0719003892
20
34.6220952871
10
293.0623991660
20
34.5765662928
10
292.4591838505
20
34.4967705381
10
292.4667928481
20
34.5891695234
10
293.0844609481
20
34.6662059557
10
293.0719003892
20
34.6220952871
0
HATCH
5
314
100
AcDbEntity
8
0
100
AcDbHatch
62
2
6
CONTINUOUS
10
0.0
20
0.0
30
0.0
210
0.0
220
0.0
230
1.0
2
SOLID
70
1
71
1
91
1
92
1
93
5
72
1
10
293.0719003892
20
34.6220952871
11
293.0623991660
21
34.5765662928
72
1
10
293.0623991660
20
34.5765662928
11
292.4591838505
21
34.4967705381
72
1
10
292.4591838505
20
34.4967705381
11
292.4667928481
21
34.5891695234
72
1
10
292.4667928481
20
34.5891695234
11
293.0844609481
21
34.6662059557
72
1
10
293.0844609481
20
34.6662059557
11
293.0719003892
21
34.6220952871
97
1
330
313
75
0
76
1
98
1
10
0.0
20
0.0
0
LWPOLYLINE
5
315
100
AcDbEntity
8
0
100
AcDbPolyline
62
2
6
CONTINUOUS
90
6
70
0
10
307.5041006346
20
34.6219529695
10
307.4945854932
20
34.5764201862
10
306.8915159550
20
34.4966166417
10
306.8991264666
20
34.5890297746
10
307.5166780161
20
34.6660661822
10
307.5041006346
20
34.6219529695
0
HATCH
5
316
100
AcDbEntity
8
0
100
AcDbHatch
62
2
6
CONTINUOUS
10
0.0
20
0.0
30
0.0
210
0.0
220
0.0
230
1.0
2
SOLID
70
1
71
1
91
1
92
1
93
5
72
1
10
307.5041006346
20
34.6219529695
11
307.4945854932
21
34.5764201862
72
1
10
307.4945854932
20
34.5764201862
11
306.8915159550
21
34.4966166417
72
1
10
306.8915159550
20
34.4966166417
11
306.8991264666
21
34.5890297746
72
1
10
306.8991264666
20
34.5890297746
11
307.5166780161
21
34.6660661822
72
1
10
307.5166780161
20
34.6660661822
11
307.5041006346
21
34.6219529695
97
1
330
315
75
0
76
1
98
1
10
0.0
20
0.0
0
LWPOLYLINE
5
317
100
AcDbEntity
8
0
100
AcDbPolyline
62
2
6
CONTINUOUS
90
41
70
0
10
316.1812289156
20
34.5939284073
10
316.3154290697
20
34.5232071927
10
316.3767332833
20
34.4810659822
10
316.4326657212
20
34.4335837163
10
316.4820954830
20
34.3801449052
10
316.5238916686
20
34.3201340589
10
316.5569233779
20
34.2529356875
10
316.5800597106
20
34.1779343010
10
316.5921697667
20
34.0945144096
10
316.5937365346
20
34.0494562885
10
316.5932171392
20
34.0181506745
10
316.5810207431
20
33.9006111209
10
316.5534092360
20
33.7952082166
10
315.8521160934
20
33.8259778507
10
315.8908362795
20
33.8310412702
10
315.9251977120
20
33.8388431764
10
315.9552670348
20
33.8492689325
10
315.9811108920
20
33.8622039018
10
316.0027959275
20
33.8775334476
10
316.0203887853
20
33.8951429331
10
316.0339561092
20
33.9149177218
10
316.0435645433
20
33.9367431768
10
316.0492807316
20
33.9605046615
10
316.0511713179
20
33.9860875392
10
316.0449969359
20
34.0235914636
10
316.0272279128
20
34.0563260803
10
315.9989954332
20
34.0850133846
10
315.9614306815
20
34.1103753715
10
315.9156648423
20
34.1331340362
10
315.8628290999
20
34.1540113739
10
315.7404726440
20
34.1930100486
10
315.6034107897
20
34.2331473570
10
315.4606930130
20
34.2801992602
10
315.3213687897
20
34.3399417193
10
315.2558072218
20
34.3763768953
10
315.1944875958
20
34.4181506957
10
315.1385410961
20
34.4659851157
10
315.0890989073
20
34.5206021504
10
315.0472922137
20
34.5827237950
10
316.0391124603
20
34.6506712795
10
316.1812289156
20
34.5939284073
0
HATCH
5
318
100
AcDbEntity
8
0
100
AcDbHatch
62
2
6
CONTINUOUS
10
0.0
20
0.0
30
0.0
210
0.0
220
0.0
230
1.0
2
SOLID
70
1
71
1
91
1
92
1
93
40
72
1
10
316.1812289156
20
34.5939284073
11
316.3154290697
21
34.5232071927
72
1
10
316.3154290697
20
34.5232071927
11
316.3767332833
21
34.4810659822
72
1
10
316.3767332833
20
34.4810659822
11
316.4326657212
21
34.4335837163
72
1
10
316.4326657212
20
34.4335837163
11
316.4820954830
21
34.3801449052
72
1
10
316.4820954830
20
34.3801449052
11
316.5238916686
21
34.3201340589
72
1
10
316.5238916686
20
34.3201340589
11
316.5569233779
21
34.2529356875
72
1
10
316.5569233779
20
34.2529356875
11
316.5800597106
21
34.1779343010
72
1
10
316.5800597106
20
34.1779343010
11
316.5921697667
21
34.0945144096
72
1
10
316.5921697667
20
34.0945144096
11
316.5937365346
21
34.0494562885
72
1
10
316.5937365346
20
34.0494562885
11
316.5932171392
21
34.0181506745
72
1
10
316.5932171392
20
34.0181506745
11
316.5810207431
21
33.9006111209
72
1
10
316.5810207431
20
33.9006111209
11
316.5534092360
21
33.7952082166
72
1
10
316.5534092360
20
33.7952082166
11
315.8521160934
21
33.8259778507
72
1
10
315.8521160934
20
33.8259778507
11
315.8908362795
21
33.8310412702
72
1
10
315.8908362795
20
33.8310412702
11
315.9251977120
21
33.8388431764
72
1
10
315.9251977120
20
33.8388431764
11
315.9552670348
21
33.8492689325
72
1
10
315.9552670348
20
33.8492689325
11
315.9811108920
21
33.8622039018
72
1
10
315.9811108920
20
33.8622039018
11
316.0027959275
21
33.8775334476
72
1
10
316.0027959275
20
33.8775334476
11
316.0203887853
21
33.8951429331
72
1
10
316.0203887853
20
33.8951429331
11
316.0339561092
21
33.9149177218
72
1
10
316.0339561092
20
33.9149177218
11
316.0435645433
21
33.9367431768
72
1
10
316.0435645433
20
33.9367431768
11
316.0492807316
21
33.9605046615
72
1
10
316.0492807316
20
33.9605046615
11
316.0511713179
21
33.9860875392
72
1
10
316.0511713179
20
33.9860875392
11
316.0449969359
21
34.0235914636
72
1
10
316.0449969359
20
34.0235914636
11
316.0272279128
21
34.0563260803
72
1
10
316.0272279128
20
34.0563260803
11
315.9989954332
21
34.0850133846
72
1
10
315.9989954332
20
34.0850133846
11
315.9614306815
21
34.1103753715
72
1
10
315.9614306815
20
34.1103753715
11
315.9156648423
21
34.1331340362
72
1
10
315.9156648423
20
34.1331340362
11
315.8628290999
21
34.1540113739
72
1
10
315.8628290999
20
34.1540113739
11
315.7404726440
21
34.1930100486
72
1
10
315.7404726440
20
34.1930100486
11
315.6034107897
21
34.2331473570
72
1
10
315.6034107897
20
34.2331473570
11
315.4606930130
21
34.2801992602
72
1
10
315.4606930130
20
34.2801992602
11
315.3213687897
21
34.3399417193
72
1
10
315.3213687897
20
34.3399417193
11
315.2558072218
21
34.3763768953
72
1
10
315.2558072218
20
34.3763768953
11
315.1944875958
21
34.4181506957
72
1
10
315.1944875958
20
34.4181506957
11
315.1385410961
21
34.4659851157
72
1
10
315.1385410961
20
34.4659851157
11
315.0890989073
21
34.5206021504
72
1
10
315.0890989073
20
34.5206021504
11
315.0472922137
21
34.5827237950
72
1
10
315.0472922137
20
34.5827237950
11
316.0391124603
21
34.6506712795
72
1
10
316.0391124603
20
34.6506712795
11
316.1812289156
21
34.5939284073
97
1
330
317
75
0
76
1
98
1
10
0.0
20
0.0
0
LWPOLYLINE
5
319
100
AcDbEntity
8
0
100
AcDbPolyline
62
2
6
CONTINUOUS
90
50
70
0
10
294.1508153500
20
34.5701929917
10
294.1405638935
20
34.6163136958
10
294.7474664330
20
34.5969597344
10
294.7550165930
20
34.5046515014
10
294.7550088877
20
34.4106742974
10
294.7473982815
20
34.3182344783
10
294.7324258642
20
34.2281291412
10
294.7103512486
20
34.1406626233
10
294.6814340472
20
34.0561392617
10
294.6459338725
20
33.9748633938
10
294.6041103370
20
33.8971393566
10
294.5562230534
20
33.8232714874
10
294.5025316342
20
33.7535641234
10
294.4432956919
20
33.6883216017
10
294.3787748390
20
33.6278482595
10
294.3092286882
20
33.5724484340
10
294.2349168520
20
33.5224264625
10
292.9753327076
20
33.5201224193
10
292.9015466716
20
33.5695737113
10
292.8325024301
20
33.6243803420
10
292.7684559703
20
33.6842505968
10
292.7096632798
20
33.7488927608
10
292.6563803460
20
33.8180151195
10
292.6088631562
20
33.8913259580
10
293.4653903923
20
33.8856286758
10
293.5120706402
20
33.8755563617
10
293.5606334068
20
33.8693835427
10
293.6109827348
20
33.8672867149
10
293.6629013742
20
33.8693517754
10
293.7125790865
20
33.8754316802
10
293.7599612325
20
33.8853535144
10
293.8049931730
20
33.8989443632
10
293.8476202687
20
33.9160313117
10
293.8877878806
20
33.9364414450
10
293.9254413694
20
33.9600018482
10
293.9605260960
20
33.9865396064
10
293.9929874211
20
34.0158818048
10
294.0227707057
20
34.0478555283
10
294.0498213104
20
34.0822878623
10
294.0740845962
20
34.1190058917
10
294.0955059238
20
34.1578367016
10
294.1140306540
20
34.1986073773
10
294.1296041477
20
34.2411450038
10
294.1421717658
20
34.2852766661
10
294.1516788689
20
34.3308294495
10
294.1580708180
20
34.3776304391
10
294.1612929738
20
34.4255067199
10
294.1612549789
20
34.4743682403
10
294.1577444078
20
34.5228190806
10
294.1508153500
20
34.5701929917
0
HATCH
5
31A
100
AcDbEntity
8
0
100
AcDbHatch
62
2
6
CONTINUOUS
10
0.0
20
0.0
30
0.0
210
0.0
220
0.0
230
1.0
2
SOLID
70
1
71
1
91
1
92
1
93
49
72
1
10
294.1508153500
20
34.5701929917
11
294.1405638935
21
34.6163136958
72
1
10
294.1405638935
20
34.6163136958
11
294.7474664330
21
34.5969597344
72
1
10
294.7474664330
20
34.5969597344
11
294.7550165930
21
34.5046515014
72
1
10
294.7550165930
20
34.5046515014
11
294.7550088877
21
34.4106742974
72
1
10
294.7550088877
20
34.4106742974
11
294.7473982815
21
34.3182344783
72
1
10
294.7473982815
20
34.3182344783
11
294.7324258642
21
34.2281291412
72
1
10
294.7324258642
20
34.2281291412
11
294.7103512486
21
34.1406626233
72
1
10
294.7103512486
20
34.1406626233
11
294.6814340472
21
34.0561392617
72
1
10
294.6814340472
20
34.0561392617
11
294.6459338725
21
33.9748633938
72
1
10
294.6459338725
20
33.9748633938
11
294.6041103370
21
33.8971393566
72
1
10
294.6041103370
20
33.8971393566
11
294.5562230534
21
33.8232714874
72
1
10
294.5562230534
20
33.8232714874
11
294.5025316342
21
33.7535641234
72
1
10
294.5025316342
20
33.7535641234
11
294.4432956919
21
33.6883216017
72
1
10
294.4432956919
20
33.6883216017
11
294.3787748390
21
33.6278482595
72
1
10
294.3787748390
20
33.6278482595
11
294.3092286882
21
33.5724484340
72
1
10
294.3092286882
20
33.5724484340
11
294.2349168520
21
33.5224264625
72
1
10
294.2349168520
20
33.5224264625
11
292.9753327076
21
33.5201224193
72
1
10
292.9753327076
20
33.5201224193
11
292.9015466716
21
33.5695737113
72
1
10
292.9015466716
20
33.5695737113
11
292.8325024301
21
33.6243803420
72
1
10
292.8325024301
20
33.6243803420
11
292.7684559703
21
33.6842505968
72
1
10
292.7684559703
20
33.6842505968
11
292.7096632798
21
33.7488927608
72
1
10
292.7096632798
20
33.7488927608
11
292.6563803460
21
33.8180151195
72
1
10
292.6563803460
20
33.8180151195
11
292.6088631562
21
33.8913259580
72
1
10
292.6088631562
20
33.8913259580
11
293.4653903923
21
33.8856286758
72
1
10
293.4653903923
20
33.8856286758
11
293.5120706402
21
33.8755563617
72
1
10
293.5120706402
20
33.8755563617
11
293.5606334068
21
33.8693835427
72
1
10
293.5606334068
20
33.8693835427
11
293.6109827348
21
33.8672867149
72
1
10
293.6109827348
20
33.8672867149
11
293.6629013742
21
33.8693517754
72
1
10
293.6629013742
20
33.8693517754
11
293.7125790865
21
33.8754316802
72
1
10
293.7125790865
20
33.8754316802
11
293.7599612325
21
33.8853535144
72
1
10
293.7599612325
20
33.8853535144
11
293.8049931730
21
33.8989443632
72
1
10
293.8049931730
20
33.8989443632
11
293.8476202687
21
33.9160313117
72
1
10
293.8476202687
20
33.9160313117
11
293.8877878806
21
33.9364414450
72
1
10
293.8877878806
20
33.9364414450
11
293.9254413694
21
33.9600018482
72
1
10
293.9254413694
20
33.9600018482
11
293.9605260960
21
33.9865396064
72
1
10
293.9605260960
20
33.9865396064
11
293.9929874211
21
34.0158818048
72
1
10
293.9929874211
20
34.0158818048
11
294.0227707057
21
34.0478555283
72
1
10
294.0227707057
20
34.0478555283
11
294.0498213104
21
34.0822878623
72
1
10
294.0498213104
20
34.0822878623
11
294.0740845962
21
34.1190058917
72
1
10
294.0740845962
20
34.1190058917
11
294.0955059238
21
34.1578367016
72
1
10
294.0955059238
20
34.1578367016
11
294.1140306540
21
34.1986073773
72
1
10
294.1140306540
20
34.1986073773
11
294.1296041477
21
34.2411450038
72
1
10
294.1296041477
20
34.2411450038
11
294.1421717658
21
34.2852766661
72
1
10
294.1421717658
20
34.2852766661
11
294.1516788689
21
34.3308294495
72
1
10
294.1516788689
20
34.3308294495
11
294.1580708180
21
34.3776304391
72
1
10
294.1580708180
20
34.3776304391
11
294.1612929738
21
34.4255067199
72
1
10
294.1612929738
20
34.4255067199
11
294.1612549789
21
34.4743682403
72
1
10
294.1612549789
20
34.4743682403
11
294.1577444078
21
34.5228190806
72
1
10
294.1577444078
20
34.5228190806
11
294.1508153500
21
34.5701929917
97
1
330
319
75
0
76
1
98
1
10
0.0
20
0.0
0
LWPOLYLINE
5
31B
100
AcDbEntity
8
0
100
AcDbPolyline
62
2
6
CONTINUOUS
90
50
70
0
10
308.5828893123
20
34.5700468852
10
308.5726482508
20
34.6161713782
10
309.1796912646
20
34.5968199855
10
309.1872406438
20
34.5044976050
10
309.1872328348
20
34.4105124127
10
309.1796222286
20
34.3180725936
10
309.1646498113
20
34.2279672565
10
309.1425751957
20
34.1405007386
10
309.1136579943
20
34.0559773771
10
309.0781578196
20
33.9747015092
10
309.0363342841
20
33.8969774720
10
308.9884470005
20
33.8231096028
10
308.9347555813
20
33.7534022388
10
308.8755196390
20
33.6881597170
10
308.8109987861
20
33.6276863749
10
308.7414526353
20
33.5722865494
10
308.6671407991
20
33.5222645779
10
307.4077317134
20
33.5199872865
10
307.3339488476
20
33.5694439725
10
307.2649041510
20
33.6242556042
10
307.2008542227
20
33.6841302047
10
307.1420556613
20
33.7487757974
10
307.0887650659
20
33.8179004053
10
307.0412390353
20
33.8912120519
10
307.8976465726
20
33.8855238134
10
307.9443197522
20
33.8754499234
10
307.9928718908
20
33.8692760306
10
308.0432066819
20
33.8671788061
10
308.0951390357
20
33.8692438593
10
308.1448250247
20
33.8753237131
10
308.1922105338
20
33.8852454091
10
308.2372414478
20
33.8988359886
10
308.2798636518
20
33.9159224930
10
308.3200230307
20
33.9363319639
10
308.3576654694
20
33.9598914426
10
308.3927368528
20
33.9864279706
10
308.4251830659
20
34.0157685893
10
308.4549499936
20
34.0477403402
10
308.4819835209
20
34.0821702646
10
308.5062295326
20
34.1188854041
10
308.5276339138
20
34.1577128000
10
308.5461425493
20
34.1984794938
10
308.5617013241
20
34.2410125270
10
308.5742561231
20
34.2851389409
10
308.5837528312
20
34.3306857771
10
308.5901373335
20
34.3774800768
10
308.5933555147
20
34.4253488817
10
308.5933175199
20
34.4742102975
10
308.5898109233
20
34.5226678093
10
308.5828893123
20
34.5700468852
0
HATCH
5
31C
100
AcDbEntity
8
0
100
AcDbHatch
62
2
6
CONTINUOUS
10
0.0
20
0.0
30
0.0
210
0.0
220
0.0
230
1.0
2
SOLID
70
1
71
1
91
1
92
1
93
49
72
1
10
308.5828893123
20
34.5700468852
11
308.5726482508
21
34.6161713782
72
1
10
308.5726482508
20
34.6161713782
11
309.1796912646
21
34.5968199855
72
1
10
309.1796912646
20
34.5968199855
11
309.1872406438
21
34.5044976050
72
1
10
309.1872406438
20
34.5044976050
11
309.1872328348
21
34.4105124127
72
1
10
309.1872328348
20
34.4105124127
11
309.1796222286
21
34.3180725936
72
1
10
309.1796222286
20
34.3180725936
11
309.1646498113
21
34.2279672565
72
1
10
309.1646498113
20
34.2279672565
11
309.1425751957
21
34.1405007386
72
1
10
309.1425751957
20
34.1405007386
11
309.1136579943
21
34.0559773771
72
1
10
309.1136579943
20
34.0559773771
11
309.0781578196
21
33.9747015092
72
1
10
309.0781578196
20
33.9747015092
11
309.0363342841
21
33.8969774720
72
1
10
309.0363342841
20
33.8969774720
11
308.9884470005
21
33.8231096028
72
1
10
308.9884470005
20
33.8231096028
11
308.9347555813
21
33.7534022388
72
1
10
308.9347555813
20
33.7534022388
11
308.8755196390
21
33.6881597170
72
1
10
308.8755196390
20
33.6881597170
11
308.8109987861
21
33.6276863749
72
1
10
308.8109987861
20
33.6276863749
11
308.7414526353
21
33.5722865494
72
1
10
308.7414526353
20
33.5722865494
11
308.6671407991
21
33.5222645779
72
1
10
308.6671407991
20
33.5222645779
11
307.4077317134
21
33.5199872865
72
1
10
307.4077317134
20
33.5199872865
11
307.3339488476
21
33.5694439725
72
1
10
307.3339488476
20
33.5694439725
11
307.2649041510
21
33.6242556042
72
1
10
307.2649041510
20
33.6242556042
11
307.2008542227
21
33.6841302047
72
1
10
307.2008542227
20
33.6841302047
11
307.1420556613
21
33.7487757974
72
1
10
307.1420556613
20
33.7487757974
11
307.0887650659
21
33.8179004053
72
1
10
307.0887650659
20
33.8179004053
11
307.0412390353
21
33.8912120519
72
1
10
307.0412390353
20
33.8912120519
11
307.8976465726
21
33.8855238134
72
1
10
307.8976465726
20
33.8855238134
11
307.9443197522
21
33.8754499234
72
1
10
307.9443197522
20
33.8754499234
11
307.9928718908
21
33.8692760306
72
1
10
307.9928718908
20
33.8692760306
11
308.0432066819
21
33.8671788061
72
1
10
308.0432066819
20
33.8671788061
11
308.0951390357
21
33.8692438593
72
1
10
308.0951390357
20
33.8692438593
11
308.1448250247
21
33.8753237131
72
1
10
308.1448250247
20
33.8753237131
11
308.1922105338
21
33.8852454091
72
1
10
308.1922105338
20
33.8852454091
11
308.2372414478
21
33.8988359886
72
1
10
308.2372414478
20
33.8988359886
11
308.2798636518
21
33.9159224930
72
1
10
308.2798636518
20
33.9159224930
11
308.3200230307
21
33.9363319639
72
1
10
308.3200230307
20
33.9363319639
11
308.3576654694
21
33.9598914426
72
1
10
308.3576654694
20
33.9598914426
11
308.3927368528
21
33.9864279706
72
1
10
308.3927368528
20
33.9864279706
11
308.4251830659
21
34.0157685893
72
1
10
308.4251830659
20
34.0157685893
11
308.4549499936
21
34.0477403402
72
1
10
308.4549499936
20
34.0477403402
11
308.4819835209
21
34.0821702646
72
1
10
308.4819835209
20
34.0821702646
11
308.5062295326
21
34.1188854041
72
1
10
308.5062295326
20
34.1188854041
11
308.5276339138
21
34.1577128000
72
1
10
308.5276339138
20
34.1577128000
11
308.5461425493
21
34.1984794938
72
1
10
308.5461425493
20
34.1984794938
11
308.5617013241
21
34.2410125270
72
1
10
308.5617013241
20
34.2410125270
11
308.5742561231
21
34.2851389409
72
1
10
308.5742561231
20
34.2851389409
11
308.5837528312
21
34.3306857771
72
1
10
308.5837528312
20
34.3306857771
11
308.5901373335
21
34.3774800768
72
1
10
308.5901373335
20
34.3774800768
11
308.5933555147
21
34.4253488817
72
1
10
308.5933555147
20
34.4253488817
11
308.5933175199
21
34.4742102975
72
1
10
308.5933175199
20
34.4742102975
11
308.5898109233
21
34.5226678093
72
1
10
308.5898109233
20
34.5226678093
11
308.5828893123
21
34.5700468852
97
1
330
31B
75
0
76
1
98
1
10
0.0
20
0.0
0
LWPOLYLINE
5
31D
100
AcDbEntity
8
0
100
AcDbPolyline
62
2
6
CONTINUOUS
90
10
70
0
10
310.0916440452
20
34.5733905338
10
310.0916440452
20
34.5537904598
10
309.4894894931
20
34.2812313963
10
309.4894894931
20
34.5634313535
10
310.1322805009
20
34.8060373539
10
310.1126539031
20
34.7498317843
10
310.0993073041
20
34.6869552799
10
310.0925065973
20
34.6174385467
10
310.0916440452
20
34.5802001595
10
310.0916440452
20
34.5733905338
0
HATCH
5
31E
100
AcDbEntity
8
0
100
AcDbHatch
62
2
6
CONTINUOUS
10
0.0
20
0.0
30
0.0
210
0.0
220
0.0
230
1.0
2
SOLID
70
1
71
1
91
1
92
1
93
9
72
1
10
310.0916440452
20
34.5733905338
11
310.0916440452
21
34.5537904598
72
1
10
310.0916440452
20
34.5537904598
11
309.4894894931
21
34.2812313963
72
1
10
309.4894894931
20
34.2812313963
11
309.4894894931
21
34.5634313535
72
1
10
309.4894894931
20
34.5634313535
11
310.1322805009
21
34.8060373539
72
1
10
310.1322805009
20
34.8060373539
11
310.1126539031
21
34.7498317843
72
1
10
310.1126539031
20
34.7498317843
11
310.0993073041
21
34.6869552799
72
1
10
310.0993073041
20
34.6869552799
11
310.0925065973
21
34.6174385467
72
1
10
310.0925065973
20
34.6174385467
11
310.0916440452
21
34.5802001595
72
1
10
310.0916440452
20
34.5802001595
11
310.0916440452
21
34.5733905338
97
1
330
31D
75
0
76
1
98
1
10
0.0
20
0.0
0
LWPOLYLINE
5
31F
100
AcDbEntity
8
0
100
AcDbPolyline
62
2
6
CONTINUOUS
90
6
70
0
10
293.0560115246
20
34.5297920623
10
293.0527917109
20
34.4819456853
10
292.4591759378
20
34.4028130431
10
292.4591838505
20
34.4967705381
10
293.0623991660
20
34.5765662928
10
293.0560115246
20
34.5297920623
0
HATCH
5
320
100
AcDbEntity
8
0
100
AcDbHatch
62
2
6
CONTINUOUS
10
0.0
20
0.0
30
0.0
210
0.0
220
0.0
230
1.0
2
SOLID
70
1
71
1
91
1
92
1
93
5
72
1
10
293.0560115246
20
34.5297920623
11
293.0527917109
21
34.4819456853
72
1
10
293.0527917109
20
34.4819456853
11
292.4591759378
21
34.4028130431
72
1
10
292.4591759378
20
34.4028130431
11
292.4591838505
21
34.4967705381
72
1
10
292.4591838505
20
34.4967705381
11
293.0623991660
21
34.5765662928
72
1
10
293.0623991660
20
34.5765662928
11
293.0560115246
21
34.5297920623
97
1
330
31F
75
0
76
1
98
1
10
0.0
20
0.0
0
LWPOLYLINE
5
321
100
AcDbEntity
8
0
100
AcDbPolyline
62
2
6
CONTINUOUS
90
6
70
0
10
307.4881877115
20
34.5296407910
10
307.4849624092
20
34.4817877424
10
306.8915082497
20
34.4026590421
10
306.8915159550
20
34.4966166417
10
307.4945854932
20
34.5764201862
10
307.4881877115
20
34.5296407910
0
HATCH
5
322
100
AcDbEntity
8
0
100
AcDbHatch
62
2
6
CONTINUOUS
10
0.0
20
0.0
30
0.0
210
0.0
220
0.0
230
1.0
2
SOLID
70
1
71
1
91
1
92
1
93
5
72
1
10
307.4881877115
20
34.5296407910
11
307.4849624092
21
34.4817877424
72
1
10
307.4849624092
20
34.4817877424
11
306.8915082497
21
34.4026590421
72
1
10
306.8915082497
20
34.4026590421
11
306.8915159550
21
34.4966166417
72
1
10
306.8915159550
20
34.4966166417
11
307.4945854932
21
34.5764201862
72
1
10
307.4945854932
20
34.5764201862
11
307.4881877115
21
34.5296407910
97
1
330
321
75
0
76
1
98
1
10
0.0
20
0.0
0
LWPOLYLINE
5
323
100
AcDbEntity
8
0
100
AcDbPolyline
62
2
6
CONTINUOUS
90
6
70
0
10
289.1775269395
20
34.5110217736
10
289.2315979999
20
34.3497004483
10
288.7058707935
20
34.2062306691
10
288.5957462614
20
34.4880768693
10
289.1169573542
20
34.6917314863
10
289.1775269395
20
34.5110217736
0
HATCH
5
324
100
AcDbEntity
8
0
100
AcDbHatch
62
2
6
CONTINUOUS
10
0.0
20
0.0
30
0.0
210
0.0
220
0.0
230
1.0
2
SOLID
70
1
71
1
91
1
92
1
93
5
72
1
10
289.1775269395
20
34.5110217736
11
289.2315979999
21
34.3497004483
72
1
10
289.2315979999
20
34.3497004483
11
288.7058707935
21
34.2062306691
72
1
10
288.7058707935
20
34.2062306691
11
288.5957462614
21
34.4880768693
72
1
10
288.5957462614
20
34.4880768693
11
289.1169573542
21
34.6917314863
72
1
10
289.1169573542
20
34.6917314863
11
289.1775269395
21
34.5110217736
97
1
330
323
75
0
76
1
98
1
10
0.0
20
0.0
0
LWPOLYLINE
5
325
100
AcDbEntity
8
0
100
AcDbPolyline
62
2
6
CONTINUOUS
90
6
70
0
10
290.9897465299
20
34.4786920063
10
290.9925456394
20
34.3928458299
10
290.4062440273
20
34.2901573755
10
290.3953715947
20
34.4497940431
10
290.9972070303
20
34.5604223177
10
290.9897465299
20
34.4786920063
0
HATCH
5
326
100
AcDbEntity
8
0
100
AcDbHatch
62
2
6
CONTINUOUS
10
0.0
20
0.0
30
0.0
210
0.0
220
0.0
230
1.0
2
SOLID
70
1
71
1
91
1
92
1
93
5
72
1
10
290.9897465299
20
34.4786920063
11
290.9925456394
21
34.3928458299
72
1
10
290.9925456394
20
34.3928458299
11
290.4062440273
21
34.2901573755
72
1
10
290.4062440273
20
34.2901573755
11
290.3953715947
21
34.4497940431
72
1
10
290.3953715947
20
34.4497940431
11
290.9972070303
21
34.5604223177
72
1
10
290.9972070303
20
34.5604223177
11
290.9897465299
21
34.4786920063
97
1
330
325
75
0
76
1
98
1
10
0.0
20
0.0
0
LWPOLYLINE
5
327
100
AcDbEntity
8
0
100
AcDbPolyline
62
2
6
CONTINUOUS
90
6
70
0
10
302.3103708571
20
34.4785336422
10
302.3131692784
20
34.3926927847
10
301.7268671883
20
34.2899958636
10
301.7159959213
20
34.4496337998
10
302.3178314310
20
34.5602752843
10
302.3103708571
20
34.4785336422
0
HATCH
5
328
100
AcDbEntity
8
0
100
AcDbHatch
62
2
6
CONTINUOUS
10
0.0
20
0.0
30
0.0
210
0.0
220
0.0
230
1.0
2
SOLID
70
1
71
1
91
1
92
1
93
5
72
1
10
302.3103708571
20
34.4785336422
11
302.3131692784
21
34.3926927847
72
1
10
302.3131692784
20
34.3926927847
11
301.7268671883
21
34.2899958636
72
1
10
301.7268671883
20
34.2899958636
11
301.7159959213
21
34.4496337998
72
1
10
301.7159959213
20
34.4496337998
11
302.3178314310
21
34.5602752843
72
1
10
302.3178314310
20
34.5602752843
11
302.3103708571
21
34.4785336422
97
1
330
327
75
0
76
1
98
1
10
0.0
20
0.0
0
LWPOLYLINE
5
329
100
AcDbEntity
8
0
100
AcDbPolyline
62
2
6
CONTINUOUS
90
6
70
0
10
313.3174494065
20
34.4785336422
10
313.3202478763
20
34.3926927847
10
312.7338928943
20
34.2899958636
10
312.7230205754
20
34.4496337998
10
313.3249079878
20
34.5602752843
10
313.3174494065
20
34.4785336422
0
HATCH
5
32A
100
AcDbEntity
8
0
100
AcDbHatch
62
2
6
CONTINUOUS
10
0.0
20
0.0
30
0.0
210
0.0
220
0.0
230
1.0
2
SOLID
70
1
71
1
91
1
92
1
93
5
72
1
10
313.3174494065
20
34.4785336422
11
313.3202478763
21
34.3926927847
72
1
10
313.3202478763
20
34.3926927847
11
312.7338928943
21
34.2899958636
72
1
10
312.7338928943
20
34.2899958636
11
312.7230205754
21
34.4496337998
72
1
10
312.7230205754
20
34.4496337998
11
313.3249079878
21
34.5602752843
72
1
10
313.3249079878
20
34.5602752843
11
313.3174494065
21
34.4785336422
97
1
330
329
75
0
76
1
98
1
10
0.0
20
0.0
0
LWPOLYLINE
5
32B
100
AcDbEntity
8
0
100
AcDbPolyline
62
2
6
CONTINUOUS
90
6
70
0
10
293.0528299132
20
34.4330959903
10
293.0563397036
20
34.3846352609
10
292.4667229276
20
34.3104973341
10
292.4591759378
20
34.4028130431
10
293.0527917109
20
34.4819456853
10
293.0528299132
20
34.4330959903
0
HATCH
5
32C
100
AcDbEntity
8
0
100
AcDbHatch
62
2
6
CONTINUOUS
10
0.0
20
0.0
30
0.0
210
0.0
220
0.0
230
1.0
2
SOLID
70
1
71
1
91
1
92
1
93
5
72
1
10
293.0528299132
20
34.4330959903
11
293.0563397036
21
34.3846352609
72
1
10
293.0563397036
20
34.3846352609
11
292.4667229276
21
34.3104973341
72
1
10
292.4667229276
20
34.3104973341
11
292.4591759378
21
34.4028130431
72
1
10
292.4591759378
20
34.4028130431
11
293.0527917109
21
34.4819456853
72
1
10
293.0527917109
20
34.4819456853
11
293.0528299132
21
34.4330959903
97
1
330
32B
75
0
76
1
98
1
10
0.0
20
0.0
0
LWPOLYLINE
5
32D
100
AcDbEntity
8
0
100
AcDbPolyline
62
2
6
CONTINUOUS
90
6
70
0
10
307.4850001966
20
34.4329420939
10
307.4885123528
20
34.3844955120
10
306.8990583151
20
34.3103566762
10
306.8915082497
20
34.4026590421
10
307.4849624092
20
34.4817877424
10
307.4850001966
20
34.4329420939
0
HATCH
5
32E
100
AcDbEntity
8
0
100
AcDbHatch
62
2
6
CONTINUOUS
10
0.0
20
0.0
30
0.0
210
0.0
220
0.0
230
1.0
2
SOLID
70
1
71
1
91
1
92
1
93
5
72
1
10
307.4850001966
20
34.4329420939
11
307.4885123528
21
34.3844955120
72
1
10
307.4885123528
20
34.3844955120
11
306.8990583151
21
34.3103566762
72
1
10
306.8990583151
20
34.3103566762
11
306.8915082497
21
34.4026590421
72
1
10
306.8915082497
20
34.4026590421
11
307.4849624092
21
34.4817877424
72
1
10
307.4849624092
20
34.4817877424
11
307.4850001966
21
34.4329420939
97
1
330
32D
75
0
76
1
98
1
10
0.0
20
0.0
0
LWPOLYLINE
5
32F
100
AcDbEntity
8
0
100
AcDbPolyline
62
2
6
CONTINUOUS
90
7
70
0
10
301.4404561942
20
34.3729011882
10
301.4400211432
20
34.3588932595
10
299.3685986904
20
34.2766030859
10
299.3600358389
20
34.3617706568
10
301.4408270095
20
34.4021874042
10
301.4407311426
20
34.3872957478
10
301.4404561942
20
34.3729011882
0
HATCH
5
330
100
AcDbEntity
8
0
100
AcDbHatch
62
2
6
CONTINUOUS
10
0.0
20
0.0
30
0.0
210
0.0
220
0.0
230
1.0
2
SOLID
70
1
71
1
91
1
92
1
93
6
72
1
10
301.4404561942
20
34.3729011882
11
301.4400211432
21
34.3588932595
72
1
10
301.4400211432
20
34.3588932595
11
299.3685986904
21
34.2766030859
72
1
10
299.3685986904
20
34.2766030859
11
299.3600358389
21
34.3617706568
72
1
10
299.3600358389
20
34.3617706568
11
301.4408270095
21
34.4021874042
72
1
10
301.4408270095
20
34.4021874042
11
301.4407311426
21
34.3872957478
72
1
10
301.4407311426
20
34.3872957478
11
301.4404561942
21
34.3729011882
97
1
330
32F
75
0
76
1
98
1
10
0.0
20
0.0
0
LWPOLYLINE
5
331
100
AcDbEntity
8
0
100
AcDbPolyline
62
2
6
CONTINUOUS
90
6
70
0
10
306.1009830879
20
34.4303293631
10
306.0832069882
20
34.3116320547
10
305.4750358526
20
34.0337904684
10
305.4750358526
20
34.3128843268
10
306.1301082280
20
34.5360632221
10
306.1009830879
20
34.4303293631
0
HATCH
5
332
100
AcDbEntity
8
0
100
AcDbHatch
62
2
6
CONTINUOUS
10
0.0
20
0.0
30
0.0
210
0.0
220
0.0
230
1.0
2
SOLID
70
1
71
1
91
1
92
1
93
5
72
1
10
306.1009830879
20
34.4303293631
11
306.0832069882
21
34.3116320547
72
1
10
306.0832069882
20
34.3116320547
11
305.4750358526
21
34.0337904684
72
1
10
305.4750358526
20
34.0337904684
11
305.4750358526
21
34.3128843268
72
1
10
305.4750358526
20
34.3128843268
11
306.1301082280
21
34.5360632221
72
1
10
306.1301082280
20
34.5360632221
11
306.1009830879
21
34.4303293631
97
1
330
331
75
0
76
1
98
1
10
0.0
20
0.0
0
LWPOLYLINE
5
333
100
AcDbEntity
8
0
100
AcDbPolyline
62
2
6
CONTINUOUS
90
6
70
0
10
293.0632673256
20
34.3372500849
10
293.0735168221
20
34.2911169585
10
292.4815715859
20
34.2206198168
10
292.4667229276
20
34.3104973341
10
293.0563397036
20
34.3846352609
10
293.0632673256
20
34.3372500849
0
HATCH
5
334
100
AcDbEntity
8
0
100
AcDbHatch
62
2
6
CONTINUOUS
10
0.0
20
0.0
30
0.0
210
0.0
220
0.0
230
1.0
2
SOLID
70
1
71
1
91
1
92
1
93
5
72
1
10
293.0632673256
20
34.3372500849
11
293.0735168221
21
34.2911169585
72
1
10
293.0735168221
20
34.2911169585
11
292.4815715859
21
34.2206198168
72
1
10
292.4815715859
20
34.2206198168
11
292.4667229276
21
34.3104973341
72
1
10
292.4667229276
20
34.3104973341
11
293.0563397036
21
34.3846352609
72
1
10
293.0563397036
20
34.3846352609
11
293.0632673256
21
34.3372500849
97
1
330
333
75
0
76
1
98
1
10
0.0
20
0.0
0
LWPOLYLINE
5
335
100
AcDbEntity
8
0
100
AcDbPolyline
62
2
6
CONTINUOUS
90
6
70
0
10
307.4954443715
20
34.3371221905
10
307.5056999463
20
34.2909988004
10
306.9139125385
20
34.2204894884
10
306.8990583151
20
34.3103566762
10
307.4885123528
20
34.3844955120
10
307.4954443715
20
34.3371221905
0
HATCH
5
336
100
AcDbEntity
8
0
100
AcDbHatch
62
2
6
CONTINUOUS
10
0.0
20
0.0
30
0.0
210
0.0
220
0.0
230
1.0
2
SOLID
70
1
71
1
91
1
92
1
93
5
72
1
10
307.4954443715
20
34.3371221905
11
307.5056999463
21
34.2909988004
72
1
10
307.5056999463
20
34.2909988004
11
306.9139125385
21
34.2204894884
72
1
10
306.9139125385
20
34.2204894884
11
306.8990583151
21
34.3103566762
72
1
10
306.8990583151
20
34.3103566762
11
307.4885123528
21
34.3844955120
72
1
10
307.4885123528
20
34.3844955120
11
307.4954443715
21
34.3371221905
97
1
330
335
75
0
76
1
98
1
10
0.0
20
0.0
0
LWPOLYLINE
5
337
100
AcDbEntity
8
0
100
AcDbPolyline
62
2
6
CONTINUOUS
90
6
70
0
10
291.0060205840
20
34.3098023994
10
291.0294769394
20
34.2313881081
10
290.4380265699
20
34.1377312768
10
290.4062440273
20
34.2901573755
10
290.9925456394
20
34.3928458299
10
291.0060205840
20
34.3098023994
0
HATCH
5
338
100
AcDbEntity
8
0
100
AcDbHatch
62
2
6
CONTINUOUS
10
0.0
20
0.0
30
0.0
210
0.0
220
0.0
230
1.0
2
SOLID
70
1
71
1
91
1
92
1
93
5
72
1
10
291.0060205840
20
34.3098023994
11
291.0294769394
21
34.2313881081
72
1
10
291.0294769394
20
34.2313881081
11
290.4380265699
21
34.1377312768
72
1
10
290.4380265699
20
34.1377312768
11
290.4062440273
21
34.2901573755
72
1
10
290.4062440273
20
34.2901573755
11
290.9925456394
21
34.3928458299
72
1
10
290.9925456394
20
34.3928458299
11
291.0060205840
21
34.3098023994
97
1
330
337
75
0
76
1
98
1
10
0.0
20
0.0
0
LWPOLYLINE
5
339
100
AcDbEntity
8
0
100
AcDbPolyline
62
2
6
CONTINUOUS
90
6
70
0
10
302.3266413987
20
34.3096631379
10
302.3500931672
20
34.2312553751
10
301.7586466887
20
34.1375707546
10
301.7268671883
20
34.2899958636
10
302.3131692784
20
34.3926927847
10
302.3266413987
20
34.3096631379
0
HATCH
5
33A
100
AcDbEntity
8
0
100
AcDbHatch
62
2
6
CONTINUOUS
10
0.0
20
0.0
30
0.0
210
0.0
220
0.0
230
1.0
2
SOLID
70
1
71
1
91
1
92
1
93
5
72
1
10
302.3266413987
20
34.3096631379
11
302.3500931672
21
34.2312553751
72
1
10
302.3500931672
20
34.2312553751
11
301.7586466887
21
34.1375707546
72
1
10
301.7586466887
20
34.1375707546
11
301.7268671883
21
34.2899958636
72
1
10
301.7268671883
20
34.2899958636
11
302.3131692784
21
34.3926927847
72
1
10
302.3131692784
20
34.3926927847
11
302.3266413987
21
34.3096631379
97
1
330
339
75
0
76
1
98
1
10
0.0
20
0.0
0
LWPOLYLINE
5
33B
100
AcDbEntity
8
0
100
AcDbPolyline
62
2
6
CONTINUOUS
90
6
70
0
10
313.3337196223
20
34.3096631379
10
313.3571702203
20
34.2312553751
10
312.7656746408
20
34.1375707546
10
312.7338928943
20
34.2899958636
10
313.3202478763
20
34.3926927847
10
313.3337196223
20
34.3096631379
0
HATCH
5
33C
100
AcDbEntity
8
0
100
AcDbHatch
62
2
6
CONTINUOUS
10
0.0
20
0.0
30
0.0
210
0.0
220
0.0
230
1.0
2
SOLID
70
1
71
1
91
1
92
1
93
5
72
1
10
313.3337196223
20
34.3096631379
11
313.3571702203
21
34.2312553751
72
1
10
313.3571702203
20
34.2312553751
11
312.7656746408
21
34.1375707546
72
1
10
312.7656746408
20
34.1375707546
11
312.7338928943
21
34.2899958636
72
1
10
312.7338928943
20
34.2899958636
11
313.3202478763
21
34.3926927847
72
1
10
313.3202478763
20
34.3926927847
11
313.3337196223
21
34.3096631379
97
1
330
33B
75
0
76
1
98
1
10
0.0
20
0.0
0
LWPOLYLINE
5
33D
100
AcDbEntity
8
0
100
AcDbPolyline
62
2
6
CONTINUOUS
90
18
70
0
10
310.0916440452
20
34.3076297325
10
310.0916440452
20
34.1633126998
10
310.0916440452
20
34.0077663879
10
310.0916440452
20
33.8509723783
10
310.0916440452
20
33.7029122525
10
310.0916440452
20
33.6352749911
10
309.4894894931
20
33.5733083860
10
309.4894894931
20
33.6638024938
10
309.4894894931
20
33.7682761239
10
309.4894894931
20
33.8844925528
10
309.4894894931
20
34.0102150569
10
309.4894894931
20
34.2812313963
10
310.0916440452
20
34.5537904598
10
310.0916440452
20
34.5226506089
10
310.0916440452
20
34.4812141857
10
310.0916440452
20
34.4307355951
10
310.0916440452
20
34.3724580417
10
310.0916440452
20
34.3076297325
0
HATCH
5
33E
100
AcDbEntity
8
0
100
AcDbHatch
62
2
6
CONTINUOUS
10
0.0
20
0.0
30
0.0
210
0.0
220
0.0
230
1.0
2
SOLID
70
1
71
1
91
1
92
1
93
17
72
1
10
310.0916440452
20
34.3076297325
11
310.0916440452
21
34.1633126998
72
1
10
310.0916440452
20
34.1633126998
11
310.0916440452
21
34.0077663879
72
1
10
310.0916440452
20
34.0077663879
11
310.0916440452
21
33.8509723783
72
1
10
310.0916440452
20
33.8509723783
11
310.0916440452
21
33.7029122525
72
1
10
310.0916440452
20
33.7029122525
11
310.0916440452
21
33.6352749911
72
1
10
310.0916440452
20
33.6352749911
11
309.4894894931
21
33.5733083860
72
1
10
309.4894894931
20
33.5733083860
11
309.4894894931
21
33.6638024938
72
1
10
309.4894894931
20
33.6638024938
11
309.4894894931
21
33.7682761239
72
1
10
309.4894894931
20
33.7682761239
11
309.4894894931
21
33.8844925528
72
1
10
309.4894894931
20
33.8844925528
11
309.4894894931
21
34.0102150569
72
1
10
309.4894894931
20
34.0102150569
11
309.4894894931
21
34.2812313963
72
1
10
309.4894894931
20
34.2812313963
11
310.0916440452
21
34.5537904598
72
1
10
310.0916440452
20
34.5537904598
11
310.0916440452
21
34.5226506089
72
1
10
310.0916440452
20
34.5226506089
11
310.0916440452
21
34.4812141857
72
1
10
310.0916440452
20
34.4812141857
11
310.0916440452
21
34.4307355951
72
1
10
310.0916440452
20
34.4307355951
11
310.0916440452
21
34.3724580417
72
1
10
310.0916440452
20
34.3724580417
11
310.0916440452
21
34.3076297325
97
1
330
33D
75
0
76
1
98
1
10
0.0
20
0.0
0
LWPOLYLINE
5
33F
100
AcDbEntity
8
0
100
AcDbPolyline
62
2
6
CONTINUOUS
90
16
70
0
10
301.4351114904
20
34.2767788420
10
301.4340871254
20
34.2623842824
10
299.9553577169
20
34.2474917031
10
299.9756290337
20
34.1761972229
10
300.0018183094
20
34.1114378043
10
299.4561204254
20
33.9655901176
10
299.4020488734
20
34.1148933535
10
299.3826602654
20
34.1942653539
10
299.3685986904
20
34.2766030859
10
301.4400211432
20
34.3588932595
10
301.4394449683
20
34.3451614958
10
301.4387466482
20
34.3315954310
10
301.4379451616
20
34.3180845992
10
301.4370594873
20
34.3045185344
10
301.4361086040
20
34.2907867707
10
301.4351114904
20
34.2767788420
0
HATCH
5
340
100
AcDbEntity
8
0
100
AcDbHatch
62
2
6
CONTINUOUS
10
0.0
20
0.0
30
0.0
210
0.0
220
0.0
230
1.0
2
SOLID
70
1
71
1
91
1
92
1
93
15
72
1
10
301.4351114904
20
34.2767788420
11
301.4340871254
21
34.2623842824
72
1
10
301.4340871254
20
34.2623842824
11
299.9553577169
21
34.2474917031
72
1
10
299.9553577169
20
34.2474917031
11
299.9756290337
21
34.1761972229
72
1
10
299.9756290337
20
34.1761972229
11
300.0018183094
21
34.1114378043
72
1
10
300.0018183094
20
34.1114378043
11
299.4561204254
21
33.9655901176
72
1
10
299.4561204254
20
33.9655901176
11
299.4020488734
21
34.1148933535
72
1
10
299.4020488734
20
34.1148933535
11
299.3826602654
21
34.1942653539
72
1
10
299.3826602654
20
34.1942653539
11
299.3685986904
21
34.2766030859
72
1
10
299.3685986904
20
34.2766030859
11
301.4400211432
21
34.3588932595
72
1
10
301.4400211432
20
34.3588932595
11
301.4394449683
21
34.3451614958
72
1
10
301.4394449683
20
34.3451614958
11
301.4387466482
21
34.3315954310
72
1
10
301.4387466482
20
34.3315954310
11
301.4379451616
21
34.3180845992
72
1
10
301.4379451616
20
34.3180845992
11
301.4370594873
21
34.3045185344
72
1
10
301.4370594873
20
34.3045185344
11
301.4361086040
21
34.2907867707
72
1
10
301.4361086040
20
34.2907867707
11
301.4351114904
21
34.2767788420
97
1
330
33F
75
0
76
1
98
1
10
0.0
20
0.0
0
LWPOLYLINE
5
341
100
AcDbEntity
8
0
100
AcDbPolyline
62
2
6
CONTINUOUS
90
22
70
0
10
299.9553577169
20
34.2474917031
10
301.4340871254
20
34.2623842824
10
301.4330544875
20
34.2474917031
10
301.4241727639
20
34.2474917031
10
301.3986378084
20
34.2474917031
10
301.3581149443
20
34.2474917031
10
301.3042694947
20
34.2474917031
10
301.2387667829
20
34.2474917031
10
301.1632721319
20
34.2474917031
10
301.0794508651
20
34.2474917031
10
300.9889683055
20
34.2474917031
10
300.7946806009
20
34.2474917031
10
300.5937316035
20
34.2474917031
10
300.3994438989
20
34.2474917031
10
300.3089613393
20
34.2474917031
10
300.2251400724
20
34.2474917031
10
300.1496454215
20
34.2474917031
10
300.0841427096
20
34.2474917031
10
300.0302972601
20
34.2474917031
10
299.9897743960
20
34.2474917031
10
299.9642394405
20
34.2474917031
10
299.9553577169
20
34.2474917031
0
HATCH
5
342
100
AcDbEntity
8
0
100
AcDbHatch
62
2
6
CONTINUOUS
10
0.0
20
0.0
30
0.0
210
0.0
220
0.0
230
1.0
2
SOLID
70
1
71
1
91
1
92
1
93
21
72
1
10
299.9553577169
20
34.2474917031
11
301.4340871254
21
34.2623842824
72
1
10
301.4340871254
20
34.2623842824
11
301.4330544875
21
34.2474917031
72
1
10
301.4330544875
20
34.2474917031
11
301.4241727639
21
34.2474917031
72
1
10
301.4241727639
20
34.2474917031
11
301.3986378084
21
34.2474917031
72
1
10
301.3986378084
20
34.2474917031
11
301.3581149443
21
34.2474917031
72
1
10
301.3581149443
20
34.2474917031
11
301.3042694947
21
34.2474917031
72
1
10
301.3042694947
20
34.2474917031
11
301.2387667829
21
34.2474917031
72
1
10
301.2387667829
20
34.2474917031
11
301.1632721319
21
34.2474917031
72
1
10
301.1632721319
20
34.2474917031
11
301.0794508651
21
34.2474917031
72
1
10
301.0794508651
20
34.2474917031
11
300.9889683055
21
34.2474917031
72
1
10
300.9889683055
20
34.2474917031
11
300.7946806009
21
34.2474917031
72
1
10
300.7946806009
20
34.2474917031
11
300.5937316035
21
34.2474917031
72
1
10
300.5937316035
20
34.2474917031
11
300.3994438989
21
34.2474917031
72
1
10
300.3994438989
20
34.2474917031
11
300.3089613393
21
34.2474917031
72
1
10
300.3089613393
20
34.2474917031
11
300.2251400724
21
34.2474917031
72
1
10
300.2251400724
20
34.2474917031
11
300.1496454215
21
34.2474917031
72
1
10
300.1496454215
20
34.2474917031
11
300.0841427096
21
34.2474917031
72
1
10
300.0841427096
20
34.2474917031
11
300.0302972601
21
34.2474917031
72
1
10
300.0302972601
20
34.2474917031
11
299.9897743960
21
34.2474917031
72
1
10
299.9897743960
20
34.2474917031
11
299.9642394405
21
34.2474917031
72
1
10
299.9642394405
20
34.2474917031
11
299.9553577169
21
34.2474917031
97
1
330
341
75
0
76
1
98
1
10
0.0
20
0.0
0
LWPOLYLINE
5
343
100
AcDbEntity
8
0
100
AcDbPolyline
62
2
6
CONTINUOUS
90
6
70
0
10
293.0869922360
20
34.2464123782
10
293.1035976102
20
34.2033128402
10
292.5034659254
20
34.1334722058
10
292.4815715859
20
34.2206198168
10
293.0735168221
20
34.2911169585
10
293.0869922360
20
34.2464123782
0
HATCH
5
344
100
AcDbEntity
8
0
100
AcDbHatch
62
2
6
CONTINUOUS
10
0.0
20
0.0
30
0.0
210
0.0
220
0.0
230
1.0
2
SOLID
70
1
71
1
91
1
92
1
93
5
72
1
10
293.0869922360
20
34.2464123782
11
293.1035976102
21
34.2033128402
72
1
10
293.1035976102
20
34.2033128402
11
292.5034659254
21
34.1334722058
72
1
10
292.5034659254
20
34.1334722058
11
292.4815715859
21
34.2206198168
72
1
10
292.4815715859
20
34.2206198168
11
293.0735168221
21
34.2911169585
72
1
10
293.0735168221
20
34.2911169585
11
293.0869922360
21
34.2464123782
97
1
330
343
75
0
76
1
98
1
10
0.0
20
0.0
0
LWPOLYLINE
5
345
100
AcDbEntity
8
0
100
AcDbPolyline
62
2
6
CONTINUOUS
90
6
70
0
10
307.5191827706
20
34.2463020126
10
307.5357965380
20
34.2032084984
10
306.9358143211
20
34.1333494552
10
306.9139125385
20
34.2204894884
10
307.5056999463
20
34.2909988004
10
307.5191827706
20
34.2463020126
0
HATCH
5
346
100
AcDbEntity
8
0
100
AcDbHatch
62
2
6
CONTINUOUS
10
0.0
20
0.0
30
0.0
210
0.0
220
0.0
230
1.0
2
SOLID
70
1
71
1
91
1
92
1
93
5
72
1
10
307.5191827706
20
34.2463020126
11
307.5357965380
21
34.2032084984
72
1
10
307.5357965380
20
34.2032084984
11
306.9358143211
21
34.1333494552
72
1
10
306.9358143211
20
34.1333494552
11
306.9139125385
21
34.2204894884
72
1
10
306.9139125385
20
34.2204894884
11
307.5056999463
21
34.2909988004
72
1
10
307.5056999463
20
34.2909988004
11
307.5191827706
21
34.2463020126
97
1
330
345
75
0
76
1
98
1
10
0.0
20
0.0
0
LWPOLYLINE
5
347
100
AcDbEntity
8
0
100
AcDbPolyline
62
2
6
CONTINUOUS
90
6
70
0
10
289.2751714430
20
34.2196988255
10
289.2917718417
20
34.1701714387
10
288.7058707935
20
34.2062306691
10
289.2315979999
20
34.3497004483
10
289.2549468669
20
34.2800389669
10
289.2751714430
20
34.2196988255
0
HATCH
5
348
100
AcDbEntity
8
0
100
AcDbHatch
62
2
6
CONTINUOUS
10
0.0
20
0.0
30
0.0
210
0.0
220
0.0
230
1.0
2
SOLID
70
1
71
1
91
1
92
1
93
5
72
1
10
289.2751714430
20
34.2196988255
11
289.2917718417
21
34.1701714387
72
1
10
289.2917718417
20
34.1701714387
11
288.7058707935
21
34.2062306691
72
1
10
288.7058707935
20
34.2062306691
11
289.2315979999
21
34.3497004483
72
1
10
289.2315979999
20
34.3497004483
11
289.2549468669
21
34.2800389669
72
1
10
289.2549468669
20
34.2800389669
11
289.2751714430
21
34.2196988255
97
1
330
347
75
0
76
1
98
1
10
0.0
20
0.0
0
LWPOLYLINE
5
349
100
AcDbEntity
8
0
100
AcDbPolyline
62
2
6
CONTINUOUS
90
22
70
0
10
292.1199391643
20
34.1525214491
10
292.1271866542
20
34.1616169945
10
292.1274517475
20
34.1609056939
10
292.1334153485
20
34.1449041027
10
292.1460760417
20
34.1109328103
10
292.1639030632
20
34.0630991770
10
292.1853656489
20
34.0055105629
10
292.2089330349
20
33.9422743285
10
292.2330744575
20
33.8774978339
10
292.2562591526
20
33.8152884395
10
291.5655369616
20
33.8682092898
10
291.6370858971
20
33.8753043597
10
291.7051085598
20
33.8887644961
10
291.7694564225
20
33.9078279562
10
291.8299809577
20
33.9317329974
10
291.8865336383
20
33.9597178770
10
291.9389659369
20
33.9910208523
10
291.9871293261
20
34.0248801806
10
292.0308752787
20
34.0605341191
10
292.0700552673
20
34.0972209253
10
292.1045207646
20
34.1341788564
10
292.1199391643
20
34.1525214491
0
HATCH
5
34A
100
AcDbEntity
8
0
100
AcDbHatch
62
2
6
CONTINUOUS
10
0.0
20
0.0
30
0.0
210
0.0
220
0.0
230
1.0
2
SOLID
70
1
71
1
91
1
92
1
93
21
72
1
10
292.1199391643
20
34.1525214491
11
292.1271866542
21
34.1616169945
72
1
10
292.1271866542
20
34.1616169945
11
292.1274517475
21
34.1609056939
72
1
10
292.1274517475
20
34.1609056939
11
292.1334153485
21
34.1449041027
72
1
10
292.1334153485
20
34.1449041027
11
292.1460760417
21
34.1109328103
72
1
10
292.1460760417
20
34.1109328103
11
292.1639030632
21
34.0630991770
72
1
10
292.1639030632
20
34.0630991770
11
292.1853656489
21
34.0055105629
72
1
10
292.1853656489
20
34.0055105629
11
292.2089330349
21
33.9422743285
72
1
10
292.2089330349
20
33.9422743285
11
292.2330744575
21
33.8774978339
72
1
10
292.2330744575
20
33.8774978339
11
292.2562591526
21
33.8152884395
72
1
10
292.2562591526
20
33.8152884395
11
291.5655369616
21
33.8682092898
72
1
10
291.5655369616
20
33.8682092898
11
291.6370858971
21
33.8753043597
72
1
10
291.6370858971
20
33.8753043597
11
291.7051085598
21
33.8887644961
72
1
10
291.7051085598
20
33.8887644961
11
291.7694564225
21
33.9078279562
72
1
10
291.7694564225
20
33.9078279562
11
291.8299809577
21
33.9317329974
72
1
10
291.8299809577
20
33.9317329974
11
291.8865336383
21
33.9597178770
72
1
10
291.8865336383
20
33.9597178770
11
291.9389659369
21
33.9910208523
72
1
10
291.9389659369
20
33.9910208523
11
291.9871293261
21
34.0248801806
72
1
10
291.9871293261
20
34.0248801806
11
292.0308752787
21
34.0605341191
72
1
10
292.0308752787
20
34.0605341191
11
292.0700552673
21
34.0972209253
72
1
10
292.0700552673
20
34.0972209253
11
292.1045207646
21
34.1341788564
72
1
10
292.1045207646
20
34.1341788564
11
292.1199391643
21
34.1525214491
97
1
330
349
75
0
76
1
98
1
10
0.0
20
0.0
0
LWPOLYLINE
5
34B
100
AcDbEntity
8
0
100
AcDbPolyline
62
2
6
CONTINUOUS
90
22
70
0
10
303.4404521778
20
34.1523697439
10
303.4477030292
20
34.1614567115
10
303.4479682012
20
34.1607436421
10
303.4539335745
20
34.1447425150
10
303.4665980302
20
34.1107690534
10
303.4844303494
20
34.0629374061
10
303.5058993133
20
34.0053467886
10
303.5294737030
20
33.9421113498
10
303.5536222999
20
33.8773377719
10
303.5768138849
20
33.8151252703
10
302.8861066964
20
33.8681014703
10
302.9576511302
20
33.8752022972
10
303.0256658794
20
33.8886684813
10
303.0900035540
20
33.9077384200
10
303.1505167640
20
33.9316542437
10
303.2070581193
20
33.9596431494
10
303.2594802298
20
33.9909472676
10
303.3076357055
20
34.0248049955
10
303.3513771564
20
34.0604472634
10
303.3905571924
20
34.0971162019
10
303.4250284235
20
34.1340464747
10
303.4404521778
20
34.1523697439
0
HATCH
5
34C
100
AcDbEntity
8
0
100
AcDbHatch
62
2
6
CONTINUOUS
10
0.0
20
0.0
30
0.0
210
0.0
220
0.0
230
1.0
2
SOLID
70
1
71
1
91
1
92
1
93
21
72
1
10
303.4404521778
20
34.1523697439
11
303.4477030292
21
34.1614567115
72
1
10
303.4477030292
20
34.1614567115
11
303.4479682012
21
34.1607436421
72
1
10
303.4479682012
20
34.1607436421
11
303.4539335745
21
34.1447425150
72
1
10
303.4539335745
20
34.1447425150
11
303.4665980302
21
34.1107690534
72
1
10
303.4665980302
20
34.1107690534
11
303.4844303494
21
34.0629374061
72
1
10
303.4844303494
20
34.0629374061
11
303.5058993133
21
34.0053467886
72
1
10
303.5058993133
20
34.0053467886
11
303.5294737030
21
33.9421113498
72
1
10
303.5294737030
20
33.9421113498
11
303.5536222999
21
33.8773377719
72
1
10
303.5536222999
20
33.8773377719
11
303.5768138849
21
33.8151252703
72
1
10
303.5768138849
20
33.8151252703
11
302.8861066964
21
33.8681014703
72
1
10
302.8861066964
20
33.8681014703
11
302.9576511302
21
33.8752022972
72
1
10
302.9576511302
20
33.8752022972
11
303.0256658794
21
33.8886684813
72
1
10
303.0256658794
20
33.8886684813
11
303.0900035540
21
33.9077384200
72
1
10
303.0900035540
20
33.9077384200
11
303.1505167640
21
33.9316542437
72
1
10
303.1505167640
20
33.9316542437
11
303.2070581193
21
33.9596431494
72
1
10
303.2070581193
20
33.9596431494
11
303.2594802298
21
33.9909472676
72
1
10
303.2594802298
20
33.9909472676
11
303.3076357055
21
34.0248049955
72
1
10
303.3076357055
20
34.0248049955
11
303.3513771564
21
34.0604472634
72
1
10
303.3513771564
20
34.0604472634
11
303.3905571924
21
34.0971162019
72
1
10
303.3905571924
20
34.0971162019
11
303.4250284235
21
34.1340464747
72
1
10
303.4250284235
20
34.1340464747
11
303.4404521778
21
34.1523697439
97
1
330
34B
75
0
76
1
98
1
10
0.0
20
0.0
0
LWPOLYLINE
5
34D
100
AcDbEntity
8
0
100
AcDbPolyline
62
2
6
CONTINUOUS
90
22
70
0
10
314.4474836335
20
34.1523697439
10
314.4547276832
20
34.1614567115
10
314.4549928553
20
34.1607436421
10
314.4609582286
20
34.1447425150
10
314.4736226842
20
34.1107690534
10
314.4914550034
20
34.0629374061
10
314.5129239673
20
34.0053467886
10
314.5364983571
20
33.9421113498
10
314.5606469539
20
33.8773377719
10
314.5838385390
20
33.8151252703
10
313.8930782962
20
33.8681014703
10
313.9646294210
20
33.8752022972
10
314.0326558083
20
33.8886684813
10
314.0970082484
20
33.9077384200
10
314.1575375318
20
33.9316542437
10
314.2140944487
20
33.9596431494
10
314.2665297895
20
33.9909472676
10
314.3146943444
20
34.0248049955
10
314.3584389038
20
34.0604472634
10
314.3976142580
20
34.0971162019
10
314.4320711974
20
34.1340464747
10
314.4474836335
20
34.1523697439
0
HATCH
5
34E
100
AcDbEntity
8
0
100
AcDbHatch
62
2
6
CONTINUOUS
10
0.0
20
0.0
30
0.0
210
0.0
220
0.0
230
1.0
2
SOLID
70
1
71
1
91
1
92
1
93
21
72
1
10
314.4474836335
20
34.1523697439
11
314.4547276832
21
34.1614567115
72
1
10
314.4547276832
20
34.1614567115
11
314.4549928553
21
34.1607436421
72
1
10
314.4549928553
20
34.1607436421
11
314.4609582286
21
34.1447425150
72
1
10
314.4609582286
20
34.1447425150
11
314.4736226842
21
34.1107690534
72
1
10
314.4736226842
20
34.1107690534
11
314.4914550034
21
34.0629374061
72
1
10
314.4914550034
20
34.0629374061
11
314.5129239673
21
34.0053467886
72
1
10
314.5129239673
20
34.0053467886
11
314.5364983571
21
33.9421113498
72
1
10
314.5364983571
20
33.9421113498
11
314.5606469539
21
33.8773377719
72
1
10
314.5606469539
20
33.8773377719
11
314.5838385390
21
33.8151252703
72
1
10
314.5838385390
20
33.8151252703
11
313.8930782962
21
33.8681014703
72
1
10
313.8930782962
20
33.8681014703
11
313.9646294210
21
33.8752022972
72
1
10
313.9646294210
20
33.8752022972
11
314.0326558083
21
33.8886684813
72
1
10
314.0326558083
20
33.8886684813
11
314.0970082484
21
33.9077384200
72
1
10
314.0970082484
20
33.9077384200
11
314.1575375318
21
33.9316542437
72
1
10
314.1575375318
20
33.9316542437
11
314.2140944487
21
33.9596431494
72
1
10
314.2140944487
20
33.9596431494
11
314.2665297895
21
33.9909472676
72
1
10
314.2665297895
20
33.9909472676
11
314.3146943444
21
34.0248049955
72
1
10
314.3146943444
20
34.0248049955
11
314.3584389038
21
34.0604472634
72
1
10
314.3584389038
20
34.0604472634
11
314.3976142580
21
34.0971162019
72
1
10
314.3976142580
20
34.0971162019
11
314.4320711974
21
34.1340464747
72
1
10
314.4320711974
20
34.1340464747
11
314.4474836335
21
34.1523697439
97
1
330
34D
75
0
76
1
98
1
10
0.0
20
0.0
0
LWPOLYLINE
5
34F
100
AcDbEntity
8
0
100
AcDbPolyline
62
2
6
CONTINUOUS
90
6
70
0
10
291.0621832145
20
34.1584204249
10
291.1034079178
20
34.0917168188
10
290.4894670895
20
33.9940840410
10
290.4380265699
20
34.1377312768
10
291.0294769394
20
34.2313881081
10
291.0621832145
20
34.1584204249
0
HATCH
5
350
100
AcDbEntity
8
0
100
AcDbHatch
62
2
6
CONTINUOUS
10
0.0
20
0.0
30
0.0
210
0.0
220
0.0
230
1.0
2
SOLID
70
1
71
1
91
1
92
1
93
5
72
1
10
291.0621832145
20
34.1584204249
11
291.1034079178
21
34.0917168188
72
1
10
291.1034079178
20
34.0917168188
11
290.4894670895
21
33.9940840410
72
1
10
290.4894670895
20
33.9940840410
11
290.4380265699
21
34.1377312768
72
1
10
290.4380265699
20
34.1377312768
11
291.0294769394
21
34.2313881081
72
1
10
291.0294769394
20
34.2313881081
11
291.0621832145
21
34.1584204249
97
1
330
34F
75
0
76
1
98
1
10
0.0
20
0.0
0
LWPOLYLINE
5
351
100
AcDbEntity
8
0
100
AcDbPolyline
62
2
6
CONTINUOUS
90
6
70
0
10
302.3827935474
20
34.1582982996
10
302.4240115029
20
34.0915983144
10
301.8100829719
20
33.9939227455
10
301.7586466887
20
34.1375707546
10
302.3500931672
20
34.2312553751
10
302.3827935474
20
34.1582982996
0
HATCH
5
352
100
AcDbEntity
8
0
100
AcDbHatch
62
2
6
CONTINUOUS
10
0.0
20
0.0
30
0.0
210
0.0
220
0.0
230
1.0
2
SOLID
70
1
71
1
91
1
92
1
93
5
72
1
10
302.3827935474
20
34.1582982996
11
302.4240115029
21
34.0915983144
72
1
10
302.4240115029
20
34.0915983144
11
301.8100829719
21
33.9939227455
72
1
10
301.8100829719
20
33.9939227455
11
301.7586466887
21
34.1375707546
72
1
10
301.7586466887
20
34.1375707546
11
302.3500931672
21
34.2312553751
72
1
10
302.3500931672
20
34.2312553751
11
302.3827935474
21
34.1582982996
97
1
330
351
75
0
76
1
98
1
10
0.0
20
0.0
0
LWPOLYLINE
5
353
100
AcDbEntity
8
0
100
AcDbPolyline
62
2
6
CONTINUOUS
90
6
70
0
10
313.3898681791
20
34.1582982996
10
313.4310820072
20
34.0915983144
10
312.8171129995
20
33.9939227455
10
312.7656746408
20
34.1375707546
10
313.3571702203
20
34.2312553751
10
313.3898681791
20
34.1582982996
0
HATCH
5
354
100
AcDbEntity
8
0
100
AcDbHatch
62
2
6
CONTINUOUS
10
0.0
20
0.0
30
0.0
210
0.0
220
0.0
230
1.0
2
SOLID
70
1
71
1
91
1
92
1
93
5
72
1
10
313.3898681791
20
34.1582982996
11
313.4310820072
21
34.0915983144
72
1
10
313.4310820072
20
34.0915983144
11
312.8171129995
21
33.9939227455
72
1
10
312.8171129995
20
33.9939227455
11
312.7656746408
21
34.1375707546
72
1
10
312.7656746408
20
34.1375707546
11
313.3571702203
21
34.2312553751
72
1
10
313.3571702203
20
34.2312553751
11
313.3898681791
21
34.1582982996
97
1
330
353
75
0
76
1
98
1
10
0.0
20
0.0
0
LWPOLYLINE
5
355
100
AcDbEntity
8
0
100
AcDbPolyline
62
2
6
CONTINUOUS
90
6
70
0
10
293.1232369878
20
34.1619948410
10
293.1458144117
20
34.1226348768
10
292.5321499585
20
34.0493462159
10
292.5034659254
20
34.1334722058
10
293.1035976102
20
34.2033128402
10
293.1232369878
20
34.1619948410
0
HATCH
5
356
100
AcDbEntity
8
0
100
AcDbHatch
62
2
6
CONTINUOUS
10
0.0
20
0.0
30
0.0
210
0.0
220
0.0
230
1.0
2
SOLID
70
1
71
1
91
1
92
1
93
5
72
1
10
293.1232369878
20
34.1619948410
11
293.1458144117
21
34.1226348768
72
1
10
293.1458144117
20
34.1226348768
11
292.5321499585
21
34.0493462159
72
1
10
292.5321499585
20
34.0493462159
11
292.5034659254
21
34.1334722058
72
1
10
292.5034659254
20
34.1334722058
11
293.1035976102
21
34.2033128402
72
1
10
293.1035976102
20
34.2033128402
11
293.1232369878
21
34.1619948410
97
1
330
355
75
0
76
1
98
1
10
0.0
20
0.0
0
LWPOLYLINE
5
357
100
AcDbEntity
8
0
100
AcDbPolyline
62
2
6
CONTINUOUS
90
6
70
0
10
307.5554449421
20
34.1618949286
10
307.5780316763
20
34.1225379745
10
306.9645070640
20
34.0492285536
10
306.9358143211
20
34.1333494552
10
307.5357965380
20
34.2032084984
10
307.5554449421
20
34.1618949286
0
HATCH
5
358
100
AcDbEntity
8
0
100
AcDbHatch
62
2
6
CONTINUOUS
10
0.0
20
0.0
30
0.0
210
0.0
220
0.0
230
1.0
2
SOLID
70
1
71
1
91
1
92
1
93
5
72
1
10
307.5554449421
20
34.1618949286
11
307.5780316763
21
34.1225379745
72
1
10
307.5780316763
20
34.1225379745
11
306.9645070640
21
34.0492285536
72
1
10
306.9645070640
20
34.0492285536
11
306.9358143211
21
34.1333494552
72
1
10
306.9358143211
20
34.1333494552
11
307.5357965380
21
34.2032084984
72
1
10
307.5357965380
20
34.2032084984
11
307.5554449421
21
34.1618949286
97
1
330
357
75
0
76
1
98
1
10
0.0
20
0.0
0
LWPOLYLINE
5
359
100
AcDbEntity
8
0
100
AcDbPolyline
62
2
6
CONTINUOUS
90
7
70
0
10
304.5580941592
20
34.1409791734
10
304.5580941592
20
34.1171278160
10
303.9556697278
20
34.0686913911
10
303.9556697278
20
34.1322036881
10
304.5580941592
20
34.2113785054
10
304.5580941592
20
34.1727146189
10
304.5580941592
20
34.1409791734
0
HATCH
5
35A
100
AcDbEntity
8
0
100
AcDbHatch
62
2
6
CONTINUOUS
10
0.0
20
0.0
30
0.0
210
0.0
220
0.0
230
1.0
2
SOLID
70
1
71
1
91
1
92
1
93
6
72
1
10
304.5580941592
20
34.1409791734
11
304.5580941592
21
34.1171278160
72
1
10
304.5580941592
20
34.1171278160
11
303.9556697278
21
34.0686913911
72
1
10
303.9556697278
20
34.0686913911
11
303.9556697278
21
34.1322036881
72
1
10
303.9556697278
20
34.1322036881
11
304.5580941592
21
34.2113785054
72
1
10
304.5580941592
20
34.2113785054
11
304.5580941592
21
34.1727146189
72
1
10
304.5580941592
20
34.1727146189
11
304.5580941592
21
34.1409791734
97
1
330
359
75
0
76
1
98
1
10
0.0
20
0.0
0
LWPOLYLINE
5
35B
100
AcDbEntity
8
0
100
AcDbPolyline
62
2
6
CONTINUOUS
90
10
70
0
10
315.0598499314
20
34.0879336778
10
315.0671318261
20
34.1072125462
10
315.0681092116
20
34.1098001812
10
315.0991493498
20
34.0842879634
10
315.1634161963
20
34.0369973665
10
315.2299822593
20
33.9946294947
10
315.0082797916
20
33.9514013644
10
315.0289914103
20
34.0062355227
10
315.0466589582
20
34.0530104819
10
315.0598499314
20
34.0879336778
0
HATCH
5
35C
100
AcDbEntity
8
0
100
AcDbHatch
62
2
6
CONTINUOUS
10
0.0
20
0.0
30
0.0
210
0.0
220
0.0
230
1.0
2
SOLID
70
1
71
1
91
1
92
1
93
9
72
1
10
315.0598499314
20
34.0879336778
11
315.0671318261
21
34.1072125462
72
1
10
315.0671318261
20
34.1072125462
11
315.0681092116
21
34.1098001812
72
1
10
315.0681092116
20
34.1098001812
11
315.0991493498
21
34.0842879634
72
1
10
315.0991493498
20
34.0842879634
11
315.1634161963
21
34.0369973665
72
1
10
315.1634161963
20
34.0369973665
11
315.2299822593
21
33.9946294947
72
1
10
315.2299822593
20
33.9946294947
11
315.0082797916
21
33.9514013644
72
1
10
315.0082797916
20
33.9514013644
11
315.0289914103
21
34.0062355227
72
1
10
315.0289914103
20
34.0062355227
11
315.0466589582
21
34.0530104819
72
1
10
315.0466589582
20
34.0530104819
11
315.0598499314
21
34.0879336778
97
1
330
35B
75
0
76
1
98
1
10
0.0
20
0.0
0
LWPOLYLINE
5
35D
100
AcDbEntity
8
0
100
AcDbPolyline
62
2
6
CONTINUOUS
90
7
70
0
10
304.5580941592
20
34.0968999537
10
304.5595104570
20
34.0616485088
10
303.9556697278
20
34.0242056024
10
303.9556697278
20
34.0686913911
10
304.5580941592
20
34.1171278160
10
304.5580941592
20
34.1021161938
10
304.5580941592
20
34.0968999537
0
HATCH
5
35E
100
AcDbEntity
8
0
100
AcDbHatch
62
2
6
CONTINUOUS
10
0.0
20
0.0
30
0.0
210
0.0
220
0.0
230
1.0
2
SOLID
70
1
71
1
91
1
92
1
93
6
72
1
10
304.5580941592
20
34.0968999537
11
304.5595104570
21
34.0616485088
72
1
10
304.5595104570
20
34.0616485088
11
303.9556697278
21
34.0242056024
72
1
10
303.9556697278
20
34.0242056024
11
303.9556697278
21
34.0686913911
72
1
10
303.9556697278
20
34.0686913911
11
304.5580941592
21
34.1171278160
72
1
10
304.5580941592
20
34.1171278160
11
304.5580941592
21
34.1021161938
72
1
10
304.5580941592
20
34.1021161938
11
304.5580941592
21
34.0968999537
97
1
330
35D
75
0
76
1
98
1
10
0.0
20
0.0
0
LWPOLYLINE
5
35F
100
AcDbEntity
8
0
100
AcDbPolyline
62
2
6
CONTINUOUS
90
7
70
0
10
293.1993995698
20
34.0504950391
10
293.2302153901
20
34.0180681583
10
292.5673676979
20
33.9685335617
10
292.5321499585
20
34.0493462159
10
293.1458144117
20
34.1226348768
10
293.1712339247
20
34.0854094441
10
293.1993995698
20
34.0504950391
0
HATCH
5
360
100
AcDbEntity
8
0
100
AcDbHatch
62
2
6
CONTINUOUS
10
0.0
20
0.0
30
0.0
210
0.0
220
0.0
230
1.0
2
SOLID
70
1
71
1
91
1
92
1
93
6
72
1
10
293.1993995698
20
34.0504950391
11
293.2302153901
21
34.0180681583
72
1
10
293.2302153901
20
34.0180681583
11
292.5673676979
21
33.9685335617
72
1
10
292.5673676979
20
33.9685335617
11
292.5321499585
21
34.0493462159
72
1
10
292.5321499585
20
34.0493462159
11
293.1458144117
21
34.1226348768
72
1
10
293.1458144117
20
34.1226348768
11
293.1712339247
21
34.0854094441
72
1
10
293.1712339247
20
34.0854094441
11
293.1993995698
21
34.0504950391
97
1
330
35F
75
0
76
1
98
1
10
0.0
20
0.0
0
LWPOLYLINE
5
361
100
AcDbEntity
8
0
100
AcDbPolyline
62
2
6
CONTINUOUS
90
7
70
0
10
307.6316349092
20
34.0504005972
10
307.6624587950
20
34.0179735162
10
306.9997341684
20
33.9684187602
10
306.9645070640
20
34.0492285536
10
307.5780316763
20
34.1225379745
10
307.6034604341
20
34.0853143070
10
307.6316349092
20
34.0504005972
0
HATCH
5
362
100
AcDbEntity
8
0
100
AcDbHatch
62
2
6
CONTINUOUS
10
0.0
20
0.0
30
0.0
210
0.0
220
0.0
230
1.0
2
SOLID
70
1
71
1
91
1
92
1
93
6
72
1
10
307.6316349092
20
34.0504005972
11
307.6624587950
21
34.0179735162
72
1
10
307.6624587950
20
34.0179735162
11
306.9997341684
21
33.9684187602
72
1
10
306.9997341684
20
33.9684187602
11
306.9645070640
21
34.0492285536
72
1
10
306.9645070640
20
34.0492285536
11
307.5780316763
21
34.1225379745
72
1
10
307.5780316763
20
34.1225379745
11
307.6034604341
21
34.0853143070
72
1
10
307.6034604341
20
34.0853143070
11
307.6316349092
21
34.0504005972
97
1
330
361
75
0
76
1
98
1
10
0.0
20
0.0
0
LWPOLYLINE
5
363
100
AcDbEntity
8
0
100
AcDbPolyline
62
2
6
CONTINUOUS
90
46
70
0
10
306.0771904047
20
34.0367264950
10
306.0771904047
20
33.9442487553
10
306.0771904047
20
33.8411684722
10
306.0771904047
20
33.7345540080
10
306.0771904047
20
33.6314737250
10
306.0771904047
20
33.5389959853
10
306.0771904047
20
33.4989419324
10
306.0771904047
20
33.4641891513
10
306.0771904047
20
33.4356211871
10
306.0771904047
20
33.4141215852
10
306.0771904047
20
33.4005738909
10
306.0771904047
20
33.3958628870
10
306.0735711437
20
33.3958628870
10
306.0631657682
20
33.3958628870
10
306.0466528898
20
33.3958628870
10
306.0247111199
20
33.3958628870
10
305.9672553512
20
33.3958628870
10
305.8962273537
20
33.3958628870
10
305.8170560189
20
33.3958628870
10
305.7351702384
20
33.3958628870
10
305.6559989035
20
33.3958628870
10
305.5849709060
20
33.3958628870
10
305.5275151374
20
33.3958628870
10
305.5055733674
20
33.3958628870
10
305.4890604890
20
33.3958628870
10
305.4786551136
20
33.3958628870
10
305.4750358526
20
33.3958628870
10
305.4750358526
20
33.3991011316
10
305.4750358526
20
33.4086202257
10
305.4750358526
20
33.4241199025
10
305.4750358526
20
33.4453011328
10
305.4750358526
20
33.4718648876
10
305.4750358526
20
33.5035121376
10
305.4750358526
20
33.5808610069
10
305.4750358526
20
33.6749555077
10
305.4750358526
20
33.7834034070
10
305.4750358526
20
33.9038124716
10
305.4750358526
20
34.0337904684
10
306.0832069882
20
34.3116320547
10
306.0771904047
20
34.1798608309
10
306.0771904047
20
34.1751485894
10
306.0771904047
20
34.1616008951
10
306.0771904047
20
34.1401012932
10
306.0771904047
20
34.1115333290
10
306.0771904047
20
34.0767805478
10
306.0771904047
20
34.0367264950
0
HATCH
5
364
100
AcDbEntity
8
0
100
AcDbHatch
62
2
6
CONTINUOUS
10
0.0
20
0.0
30
0.0
210
0.0
220
0.0
230
1.0
2
SOLID
70
1
71
1
91
1
92
1
93
45
72
1
10
306.0771904047
20
34.0367264950
11
306.0771904047
21
33.9442487553
72
1
10
306.0771904047
20
33.9442487553
11
306.0771904047
21
33.8411684722
72
1
10
306.0771904047
20
33.8411684722
11
306.0771904047
21
33.7345540080
72
1
10
306.0771904047
20
33.7345540080
11
306.0771904047
21
33.6314737250
72
1
10
306.0771904047
20
33.6314737250
11
306.0771904047
21
33.5389959853
72
1
10
306.0771904047
20
33.5389959853
11
306.0771904047
21
33.4989419324
72
1
10
306.0771904047
20
33.4989419324
11
306.0771904047
21
33.4641891513
72
1
10
306.0771904047
20
33.4641891513
11
306.0771904047
21
33.4356211871
72
1
10
306.0771904047
20
33.4356211871
11
306.0771904047
21
33.4141215852
72
1
10
306.0771904047
20
33.4141215852
11
306.0771904047
21
33.4005738909
72
1
10
306.0771904047
20
33.4005738909
11
306.0771904047
21
33.3958628870
72
1
10
306.0771904047
20
33.3958628870
11
306.0735711437
21
33.3958628870
72
1
10
306.0735711437
20
33.3958628870
11
306.0631657682
21
33.3958628870
72
1
10
306.0631657682
20
33.3958628870
11
306.0466528898
21
33.3958628870
72
1
10
306.0466528898
20
33.3958628870
11
306.0247111199
21
33.3958628870
72
1
10
306.0247111199
20
33.3958628870
11
305.9672553512
21
33.3958628870
72
1
10
305.9672553512
20
33.3958628870
11
305.8962273537
21
33.3958628870
72
1
10
305.8962273537
20
33.3958628870
11
305.8170560189
21
33.3958628870
72
1
10
305.8170560189
20
33.3958628870
11
305.7351702384
21
33.3958628870
72
1
10
305.7351702384
20
33.3958628870
11
305.6559989035
21
33.3958628870
72
1
10
305.6559989035
20
33.3958628870
11
305.5849709060
21
33.3958628870
72
1
10
305.5849709060
20
33.3958628870
11
305.5275151374
21
33.3958628870
72
1
10
305.5275151374
20
33.3958628870
11
305.5055733674
21
33.3958628870
72
1
10
305.5055733674
20
33.3958628870
11
305.4890604890
21
33.3958628870
72
1
10
305.4890604890
20
33.3958628870
11
305.4786551136
21
33.3958628870
72
1
10
305.4786551136
20
33.3958628870
11
305.4750358526
21
33.3958628870
72
1
10
305.4750358526
20
33.3958628870
11
305.4750358526
21
33.3991011316
72
1
10
305.4750358526
20
33.3991011316
11
305.4750358526
21
33.4086202257
72
1
10
305.4750358526
20
33.4086202257
11
305.4750358526
21
33.4241199025
72
1
10
305.4750358526
20
33.4241199025
11
305.4750358526
21
33.4453011328
72
1
10
305.4750358526
20
33.4453011328
11
305.4750358526
21
33.4718648876
72
1
10
305.4750358526
20
33.4718648876
11
305.4750358526
21
33.5035121376
72
1
10
305.4750358526
20
33.5035121376
11
305.4750358526
21
33.5808610069
72
1
10
305.4750358526
20
33.5808610069
11
305.4750358526
21
33.6749555077
72
1
10
305.4750358526
20
33.6749555077
11
305.4750358526
21
33.7834034070
72
1
10
305.4750358526
20
33.7834034070
11
305.4750358526
21
33.9038124716
72
1
10
305.4750358526
20
33.9038124716
11
305.4750358526
21
34.0337904684
72
1
10
305.4750358526
20
34.0337904684
11
306.0832069882
21
34.3116320547
72
1
10
306.0832069882
20
34.3116320547
11
306.0771904047
21
34.1798608309
72
1
10
306.0771904047
20
34.1798608309
11
306.0771904047
21
34.1751485894
72
1
10
306.0771904047
20
34.1751485894
11
306.0771904047
21
34.1616008951
72
1
10
306.0771904047
20
34.1616008951
11
306.0771904047
21
34.1401012932
72
1
10
306.0771904047
20
34.1401012932
11
306.0771904047
21
34.1115333290
72
1
10
306.0771904047
20
34.1115333290
11
306.0771904047
21
34.0767805478
72
1
10
306.0771904047
20
34.0767805478
11
306.0771904047
21
34.0367264950
97
1
330
363
75
0
76
1
98
1
10
0.0
20
0.0
0
LWPOLYLINE
5
365
100
AcDbEntity
8
0
100
AcDbPolyline
62
2
6
CONTINUOUS
90
11
70
0
10
304.5638052961
20
34.0297516090
10
304.5710475949
20
34.0011937876
10
304.5813062720
20
33.9759595776
10
304.5946502458
20
33.9540335122
10
303.9647398914
20
33.8465955877
10
303.9560382847
20
33.9656537838
10
303.9556697278
20
33.9979082498
10
303.9556697278
20
34.0009207803
10
303.9556697278
20
34.0242056024
10
304.5595104570
20
34.0616485088
10
304.5638052961
20
34.0297516090
0
HATCH
5
366
100
AcDbEntity
8
0
100
AcDbHatch
62
2
6
CONTINUOUS
10
0.0
20
0.0
30
0.0
210
0.0
220
0.0
230
1.0
2
SOLID
70
1
71
1
91
1
92
1
93
10
72
1
10
304.5638052961
20
34.0297516090
11
304.5710475949
21
34.0011937876
72
1
10
304.5710475949
20
34.0011937876
11
304.5813062720
21
33.9759595776
72
1
10
304.5813062720
20
33.9759595776
11
304.5946502458
21
33.9540335122
72
1
10
304.5946502458
20
33.9540335122
11
303.9647398914
21
33.8465955877
72
1
10
303.9647398914
20
33.8465955877
11
303.9560382847
21
33.9656537838
72
1
10
303.9560382847
20
33.9656537838
11
303.9556697278
21
33.9979082498
72
1
10
303.9556697278
20
33.9979082498
11
303.9556697278
21
34.0009207803
72
1
10
303.9556697278
20
34.0009207803
11
303.9556697278
21
34.0242056024
72
1
10
303.9556697278
20
34.0242056024
11
304.5595104570
21
34.0616485088
72
1
10
304.5595104570
20
34.0616485088
11
304.5638052961
21
34.0297516090
97
1
330
365
75
0
76
1
98
1
10
0.0
20
0.0
0
LWPOLYLINE
5
367
100
AcDbEntity
8
0
100
AcDbPolyline
62
2
6
CONTINUOUS
90
21
70
0
10
301.0193056515
20
34.0228533819
10
301.0521949074
20
33.9937289312
10
301.0928532788
20
33.9577246890
10
301.1381731196
20
33.9175925719
10
301.1850467836
20
33.8760844965
10
301.2303666244
20
33.8359523794
10
301.2710249958
20
33.7999481372
10
300.4742815125
20
33.8315547469
10
300.5280497697
20
33.8331442971
10
300.5794108907
20
33.8379974598
10
300.6287038161
20
33.8462410032
10
300.6762674869
20
33.8580016955
10
300.7224408436
20
33.8734063050
10
300.7675628270
20
33.8925815998
10
300.8119723779
20
33.9156543483
10
300.8560084371
20
33.9427513185
10
300.9000099452
20
33.9739992788
10
300.9443158430
20
34.0095249973
10
300.9892650713
20
34.0494562885
10
300.9972931574
20
34.0423461244
10
301.0193056515
20
34.0228533819
0
HATCH
5
368
100
AcDbEntity
8
0
100
AcDbHatch
62
2
6
CONTINUOUS
10
0.0
20
0.0
30
0.0
210
0.0
220
0.0
230
1.0
2
SOLID
70
1
71
1
91
1
92
1
93
20
72
1
10
301.0193056515
20
34.0228533819
11
301.0521949074
21
33.9937289312
72
1
10
301.0521949074
20
33.9937289312
11
301.0928532788
21
33.9577246890
72
1
10
301.0928532788
20
33.9577246890
11
301.1381731196
21
33.9175925719
72
1
10
301.1381731196
20
33.9175925719
11
301.1850467836
21
33.8760844965
72
1
10
301.1850467836
20
33.8760844965
11
301.2303666244
21
33.8359523794
72
1
10
301.2303666244
20
33.8359523794
11
301.2710249958
21
33.7999481372
72
1
10
301.2710249958
20
33.7999481372
11
300.4742815125
21
33.8315547469
72
1
10
300.4742815125
20
33.8315547469
11
300.5280497697
21
33.8331442971
72
1
10
300.5280497697
20
33.8331442971
11
300.5794108907
21
33.8379974598
72
1
10
300.5794108907
20
33.8379974598
11
300.6287038161
21
33.8462410032
72
1
10
300.6287038161
20
33.8462410032
11
300.6762674869
21
33.8580016955
72
1
10
300.6762674869
20
33.8580016955
11
300.7224408436
21
33.8734063050
72
1
10
300.7224408436
20
33.8734063050
11
300.7675628270
21
33.8925815998
72
1
10
300.7675628270
20
33.8925815998
11
300.8119723779
21
33.9156543483
72
1
10
300.8119723779
20
33.9156543483
11
300.8560084371
21
33.9427513185
72
1
10
300.8560084371
20
33.9427513185
11
300.9000099452
21
33.9739992788
72
1
10
300.9000099452
20
33.9739992788
11
300.9443158430
21
34.0095249973
72
1
10
300.9443158430
20
34.0095249973
11
300.9892650713
21
34.0494562885
72
1
10
300.9892650713
20
34.0494562885
11
300.9972931574
21
34.0423461244
72
1
10
300.9972931574
20
34.0423461244
11
301.0193056515
21
34.0228533819
97
1
330
367
75
0
76
1
98
1
10
0.0
20
0.0
0
LWPOLYLINE
5
369
100
AcDbEntity
8
0
100
AcDbPolyline
62
2
6
CONTINUOUS
90
6
70
0
10
291.1524195579
20
34.0320947585
10
291.2084866437
20
33.9803717129
10
290.5593134529
20
33.8607839618
10
290.4894670895
20
33.9940840410
10
291.1034079178
20
34.0917168188
10
291.1524195579
20
34.0320947585
0
HATCH
5
36A
100
AcDbEntity
8
0
100
AcDbHatch
62
2
6
CONTINUOUS
10
0.0
20
0.0
30
0.0
210
0.0
220
0.0
230
1.0
2
SOLID
70
1
71
1
91
1
92
1
93
5
72
1
10
291.1524195579
20
34.0320947585
11
291.2084866437
21
33.9803717129
72
1
10
291.2084866437
20
33.9803717129
11
290.5593134529
21
33.8607839618
72
1
10
290.5593134529
20
33.8607839618
11
290.4894670895
21
33.9940840410
72
1
10
290.4894670895
20
33.9940840410
11
291.1034079178
21
34.0917168188
72
1
10
291.1034079178
20
34.0917168188
11
291.1524195579
21
34.0320947585
97
1
330
369
75
0
76
1
98
1
10
0.0
20
0.0
0
LWPOLYLINE
5
36B
100
AcDbEntity
8
0
100
AcDbPolyline
62
2
6
CONTINUOUS
90
6
70
0
10
302.4730159972
20
34.0319804892
10
302.5290759940
20
33.9802586939
10
301.8799245872
20
33.8606235754
10
301.8100829719
20
33.9939227455
10
302.4240115029
20
34.0915983144
10
302.4730159972
20
34.0319804892
0
HATCH
5
36C
100
AcDbEntity
8
0
100
AcDbHatch
62
2
6
CONTINUOUS
10
0.0
20
0.0
30
0.0
210
0.0
220
0.0
230
1.0
2
SOLID
70
1
71
1
91
1
92
1
93
5
72
1
10
302.4730159972
20
34.0319804892
11
302.5290759940
21
33.9802586939
72
1
10
302.5290759940
20
33.9802586939
11
301.8799245872
21
33.8606235754
72
1
10
301.8799245872
20
33.8606235754
11
301.8100829719
21
33.9939227455
72
1
10
301.8100829719
20
33.9939227455
11
302.4240115029
21
34.0915983144
72
1
10
302.4240115029
20
34.0915983144
11
302.4730159972
21
34.0319804892
97
1
330
36B
75
0
76
1
98
1
10
0.0
20
0.0
0
LWPOLYLINE
5
36D
100
AcDbEntity
8
0
100
AcDbPolyline
62
2
6
CONTINUOUS
90
6
70
0
10
313.4800802134
20
34.0319804892
10
313.5361313063
20
33.9802586939
10
312.8869551551
20
33.8606235754
10
312.8171129995
20
33.9939227455
10
313.4310820072
20
34.0915983144
10
313.4800802134
20
34.0319804892
0
HATCH
5
36E
100
AcDbEntity
8
0
100
AcDbHatch
62
2
6
CONTINUOUS
10
0.0
20
0.0
30
0.0
210
0.0
220
0.0
230
1.0
2
SOLID
70
1
71
1
91
1
92
1
93
5
72
1
10
313.4800802134
20
34.0319804892
11
313.5361313063
21
33.9802586939
72
1
10
313.5361313063
20
33.9802586939
11
312.8869551551
21
33.8606235754
72
1
10
312.8869551551
20
33.8606235754
11
312.8171129995
21
33.9939227455
72
1
10
312.8171129995
20
33.9939227455
11
313.4310820072
21
34.0915983144
72
1
10
313.4310820072
20
34.0915983144
11
313.4800802134
21
34.0319804892
97
1
330
36D
75
0
76
1
98
1
10
0.0
20
0.0
0
LWPOLYLINE
5
36F
100
AcDbEntity
8
0
100
AcDbPolyline
62
2
6
CONTINUOUS
90
6
70
0
10
293.2635854283
20
33.9883052979
10
293.2994137275
20
33.9613829544
10
292.6088631562
20
33.8913259580
10
292.5673676979
20
33.9685335617
10
293.2302153901
20
34.0180681583
10
293.2635854283
20
33.9883052979
0
HATCH
5
370
100
AcDbEntity
8
0
100
AcDbHatch
62
2
6
CONTINUOUS
10
0.0
20
0.0
30
0.0
210
0.0
220
0.0
230
1.0
2
SOLID
70
1
71
1
91
1
92
1
93
5
72
1
10
293.2635854283
20
33.9883052979
11
293.2994137275
21
33.9613829544
72
1
10
293.2994137275
20
33.9613829544
11
292.6088631562
21
33.8913259580
72
1
10
292.6088631562
20
33.8913259580
11
292.5673676979
21
33.9685335617
72
1
10
292.5673676979
20
33.9685335617
11
293.2302153901
21
34.0180681583
72
1
10
293.2302153901
20
34.0180681583
11
293.2635854283
21
33.9883052979
97
1
330
36F
75
0
76
1
98
1
10
0.0
20
0.0
0
LWPOLYLINE
5
371
100
AcDbEntity
8
0
100
AcDbPolyline
62
2
6
CONTINUOUS
90
6
70
0
10
307.6958357851
20
33.9882097350
10
307.7316695729
20
33.9612859247
10
307.0412390353
20
33.8912120519
10
306.9997341684
20
33.9684187602
10
307.6624587950
20
34.0179735162
10
307.6958357851
20
33.9882097350
0
HATCH
5
372
100
AcDbEntity
8
0
100
AcDbHatch
62
2
6
CONTINUOUS
10
0.0
20
0.0
30
0.0
210
0.0
220
0.0
230
1.0
2
SOLID
70
1
71
1
91
1
92
1
93
5
72
1
10
307.6958357851
20
33.9882097350
11
307.7316695729
21
33.9612859247
72
1
10
307.7316695729
20
33.9612859247
11
307.0412390353
21
33.8912120519
72
1
10
307.0412390353
20
33.8912120519
11
306.9997341684
21
33.9684187602
72
1
10
306.9997341684
20
33.9684187602
11
307.6624587950
21
34.0179735162
72
1
10
307.6624587950
20
34.0179735162
11
307.6958357851
21
33.9882097350
97
1
330
371
75
0
76
1
98
1
10
0.0
20
0.0
0
LWPOLYLINE
5
373
100
AcDbEntity
8
0
100
AcDbPolyline
62
2
6
CONTINUOUS
90
7
70
0
10
300.0712344121
20
34.0017410394
10
300.1141030763
20
33.9569107527
10
299.5294398213
20
33.8297805190
10
299.4561204254
20
33.9655901176
10
300.0018183094
20
34.1114378043
10
300.0337464627
20
34.0532678999
10
300.0712344121
20
34.0017410394
0
HATCH
5
374
100
AcDbEntity
8
0
100
AcDbHatch
62
2
6
CONTINUOUS
10
0.0
20
0.0
30
0.0
210
0.0
220
0.0
230
1.0
2
SOLID
70
1
71
1
91
1
92
1
93
6
72
1
10
300.0712344121
20
34.0017410394
11
300.1141030763
21
33.9569107527
72
1
10
300.1141030763
20
33.9569107527
11
299.5294398213
21
33.8297805190
72
1
10
299.5294398213
20
33.8297805190
11
299.4561204254
21
33.9655901176
72
1
10
299.4561204254
20
33.9655901176
11
300.0018183094
21
34.1114378043
72
1
10
300.0018183094
20
34.1114378043
11
300.0337464627
21
34.0532678999
72
1
10
300.0337464627
20
34.0532678999
11
300.0712344121
21
34.0017410394
97
1
330
373
75
0
76
1
98
1
10
0.0
20
0.0
0
LWPOLYLINE
5
375
100
AcDbEntity
8
0
100
AcDbPolyline
62
2
6
CONTINUOUS
90
17
70
0
10
305.0376807483
20
33.9598677477
10
305.0493823210
20
33.9660624999
10
305.0493823210
20
33.9632833607
10
305.0493823210
20
33.9425777127
10
305.0493823210
20
33.9050699406
10
305.0493823210
20
33.8548332865
10
304.7742139314
20
33.8913495959
10
304.8030350259
20
33.8929653967
10
304.8313153490
20
33.8958363443
10
304.8590514889
20
33.8999280933
10
304.8862400339
20
33.9052062979
10
304.9128775721
20
33.9116366128
10
304.9389606917
20
33.9191846924
10
304.9644859810
20
33.9278161913
10
304.9894500280
20
33.9374967638
10
305.0138494210
20
33.9481920644
10
305.0376807483
20
33.9598677477
0
HATCH
5
376
100
AcDbEntity
8
0
100
AcDbHatch
62
2
6
CONTINUOUS
10
0.0
20
0.0
30
0.0
210
0.0
220
0.0
230
1.0
2
SOLID
70
1
71
1
91
1
92
1
93
16
72
1
10
305.0376807483
20
33.9598677477
11
305.0493823210
21
33.9660624999
72
1
10
305.0493823210
20
33.9660624999
11
305.0493823210
21
33.9632833607
72
1
10
305.0493823210
20
33.9632833607
11
305.0493823210
21
33.9425777127
72
1
10
305.0493823210
20
33.9425777127
11
305.0493823210
21
33.9050699406
72
1
10
305.0493823210
20
33.9050699406
11
305.0493823210
21
33.8548332865
72
1
10
305.0493823210
20
33.8548332865
11
304.7742139314
21
33.8913495959
72
1
10
304.7742139314
20
33.8913495959
11
304.8030350259
21
33.8929653967
72
1
10
304.8030350259
20
33.8929653967
11
304.8313153490
21
33.8958363443
72
1
10
304.8313153490
20
33.8958363443
11
304.8590514889
21
33.8999280933
72
1
10
304.8590514889
20
33.8999280933
11
304.8862400339
21
33.9052062979
72
1
10
304.8862400339
20
33.9052062979
11
304.9128775721
21
33.9116366128
72
1
10
304.9128775721
20
33.9116366128
11
304.9389606917
21
33.9191846924
72
1
10
304.9389606917
20
33.9191846924
11
304.9644859810
21
33.9278161913
72
1
10
304.9644859810
20
33.9278161913
11
304.9894500280
21
33.9374967638
72
1
10
304.9894500280
20
33.9374967638
11
305.0138494210
21
33.9481920644
72
1
10
305.0138494210
20
33.9481920644
11
305.0376807483
21
33.9598677477
97
1
330
375
75
0
76
1
98
1
10
0.0
20
0.0
0
LWPOLYLINE
5
377
100
AcDbEntity
8
0
100
AcDbPolyline
62
2
6
CONTINUOUS
90
6
70
0
10
315.2981080865
20
33.9571174768
10
315.3670542258
20
33.9243944412
10
314.9859566061
20
33.8923005713
10
315.0082797916
20
33.9514013644
10
315.2299822593
20
33.9946294947
10
315.2981080865
20
33.9571174768
0
HATCH
5
378
100
AcDbEntity
8
0
100
AcDbHatch
62
2
6
CONTINUOUS
10
0.0
20
0.0
30
0.0
210
0.0
220
0.0
230
1.0
2
SOLID
70
1
71
1
91
1
92
1
93
5
72
1
10
315.2981080865
20
33.9571174768
11
315.3670542258
21
33.9243944412
72
1
10
315.3670542258
20
33.9243944412
11
314.9859566061
21
33.8923005713
72
1
10
314.9859566061
20
33.8923005713
11
315.0082797916
21
33.9514013644
72
1
10
315.0082797916
20
33.9514013644
11
315.2299822593
21
33.9946294947
72
1
10
315.2299822593
20
33.9946294947
11
315.2981080865
21
33.9571174768
97
1
330
377
75
0
76
1
98
1
10
0.0
20
0.0
0
LWPOLYLINE
5
379
100
AcDbEntity
8
0
100
AcDbPolyline
62
2
6
CONTINUOUS
90
6
70
0
10
315.4360812249
20
33.8963935167
10
315.5044496316
20
33.8730478317
10
314.9634543577
20
33.8327257076
10
314.9859566061
20
33.8923005713
10
315.3670542258
20
33.9243944412
10
315.4360812249
20
33.8963935167
0
HATCH
5
37A
100
AcDbEntity
8
0
100
AcDbHatch
62
2
6
CONTINUOUS
10
0.0
20
0.0
30
0.0
210
0.0
220
0.0
230
1.0
2
SOLID
70
1
71
1
91
1
92
1
93
5
72
1
10
315.4360812249
20
33.8963935167
11
315.5044496316
21
33.8730478317
72
1
10
315.5044496316
20
33.8730478317
11
314.9634543577
21
33.8327257076
72
1
10
314.9634543577
20
33.8327257076
11
314.9859566061
21
33.8923005713
72
1
10
314.9859566061
20
33.8923005713
11
315.3670542258
21
33.9243944412
72
1
10
315.3670542258
20
33.9243944412
11
315.4360812249
21
33.8963935167
97
1
330
379
75
0
76
1
98
1
10
0.0
20
0.0
0
LWPOLYLINE
5
37B
100
AcDbEntity
8
0
100
AcDbPolyline
62
2
6
CONTINUOUS
90
7
70
0
10
293.4206886200
20
33.8994239884
10
293.4653903923
20
33.8856286758
10
292.6088631562
20
33.8913259580
10
293.2994137275
20
33.9613829544
10
293.3376043305
20
33.9374776241
10
293.3780612804
20
33.9167658033
10
293.4206886200
20
33.8994239884
0
HATCH
5
37C
100
AcDbEntity
8
0
100
AcDbHatch
62
2
6
CONTINUOUS
10
0.0
20
0.0
30
0.0
210
0.0
220
0.0
230
1.0
2
SOLID
70
1
71
1
91
1
92
1
93
6
72
1
10
293.4206886200
20
33.8994239884
11
293.4653903923
21
33.8856286758
72
1
10
293.4653903923
20
33.8856286758
11
292.6088631562
21
33.8913259580
72
1
10
292.6088631562
20
33.8913259580
11
293.2994137275
21
33.9613829544
72
1
10
293.2994137275
20
33.9613829544
11
293.3376043305
21
33.9374776241
72
1
10
293.3376043305
20
33.9374776241
11
293.3780612804
21
33.9167658033
72
1
10
293.3780612804
20
33.9167658033
11
293.4206886200
21
33.8994239884
97
1
330
37B
75
0
76
1
98
1
10
0.0
20
0.0
0
LWPOLYLINE
5
37D
100
AcDbEntity
8
0
100
AcDbPolyline
62
2
6
CONTINUOUS
90
7
70
0
10
307.8529486584
20
33.8993210296
10
307.8976465726
20
33.8855238134
10
307.0412390353
20
33.8912120519
10
307.7316695729
20
33.9612859247
10
307.7698638520
20
33.9373787563
10
307.8103223160
20
33.9166649009
10
307.8529486584
20
33.8993210296
0
HATCH
5
37E
100
AcDbEntity
8
0
100
AcDbHatch
62
2
6
CONTINUOUS
10
0.0
20
0.0
30
0.0
210
0.0
220
0.0
230
1.0
2
SOLID
70
1
71
1
91
1
92
1
93
6
72
1
10
307.8529486584
20
33.8993210296
11
307.8976465726
21
33.8855238134
72
1
10
307.8976465726
20
33.8855238134
11
307.0412390353
21
33.8912120519
72
1
10
307.0412390353
20
33.8912120519
11
307.7316695729
21
33.9612859247
72
1
10
307.7316695729
20
33.9612859247
11
307.7698638520
21
33.9373787563
72
1
10
307.7698638520
20
33.9373787563
11
307.8103223160
21
33.9166649009
72
1
10
307.8103223160
20
33.9166649009
11
307.8529486584
21
33.8993210296
97
1
330
37D
75
0
76
1
98
1
10
0.0
20
0.0
0
LWPOLYLINE
5
37F
100
AcDbEntity
8
0
100
AcDbPolyline
62
2
6
CONTINUOUS
90
10
70
0
10
291.5655369616
20
33.8682092898
10
292.2562591526
20
33.8152884395
10
290.6463135271
20
33.7393993329
10
290.5593134529
20
33.8607839618
10
291.2084866437
20
33.9803717129
10
291.2708776836
20
33.9373651510
10
291.3388611863
20
33.9038925415
10
291.4117056606
20
33.8807713534
10
291.4886796151
20
33.8688190555
10
291.5655369616
20
33.8682092898
0
HATCH
5
380
100
AcDbEntity
8
0
100
AcDbHatch
62
2
6
CONTINUOUS
10
0.0
20
0.0
30
0.0
210
0.0
220
0.0
230
1.0
2
SOLID
70
1
71
1
91
1
92
1
93
9
72
1
10
291.5655369616
20
33.8682092898
11
292.2562591526
21
33.8152884395
72
1
10
292.2562591526
20
33.8152884395
11
290.6463135271
21
33.7393993329
72
1
10
290.6463135271
20
33.7393993329
11
290.5593134529
21
33.8607839618
72
1
10
290.5593134529
20
33.8607839618
11
291.2084866437
21
33.9803717129
72
1
10
291.2084866437
20
33.9803717129
11
291.2708776836
21
33.9373651510
72
1
10
291.2708776836
20
33.9373651510
11
291.3388611863
21
33.9038925415
72
1
10
291.3388611863
20
33.9038925415
11
291.4117056606
21
33.8807713534
72
1
10
291.4117056606
20
33.8807713534
11
291.4886796151
21
33.8688190555
72
1
10
291.4886796151
20
33.8688190555
11
291.5655369616
21
33.8682092898
97
1
330
37F
75
0
76
1
98
1
10
0.0
20
0.0
0
LWPOLYLINE
5
381
100
AcDbEntity
8
0
100
AcDbPolyline
62
2
6
CONTINUOUS
90
10
70
0
10
302.8861066964
20
33.8681014703
10
303.5768138849
20
33.8151252703
10
301.9669200840
20
33.7392375170
10
301.8799245872
20
33.8606235754
10
302.5290759940
20
33.9802586939
10
302.5914604567
20
33.9372542648
10
302.6594383489
20
33.9037848051
10
302.7322786343
20
33.8806641844
10
302.8092502763
20
33.8687100060
10
302.8861066964
20
33.8681014703
0
HATCH
5
382
100
AcDbEntity
8
0
100
AcDbHatch
62
2
6
CONTINUOUS
10
0.0
20
0.0
30
0.0
210
0.0
220
0.0
230
1.0
2
SOLID
70
1
71
1
91
1
92
1
93
9
72
1
10
302.8861066964
20
33.8681014703
11
303.5768138849
21
33.8151252703
72
1
10
303.5768138849
20
33.8151252703
11
301.9669200840
21
33.7392375170
72
1
10
301.9669200840
20
33.7392375170
11
301.8799245872
21
33.8606235754
72
1
10
301.8799245872
20
33.8606235754
11
302.5290759940
21
33.9802586939
72
1
10
302.5290759940
20
33.9802586939
11
302.5914604567
21
33.9372542648
72
1
10
302.5914604567
20
33.9372542648
11
302.6594383489
21
33.9037848051
72
1
10
302.6594383489
20
33.9037848051
11
302.7322786343
21
33.8806641844
72
1
10
302.7322786343
20
33.8806641844
11
302.8092502763
21
33.8687100060
72
1
10
302.8092502763
20
33.8687100060
11
302.8861066964
21
33.8681014703
97
1
330
381
75
0
76
1
98
1
10
0.0
20
0.0
0
LWPOLYLINE
5
383
100
AcDbEntity
8
0
100
AcDbPolyline
62
2
6
CONTINUOUS
90
10
70
0
10
313.8930782962
20
33.8681014703
10
314.5838385390
20
33.8151252703
10
312.9739482920
20
33.7392375170
10
312.8869551551
20
33.8606235754
10
313.5361313063
20
33.9802586939
10
313.5985037945
20
33.9372542648
10
313.6664661867
20
33.9037848051
10
313.7392869916
20
33.8806641844
10
313.8162347178
20
33.8687100060
10
313.8930782962
20
33.8681014703
0
HATCH
5
384
100
AcDbEntity
8
0
100
AcDbHatch
62
2
6
CONTINUOUS
10
0.0
20
0.0
30
0.0
210
0.0
220
0.0
230
1.0
2
SOLID
70
1
71
1
91
1
92
1
93
9
72
1
10
313.8930782962
20
33.8681014703
11
314.5838385390
21
33.8151252703
72
1
10
314.5838385390
20
33.8151252703
11
312.9739482920
21
33.7392375170
72
1
10
312.9739482920
20
33.7392375170
11
312.8869551551
21
33.8606235754
72
1
10
312.8869551551
20
33.8606235754
11
313.5361313063
21
33.9802586939
72
1
10
313.5361313063
20
33.9802586939
11
313.5985037945
21
33.9372542648
72
1
10
313.5985037945
20
33.9372542648
11
313.6664661867
21
33.9037848051
72
1
10
313.6664661867
20
33.9037848051
11
313.7392869916
21
33.8806641844
72
1
10
313.7392869916
20
33.8806641844
11
313.8162347178
21
33.8687100060
72
1
10
313.8162347178
20
33.8687100060
11
313.8930782962
21
33.8681014703
97
1
330
383
75
0
76
1
98
1
10
0.0
20
0.0
0
LWPOLYLINE
5
385
100
AcDbEntity
8
0
100
AcDbPolyline
62
2
6
CONTINUOUS
90
15
70
0
10
304.7433647561
20
33.8910820119
10
304.7742139314
20
33.8913495959
10
305.0493823210
20
33.8548332865
10
305.0493823210
20
33.7959409927
10
305.0493823210
20
33.7324663014
10
304.0150404268
20
33.6535674713
10
303.9845912822
20
33.7428455994
10
303.9647398914
20
33.8465955877
10
304.5946502458
20
33.9540335122
10
304.6111484348
20
33.9354001245
10
304.6308697576
20
33.9200439477
10
304.6538831327
20
33.9079495148
10
304.6802574784
20
33.8991013592
10
304.7100617134
20
33.8934840138
10
304.7433647561
20
33.8910820119
0
HATCH
5
386
100
AcDbEntity
8
0
100
AcDbHatch
62
2
6
CONTINUOUS
10
0.0
20
0.0
30
0.0
210
0.0
220
0.0
230
1.0
2
SOLID
70
1
71
1
91
1
92
1
93
14
72
1
10
304.7433647561
20
33.8910820119
11
304.7742139314
21
33.8913495959
72
1
10
304.7742139314
20
33.8913495959
11
305.0493823210
21
33.8548332865
72
1
10
305.0493823210
20
33.8548332865
11
305.0493823210
21
33.7959409927
72
1
10
305.0493823210
20
33.7959409927
11
305.0493823210
21
33.7324663014
72
1
10
305.0493823210
20
33.7324663014
11
304.0150404268
21
33.6535674713
72
1
10
304.0150404268
20
33.6535674713
11
303.9845912822
21
33.7428455994
72
1
10
303.9845912822
20
33.7428455994
11
303.9647398914
21
33.8465955877
72
1
10
303.9647398914
20
33.8465955877
11
304.5946502458
21
33.9540335122
72
1
10
304.5946502458
20
33.9540335122
11
304.6111484348
21
33.9354001245
72
1
10
304.6111484348
20
33.9354001245
11
304.6308697576
21
33.9200439477
72
1
10
304.6308697576
20
33.9200439477
11
304.6538831327
21
33.9079495148
72
1
10
304.6538831327
20
33.9079495148
11
304.6802574784
21
33.8991013592
72
1
10
304.6802574784
20
33.8991013592
11
304.7100617134
21
33.8934840138
72
1
10
304.7100617134
20
33.8934840138
11
304.7433647561
21
33.8910820119
97
1
330
385
75
0
76
1
98
1
10
0.0
20
0.0
0
LWPOLYLINE
5
387
100
AcDbEntity
8
0
100
AcDbPolyline
62
2
6
CONTINUOUS
90
7
70
0
10
315.6362528588
20
33.8400546948
10
315.6982087749
20
33.8302735000
10
314.9422055501
20
33.7764693377
10
314.9634543577
20
33.8327257076
10
315.5044496316
20
33.8730478317
10
315.5714199936
20
33.8542905148
10
315.6362528588
20
33.8400546948
0
HATCH
5
388
100
AcDbEntity
8
0
100
AcDbHatch
62
2
6
CONTINUOUS
10
0.0
20
0.0
30
0.0
210
0.0
220
0.0
230
1.0
2
SOLID
70
1
71
1
91
1
92
1
93
6
72
1
10
315.6362528588
20
33.8400546948
11
315.6982087749
21
33.8302735000
72
1
10
315.6982087749
20
33.8302735000
11
314.9422055501
21
33.7764693377
72
1
10
314.9422055501
20
33.7764693377
11
314.9634543577
21
33.8327257076
72
1
10
314.9634543577
20
33.8327257076
11
315.5044496316
21
33.8730478317
72
1
10
315.5044496316
20
33.8730478317
11
315.5714199936
21
33.8542905148
72
1
10
315.5714199936
20
33.8542905148
11
315.6362528588
21
33.8400546948
97
1
330
387
75
0
76
1
98
1
10
0.0
20
0.0
0
LWPOLYLINE
5
389
100
AcDbEntity
8
0
100
AcDbPolyline
62
2
6
CONTINUOUS
90
11
70
0
10
300.4742815125
20
33.8315547469
10
301.2710249958
20
33.7999481372
10
299.6206335360
20
33.7085516988
10
299.5294398213
20
33.8297805190
10
300.1141030763
20
33.9569107527
10
300.1621733738
20
33.9188305694
10
300.2152662232
20
33.8875540193
10
300.2732025432
20
33.8631346323
10
300.3358032524
20
33.8456259380
10
300.4028892693
20
33.8350814663
10
300.4742815125
20
33.8315547469
0
HATCH
5
38A
100
AcDbEntity
8
0
100
AcDbHatch
62
2
6
CONTINUOUS
10
0.0
20
0.0
30
0.0
210
0.0
220
0.0
230
1.0
2
SOLID
70
1
71
1
91
1
92
1
93
10
72
1
10
300.4742815125
20
33.8315547469
11
301.2710249958
21
33.7999481372
72
1
10
301.2710249958
20
33.7999481372
11
299.6206335360
21
33.7085516988
72
1
10
299.6206335360
20
33.7085516988
11
299.5294398213
21
33.8297805190
72
1
10
299.5294398213
20
33.8297805190
11
300.1141030763
21
33.9569107527
72
1
10
300.1141030763
20
33.9569107527
11
300.1621733738
21
33.9188305694
72
1
10
300.1621733738
20
33.9188305694
11
300.2152662232
21
33.8875540193
72
1
10
300.2152662232
20
33.8875540193
11
300.2732025432
21
33.8631346323
72
1
10
300.2732025432
20
33.8631346323
11
300.3358032524
21
33.8456259380
72
1
10
300.3358032524
20
33.8456259380
11
300.4028892693
21
33.8350814663
72
1
10
300.4028892693
20
33.8350814663
11
300.4742815125
21
33.8315547469
97
1
330
389
75
0
76
1
98
1
10
0.0
20
0.0
0
LWPOLYLINE
5
38B
100
AcDbEntity
8
0
100
AcDbPolyline
62
2
6
CONTINUOUS
90
32
70
0
10
315.8089705098
20
33.8237675544
10
315.8521160934
20
33.8259778507
10
316.5534092360
20
33.7952082166
10
316.5114159403
20
33.7017433942
10
316.4560741786
20
33.6200180867
10
316.3884172734
20
33.5498337270
10
316.3094785472
20
33.4909917479
10
316.2202913224
20
33.4432935822
10
316.1218889217
20
33.4065406628
10
316.0153046674
20
33.3805344225
10
315.9015718821
20
33.3650762943
10
315.7817238883
20
33.3599667514
10
315.7023311004
20
33.3618650640
10
315.6226872603
20
33.3677412091
10
315.5429277032
20
33.3778722751
10
315.4631877639
20
33.3925343910
10
315.3836027775
20
33.4120036855
10
315.3043080790
20
33.4365562876
10
315.2254390034
20
33.4664683262
10
315.1471308856
20
33.5020159301
10
315.0695190607
20
33.5434752283
10
314.9927388637
20
33.5911223495
10
314.9169256296
20
33.6452334228
10
314.8981392685
20
33.6598035425
10
314.8983873454
20
33.6604603277
10
314.9003048115
20
33.6655368330
10
314.9091982731
20
33.6890823361
10
314.9236426873
20
33.7273240258
10
314.9422055501
20
33.7764693377
10
315.6982087749
20
33.8302735000
10
315.7565482897
20
33.8248800592
10
315.8089705098
20
33.8237675544
0
HATCH
5
38C
100
AcDbEntity
8
0
100
AcDbHatch
62
2
6
CONTINUOUS
10
0.0
20
0.0
30
0.0
210
0.0
220
0.0
230
1.0
2
SOLID
70
1
71
1
91
1
92
1
93
31
72
1
10
315.8089705098
20
33.8237675544
11
315.8521160934
21
33.8259778507
72
1
10
315.8521160934
20
33.8259778507
11
316.5534092360
21
33.7952082166
72
1
10
316.5534092360
20
33.7952082166
11
316.5114159403
21
33.7017433942
72
1
10
316.5114159403
20
33.7017433942
11
316.4560741786
21
33.6200180867
72
1
10
316.4560741786
20
33.6200180867
11
316.3884172734
21
33.5498337270
72
1
10
316.3884172734
20
33.5498337270
11
316.3094785472
21
33.4909917479
72
1
10
316.3094785472
20
33.4909917479
11
316.2202913224
21
33.4432935822
72
1
10
316.2202913224
20
33.4432935822
11
316.1218889217
21
33.4065406628
72
1
10
316.1218889217
20
33.4065406628
11
316.0153046674
21
33.3805344225
72
1
10
316.0153046674
20
33.3805344225
11
315.9015718821
21
33.3650762943
72
1
10
315.9015718821
20
33.3650762943
11
315.7817238883
21
33.3599667514
72
1
10
315.7817238883
20
33.3599667514
11
315.7023311004
21
33.3618650640
72
1
10
315.7023311004
20
33.3618650640
11
315.6226872603
21
33.3677412091
72
1
10
315.6226872603
20
33.3677412091
11
315.5429277032
21
33.3778722751
72
1
10
315.5429277032
20
33.3778722751
11
315.4631877639
21
33.3925343910
72
1
10
315.4631877639
20
33.3925343910
11
315.3836027775
21
33.4120036855
72
1
10
315.3836027775
20
33.4120036855
11
315.3043080790
21
33.4365562876
72
1
10
315.3043080790
20
33.4365562876
11
315.2254390034
21
33.4664683262
72
1
10
315.2254390034
20
33.4664683262
11
315.1471308856
21
33.5020159301
72
1
10
315.1471308856
20
33.5020159301
11
315.0695190607
21
33.5434752283
72
1
10
315.0695190607
20
33.5434752283
11
314.9927388637
21
33.5911223495
72
1
10
314.9927388637
20
33.5911223495
11
314.9169256296
21
33.6452334228
72
1
10
314.9169256296
20
33.6452334228
11
314.8981392685
21
33.6598035425
72
1
10
314.8981392685
20
33.6598035425
11
314.8983873454
21
33.6604603277
72
1
10
314.8983873454
20
33.6604603277
11
314.9003048115
21
33.6655368330
72
1
10
314.9003048115
20
33.6655368330
11
314.9091982731
21
33.6890823361
72
1
10
314.9091982731
20
33.6890823361
11
314.9236426873
21
33.7273240258
72
1
10
314.9236426873
20
33.7273240258
11
314.9422055501
21
33.7764693377
72
1
10
314.9422055501
20
33.7764693377
11
315.6982087749
21
33.8302735000
72
1
10
315.6982087749
20
33.8302735000
11
315.7565482897
21
33.8248800592
72
1
10
315.7565482897
20
33.8248800592
11
315.8089705098
21
33.8237675544
97
1
330
38B
75
0
76
1
98
1
10
0.0
20
0.0
0
LWPOLYLINE
5
38D
100
AcDbEntity
8
0
100
AcDbPolyline
62
2
6
CONTINUOUS
90
6
70
0
10
292.2769563563
20
33.7597535056
10
292.2936353048
20
33.7150003924
10
290.7492151792
20
33.6314984483
10
290.6463135271
20
33.7393993329
10
292.2562591526
20
33.8152884395
10
292.2769563563
20
33.7597535056
0
HATCH
5
38E
100
AcDbEntity
8
0
100
AcDbHatch
62
2
6
CONTINUOUS
10
0.0
20
0.0
30
0.0
210
0.0
220
0.0
230
1.0
2
SOLID
70
1
71
1
91
1
92
1
93
5
72
1
10
292.2769563563
20
33.7597535056
11
292.2936353048
21
33.7150003924
72
1
10
292.2936353048
20
33.7150003924
11
290.7492151792
21
33.6314984483
72
1
10
290.7492151792
20
33.6314984483
11
290.6463135271
21
33.7393993329
72
1
10
290.6463135271
20
33.7393993329
11
292.2562591526
21
33.8152884395
72
1
10
292.2562591526
20
33.8152884395
11
292.2769563563
21
33.7597535056
97
1
330
38D
75
0
76
1
98
1
10
0.0
20
0.0
0
LWPOLYLINE
5
38F
100
AcDbEntity
8
0
100
AcDbPolyline
62
2
6
CONTINUOUS
90
6
70
0
10
303.5975172394
20
33.7595917272
10
303.6142011445
20
33.7148400916
10
302.0698180115
20
33.6313363096
10
301.9669200840
20
33.7392375170
10
303.5768138849
20
33.8151252703
10
303.5975172394
20
33.7595917272
0
HATCH
5
390
100
AcDbEntity
8
0
100
AcDbHatch
62
2
6
CONTINUOUS
10
0.0
20
0.0
30
0.0
210
0.0
220
0.0
230
1.0
2
SOLID
70
1
71
1
91
1
92
1
93
5
72
1
10
303.5975172394
20
33.7595917272
11
303.6142011445
21
33.7148400916
72
1
10
303.6142011445
20
33.7148400916
11
302.0698180115
21
33.6313363096
72
1
10
302.0698180115
20
33.6313363096
11
301.9669200840
21
33.7392375170
72
1
10
301.9669200840
20
33.7392375170
11
303.5768138849
21
33.8151252703
72
1
10
303.5768138849
20
33.8151252703
11
303.5975172394
21
33.7595917272
97
1
330
38F
75
0
76
1
98
1
10
0.0
20
0.0
0
LWPOLYLINE
5
391
100
AcDbEntity
8
0
100
AcDbPolyline
62
2
6
CONTINUOUS
90
6
70
0
10
314.6045418934
20
33.7595917272
10
314.6212257985
20
33.7148400916
10
313.0768395949
20
33.6313363096
10
312.9739482920
20
33.7392375170
10
314.5838385390
20
33.8151252703
10
314.6045418934
20
33.7595917272
0
HATCH
5
392
100
AcDbEntity
8
0
100
AcDbHatch
62
2
6
CONTINUOUS
10
0.0
20
0.0
30
0.0
210
0.0
220
0.0
230
1.0
2
SOLID
70
1
71
1
91
1
92
1
93
5
72
1
10
314.6045418934
20
33.7595917272
11
314.6212257985
21
33.7148400916
72
1
10
314.6212257985
20
33.7148400916
11
313.0768395949
21
33.6313363096
72
1
10
313.0768395949
20
33.6313363096
11
312.9739482920
21
33.7392375170
72
1
10
312.9739482920
20
33.7392375170
11
314.5838385390
21
33.8151252703
72
1
10
314.5838385390
20
33.8151252703
11
314.6045418934
21
33.7595917272
97
1
330
391
75
0
76
1
98
1
10
0.0
20
0.0
0
LWPOLYLINE
5
393
100
AcDbEntity
8
0
100
AcDbPolyline
62
2
6
CONTINUOUS
90
8
70
0
10
301.3339548319
20
33.7442218260
10
301.2777682053
20
33.6796813117
10
299.7283280443
20
33.6029907977
10
299.6206335360
20
33.7085516988
10
301.2710249958
20
33.7999481372
10
301.3039142517
20
33.7708236865
10
301.3259267458
20
33.7513309439
10
301.3339548319
20
33.7442218260
0
HATCH
5
394
100
AcDbEntity
8
0
100
AcDbHatch
62
2
6
CONTINUOUS
10
0.0
20
0.0
30
0.0
210
0.0
220
0.0
230
1.0
2
SOLID
70
1
71
1
91
1
92
1
93
7
72
1
10
301.3339548319
20
33.7442218260
11
301.2777682053
21
33.6796813117
72
1
10
301.2777682053
20
33.6796813117
11
299.7283280443
21
33.6029907977
72
1
10
299.7283280443
20
33.6029907977
11
299.6206335360
21
33.7085516988
72
1
10
299.6206335360
20
33.7085516988
11
301.2710249958
21
33.7999481372
72
1
10
301.2710249958
20
33.7999481372
11
301.3039142517
21
33.7708236865
72
1
10
301.3039142517
20
33.7708236865
11
301.3259267458
21
33.7513309439
72
1
10
301.3259267458
20
33.7513309439
11
301.3339548319
21
33.7442218260
97
1
330
393
75
0
76
1
98
1
10
0.0
20
0.0
0
LWPOLYLINE
5
395
100
AcDbEntity
8
0
100
AcDbPolyline
62
2
6
CONTINUOUS
90
10
70
0
10
305.0493823210
20
33.6684824548
10
305.0493823210
20
33.6080626951
10
305.0493823210
20
33.5552802647
10
305.0493823210
20
33.5142084056
10
304.1644540803
20
33.4642007732
10
304.1055238562
20
33.5150814057
10
304.0555352949
20
33.5779248560
10
304.0150404268
20
33.6535674713
10
305.0493823210
20
33.7324663014
10
305.0493823210
20
33.6684824548
0
HATCH
5
396
100
AcDbEntity
8
0
100
AcDbHatch
62
2
6
CONTINUOUS
10
0.0
20
0.0
30
0.0
210
0.0
220
0.0
230
1.0
2
SOLID
70
1
71
1
91
1
92
1
93
9
72
1
10
305.0493823210
20
33.6684824548
11
305.0493823210
21
33.6080626951
72
1
10
305.0493823210
20
33.6080626951
11
305.0493823210
21
33.5552802647
72
1
10
305.0493823210
20
33.5552802647
11
305.0493823210
21
33.5142084056
72
1
10
305.0493823210
20
33.5142084056
11
304.1644540803
21
33.4642007732
72
1
10
304.1644540803
20
33.4642007732
11
304.1055238562
21
33.5150814057
72
1
10
304.1055238562
20
33.5150814057
11
304.0555352949
21
33.5779248560
72
1
10
304.0555352949
20
33.5779248560
11
304.0150404268
21
33.6535674713
72
1
10
304.0150404268
20
33.6535674713
11
305.0493823210
21
33.7324663014
72
1
10
305.0493823210
20
33.7324663014
11
305.0493823210
21
33.6684824548
97
1
330
395
75
0
76
1
98
1
10
0.0
20
0.0
0
LWPOLYLINE
5
397
100
AcDbEntity
8
0
100
AcDbPolyline
62
2
6
CONTINUOUS
90
29
70
0
10
311.4345631252
20
33.6369866484
10
311.4345631252
20
33.5693437245
10
311.4345631252
20
33.5107520393
10
311.4345631252
20
33.4626597910
10
311.4345631252
20
33.4265151778
10
311.4345631252
20
33.4037663978
10
311.4345631252
20
33.3958628870
10
311.4311005301
20
33.3958628870
10
311.4211356569
20
33.3958628870
10
311.4053028744
20
33.3958628870
10
311.3585710556
20
33.3958628870
10
311.2959800222
20
33.3958628870
10
311.2226047229
20
33.3958628870
10
311.1435201064
20
33.3958628870
10
311.0638011213
20
33.3958628870
10
310.9885227163
20
33.3958628870
10
310.9227598400
20
33.3958628870
10
310.8715874410
20
33.3958628870
10
310.8400804682
20
33.3958628870
10
310.8332874379
20
33.3958628870
10
310.8324085731
20
33.3975914268
10
310.8324085731
20
33.4109493439
10
310.8324085731
20
33.4364779737
10
310.8324085731
20
33.4729191780
10
310.8324085731
20
33.5190334855
10
310.8324085731
20
33.5735664914
10
310.8324085731
20
33.6352749911
10
311.4345631252
20
33.7122326129
10
311.4345631252
20
33.6369866484
0
HATCH
5
398
100
AcDbEntity
8
0
100
AcDbHatch
62
2
6
CONTINUOUS
10
0.0
20
0.0
30
0.0
210
0.0
220
0.0
230
1.0
2
SOLID
70
1
71
1
91
1
92
1
93
28
72
1
10
311.4345631252
20
33.6369866484
11
311.4345631252
21
33.5693437245
72
1
10
311.4345631252
20
33.5693437245
11
311.4345631252
21
33.5107520393
72
1
10
311.4345631252
20
33.5107520393
11
311.4345631252
21
33.4626597910
72
1
10
311.4345631252
20
33.4626597910
11
311.4345631252
21
33.4265151778
72
1
10
311.4345631252
20
33.4265151778
11
311.4345631252
21
33.4037663978
72
1
10
311.4345631252
20
33.4037663978
11
311.4345631252
21
33.3958628870
72
1
10
311.4345631252
20
33.3958628870
11
311.4311005301
21
33.3958628870
72
1
10
311.4311005301
20
33.3958628870
11
311.4211356569
21
33.3958628870
72
1
10
311.4211356569
20
33.3958628870
11
311.4053028744
21
33.3958628870
72
1
10
311.4053028744
20
33.3958628870
11
311.3585710556
21
33.3958628870
72
1
10
311.3585710556
20
33.3958628870
11
311.2959800222
21
33.3958628870
72
1
10
311.2959800222
20
33.3958628870
11
311.2226047229
21
33.3958628870
72
1
10
311.2226047229
20
33.3958628870
11
311.1435201064
21
33.3958628870
72
1
10
311.1435201064
20
33.3958628870
11
311.0638011213
21
33.3958628870
72
1
10
311.0638011213
20
33.3958628870
11
310.9885227163
21
33.3958628870
72
1
10
310.9885227163
20
33.3958628870
11
310.9227598400
21
33.3958628870
72
1
10
310.9227598400
20
33.3958628870
11
310.8715874410
21
33.3958628870
72
1
10
310.8715874410
20
33.3958628870
11
310.8400804682
21
33.3958628870
72
1
10
310.8400804682
20
33.3958628870
11
310.8332874379
21
33.3958628870
72
1
10
310.8332874379
20
33.3958628870
11
310.8324085731
21
33.3975914268
72
1
10
310.8324085731
20
33.3975914268
11
310.8324085731
21
33.4109493439
72
1
10
310.8324085731
20
33.4109493439
11
310.8324085731
21
33.4364779737
72
1
10
310.8324085731
20
33.4364779737
11
310.8324085731
21
33.4729191780
72
1
10
310.8324085731
20
33.4729191780
11
310.8324085731
21
33.5190334855
72
1
10
310.8324085731
20
33.5190334855
11
310.8324085731
21
33.5735664914
72
1
10
310.8324085731
20
33.5735664914
11
310.8324085731
21
33.6352749911
72
1
10
310.8324085731
20
33.6352749911
11
311.4345631252
21
33.7122326129
72
1
10
311.4345631252
20
33.7122326129
11
311.4345631252
21
33.6369866484
97
1
330
397
75
0
76
1
98
1
10
0.0
20
0.0
0
LWPOLYLINE
5
399
100
AcDbEntity
8
0
100
AcDbPolyline
62
2
6
CONTINUOUS
90
28
70
0
10
292.2656772914
20
33.6327756527
10
292.2623768850
20
33.6297405806
10
290.8667662761
20
33.5386496015
10
290.7492151792
20
33.6314984483
10
292.2936353048
20
33.7150003924
10
292.3047652341
20
33.6851364603
10
292.3088153803
20
33.6742690696
10
292.3078077553
20
33.6732483684
10
292.3067996754
20
33.6722299986
10
292.3057906858
20
33.6712137327
10
292.3047803313
20
33.6701993434
10
292.3037681573
20
33.6691866031
10
292.3027537087
20
33.6681752844
10
292.3017365307
20
33.6671651598
10
292.3007161683
20
33.6661560019
10
292.2996921667
20
33.6651475832
10
292.2986640709
20
33.6641396763
10
292.2976314260
20
33.6631320537
10
292.2949630029
20
33.6605391014
10
292.2917434563
20
33.6574226577
10
292.2885158350
20
33.6543125258
10
292.2852799118
20
33.6512093881
10
292.2820354590
20
33.6481139271
10
292.2787822492
20
33.6450268249
10
292.2755200550
20
33.6419487640
10
292.2722486490
20
33.6388804268
10
292.2689678036
20
33.6358224956
10
292.2656772914
20
33.6327756527
0
HATCH
5
39A
100
AcDbEntity
8
0
100
AcDbHatch
62
2
6
CONTINUOUS
10
0.0
20
0.0
30
0.0
210
0.0
220
0.0
230
1.0
2
SOLID
70
1
71
1
91
1
92
1
93
27
72
1
10
292.2656772914
20
33.6327756527
11
292.2623768850
21
33.6297405806
72
1
10
292.2623768850
20
33.6297405806
11
290.8667662761
21
33.5386496015
72
1
10
290.8667662761
20
33.5386496015
11
290.7492151792
21
33.6314984483
72
1
10
290.7492151792
20
33.6314984483
11
292.2936353048
21
33.7150003924
72
1
10
292.2936353048
20
33.7150003924
11
292.3047652341
21
33.6851364603
72
1
10
292.3047652341
20
33.6851364603
11
292.3088153803
21
33.6742690696
72
1
10
292.3088153803
20
33.6742690696
11
292.3078077553
21
33.6732483684
72
1
10
292.3078077553
20
33.6732483684
11
292.3067996754
21
33.6722299986
72
1
10
292.3067996754
20
33.6722299986
11
292.3057906858
21
33.6712137327
72
1
10
292.3057906858
20
33.6712137327
11
292.3047803313
21
33.6701993434
72
1
10
292.3047803313
20
33.6701993434
11
292.3037681573
21
33.6691866031
72
1
10
292.3037681573
20
33.6691866031
11
292.3027537087
21
33.6681752844
72
1
10
292.3027537087
20
33.6681752844
11
292.3017365307
21
33.6671651598
72
1
10
292.3017365307
20
33.6671651598
11
292.3007161683
21
33.6661560019
72
1
10
292.3007161683
20
33.6661560019
11
292.2996921667
21
33.6651475832
72
1
10
292.2996921667
20
33.6651475832
11
292.2986640709
21
33.6641396763
72
1
10
292.2986640709
20
33.6641396763
11
292.2976314260
21
33.6631320537
72
1
10
292.2976314260
20
33.6631320537
11
292.2949630029
21
33.6605391014
72
1
10
292.2949630029
20
33.6605391014
11
292.2917434563
21
33.6574226577
72
1
10
292.2917434563
20
33.6574226577
11
292.2885158350
21
33.6543125258
72
1
10
292.2885158350
20
33.6543125258
11
292.2852799118
21
33.6512093881
72
1
10
292.2852799118
20
33.6512093881
11
292.2820354590
21
33.6481139271
72
1
10
292.2820354590
20
33.6481139271
11
292.2787822492
21
33.6450268249
72
1
10
292.2787822492
20
33.6450268249
11
292.2755200550
21
33.6419487640
72
1
10
292.2755200550
20
33.6419487640
11
292.2722486490
21
33.6388804268
72
1
10
292.2722486490
20
33.6388804268
11
292.2689678036
21
33.6358224956
72
1
10
292.2689678036
20
33.6358224956
11
292.2656772914
21
33.6327756527
97
1
330
399
75
0
76
1
98
1
10
0.0
20
0.0
0
LWPOLYLINE
5
39B
100
AcDbEntity
8
0
100
AcDbPolyline
62
2
6
CONTINUOUS
90
28
70
0
10
303.5862639869
20
33.6327213815
10
303.5829538118
20
33.6297197701
10
302.1873669191
20
33.5384879589
10
302.0698180115
20
33.6313363096
10
303.6142011445
20
33.7148400916
10
303.6253343813
20
33.6849733121
10
303.6293857311
20
33.6741055377
10
303.6283530815
20
33.6730975339
10
303.6273271986
20
33.6720895301
10
303.6263071727
20
33.6710777930
10
303.6252920939
20
33.6700697892
10
303.6242810524
20
33.6690617854
10
303.6232731383
20
33.6680575149
10
303.6222674420
20
33.6670569778
10
303.6212630535
20
33.6660601740
10
303.6202590630
20
33.6650745703
10
303.6192545608
20
33.6640926999
10
303.6182486370
20
33.6631220296
10
303.6155779097
20
33.6605198864
10
303.6123496180
20
33.6573764079
10
303.6091167772
20
33.6542441294
10
303.6058782501
20
33.6511267843
10
303.6026328993
20
33.6480169059
10
303.5993795877
20
33.6449256942
10
303.5961171779
20
33.6418494159
10
303.5928445327
20
33.6387880710
10
303.5895605148
20
33.6357453929
10
303.5862639869
20
33.6327213815
0
HATCH
5
39C
100
AcDbEntity
8
0
100
AcDbHatch
62
2
6
CONTINUOUS
10
0.0
20
0.0
30
0.0
210
0.0
220
0.0
230
1.0
2
SOLID
70
1
71
1
91
1
92
1
93
27
72
1
10
303.5862639869
20
33.6327213815
11
303.5829538118
21
33.6297197701
72
1
10
303.5829538118
20
33.6297197701
11
302.1873669191
21
33.5384879589
72
1
10
302.1873669191
20
33.5384879589
11
302.0698180115
21
33.6313363096
72
1
10
302.0698180115
20
33.6313363096
11
303.6142011445
21
33.7148400916
72
1
10
303.6142011445
20
33.7148400916
11
303.6253343813
21
33.6849733121
72
1
10
303.6253343813
20
33.6849733121
11
303.6293857311
21
33.6741055377
72
1
10
303.6293857311
20
33.6741055377
11
303.6283530815
21
33.6730975339
72
1
10
303.6283530815
20
33.6730975339
11
303.6273271986
21
33.6720895301
72
1
10
303.6273271986
20
33.6720895301
11
303.6263071727
21
33.6710777930
72
1
10
303.6263071727
20
33.6710777930
11
303.6252920939
21
33.6700697892
72
1
10
303.6252920939
20
33.6700697892
11
303.6242810524
21
33.6690617854
72
1
10
303.6242810524
20
33.6690617854
11
303.6232731383
21
33.6680575149
72
1
10
303.6232731383
20
33.6680575149
11
303.6222674420
21
33.6670569778
72
1
10
303.6222674420
20
33.6670569778
11
303.6212630535
21
33.6660601740
72
1
10
303.6212630535
20
33.6660601740
11
303.6202590630
21
33.6650745703
72
1
10
303.6202590630
20
33.6650745703
11
303.6192545608
21
33.6640926999
72
1
10
303.6192545608
20
33.6640926999
11
303.6182486370
21
33.6631220296
72
1
10
303.6182486370
20
33.6631220296
11
303.6155779097
21
33.6605198864
72
1
10
303.6155779097
20
33.6605198864
11
303.6123496180
21
33.6573764079
72
1
10
303.6123496180
20
33.6573764079
11
303.6091167772
21
33.6542441294
72
1
10
303.6091167772
20
33.6542441294
11
303.6058782501
21
33.6511267843
72
1
10
303.6058782501
20
33.6511267843
11
303.6026328993
21
33.6480169059
72
1
10
303.6026328993
20
33.6480169059
11
303.5993795877
21
33.6449256942
72
1
10
303.5993795877
20
33.6449256942
11
303.5961171779
21
33.6418494159
72
1
10
303.5961171779
20
33.6418494159
11
303.5928445327
21
33.6387880710
72
1
10
303.5928445327
20
33.6387880710
11
303.5895605148
21
33.6357453929
72
1
10
303.5895605148
20
33.6357453929
11
303.5862639869
21
33.6327213815
97
1
330
39B
75
0
76
1
98
1
10
0.0
20
0.0
0
LWPOLYLINE
5
39D
100
AcDbEntity
8
0
100
AcDbPolyline
62
2
6
CONTINUOUS
90
28
70
0
10
314.5932371120
20
33.6327213815
10
314.5899584322
20
33.6297197701
10
313.1943762484
20
33.5384879589
10
313.0768395949
20
33.6313363096
10
314.6212257985
20
33.7148400916
10
314.6323590354
20
33.6849733121
10
314.6364103851
20
33.6741055377
10
314.6353860731
20
33.6730975339
10
314.6343577807
20
33.6720895301
10
314.6333266450
20
33.6710777930
10
314.6322938035
20
33.6700697892
10
314.6312603933
20
33.6690617854
10
314.6302275518
20
33.6680575149
10
314.6291964162
20
33.6670569778
10
314.6281681237
20
33.6660601740
10
314.6271438117
20
33.6650745703
10
314.6261246174
20
33.6640926999
10
314.6251116781
20
33.6631220296
10
314.6224594918
20
33.6605198864
10
314.6192488775
20
33.6573764079
10
314.6160270611
20
33.6542441294
10
314.6127949524
20
33.6511267843
10
314.6095534613
20
33.6480169059
10
314.6063034975
20
33.6449256942
10
314.6030459708
20
33.6418494159
10
314.5997817912
20
33.6387880710
10
314.5965118683
20
33.6357453929
10
314.5932371120
20
33.6327213815
0
HATCH
5
39E
100
AcDbEntity
8
0
100
AcDbHatch
62
2
6
CONTINUOUS
10
0.0
20
0.0
30
0.0
210
0.0
220
0.0
230
1.0
2
SOLID
70
1
71
1
91
1
92
1
93
27
72
1
10
314.5932371120
20
33.6327213815
11
314.5899584322
21
33.6297197701
72
1
10
314.5899584322
20
33.6297197701
11
313.1943762484
21
33.5384879589
72
1
10
313.1943762484
20
33.5384879589
11
313.0768395949
21
33.6313363096
72
1
10
313.0768395949
20
33.6313363096
11
314.6212257985
21
33.7148400916
72
1
10
314.6212257985
20
33.7148400916
11
314.6323590354
21
33.6849733121
72
1
10
314.6323590354
20
33.6849733121
11
314.6364103851
21
33.6741055377
72
1
10
314.6364103851
20
33.6741055377
11
314.6353860731
21
33.6730975339
72
1
10
314.6353860731
20
33.6730975339
11
314.6343577807
21
33.6720895301
72
1
10
314.6343577807
20
33.6720895301
11
314.6333266450
21
33.6710777930
72
1
10
314.6333266450
20
33.6710777930
11
314.6322938035
21
33.6700697892
72
1
10
314.6322938035
20
33.6700697892
11
314.6312603933
21
33.6690617854
72
1
10
314.6312603933
20
33.6690617854
11
314.6302275518
21
33.6680575149
72
1
10
314.6302275518
20
33.6680575149
11
314.6291964162
21
33.6670569778
72
1
10
314.6291964162
20
33.6670569778
11
314.6281681237
21
33.6660601740
72
1
10
314.6281681237
20
33.6660601740
11
314.6271438117
21
33.6650745703
72
1
10
314.6271438117
20
33.6650745703
11
314.6261246174
21
33.6640926999
72
1
10
314.6261246174
20
33.6640926999
11
314.6251116781
21
33.6631220296
72
1
10
314.6251116781
20
33.6631220296
11
314.6224594918
21
33.6605198864
72
1
10
314.6224594918
20
33.6605198864
11
314.6192488775
21
33.6573764079
72
1
10
314.6192488775
20
33.6573764079
11
314.6160270611
21
33.6542441294
72
1
10
314.6160270611
20
33.6542441294
11
314.6127949524
21
33.6511267843
72
1
10
314.6127949524
20
33.6511267843
11
314.6095534613
21
33.6480169059
72
1
10
314.6095534613
20
33.6480169059
11
314.6063034975
21
33.6449256942
72
1
10
314.6063034975
20
33.6449256942
11
314.6030459708
21
33.6418494159
72
1
10
314.6030459708
20
33.6418494159
11
314.5997817912
21
33.6387880710
72
1
10
314.5997817912
20
33.6387880710
11
314.5965118683
21
33.6357453929
72
1
10
314.5965118683
20
33.6357453929
11
314.5932371120
21
33.6327213815
97
1
330
39D
75
0
76
1
98
1
10
0.0
20
0.0
0
LWPOLYLINE
5
39F
100
AcDbEntity
8
0
100
AcDbPolyline
62
2
6
CONTINUOUS
90
6
70
0
10
301.2171948144
20
33.6200969238
10
301.1521838059
20
33.5657195222
10
299.8511498212
20
33.5141849567
10
299.7283280443
20
33.6029907977
10
301.2777682053
20
33.6796813117
10
301.2171948144
20
33.6200969238
0
HATCH
5
3A0
100
AcDbEntity
8
0
100
AcDbHatch
62
2
6
CONTINUOUS
10
0.0
20
0.0
30
0.0
210
0.0
220
0.0
230
1.0
2
SOLID
70
1
71
1
91
1
92
1
93
5
72
1
10
301.2171948144
20
33.6200969238
11
301.1521838059
21
33.5657195222
72
1
10
301.1521838059
20
33.5657195222
11
299.8511498212
21
33.5141849567
72
1
10
299.8511498212
20
33.5141849567
11
299.7283280443
21
33.6029907977
72
1
10
299.7283280443
20
33.6029907977
11
301.2777682053
21
33.6796813117
72
1
10
301.2777682053
20
33.6796813117
11
301.2171948144
21
33.6200969238
97
1
330
39F
75
0
76
1
98
1
10
0.0
20
0.0
0
LWPOLYLINE
5
3A1
100
AcDbEntity
8
0
100
AcDbPolyline
62
2
6
CONTINUOUS
90
10
70
0
10
310.0916440452
20
33.5735664914
10
310.0916440452
20
33.5190334855
10
310.0916440452
20
33.4729191780
10
310.0916440452
20
33.4364779737
10
309.4894894931
20
33.4080704322
10
309.4894894931
20
33.4432056316
10
309.4894894931
20
33.4990305241
10
309.4894894931
20
33.5733083860
10
310.0916440452
20
33.6352749911
10
310.0916440452
20
33.5735664914
0
HATCH
5
3A2
100
AcDbEntity
8
0
100
AcDbHatch
62
2
6
CONTINUOUS
10
0.0
20
0.0
30
0.0
210
0.0
220
0.0
230
1.0
2
SOLID
70
1
71
1
91
1
92
1
93
9
72
1
10
310.0916440452
20
33.5735664914
11
310.0916440452
21
33.5190334855
72
1
10
310.0916440452
20
33.5190334855
11
310.0916440452
21
33.4729191780
72
1
10
310.0916440452
20
33.4729191780
11
310.0916440452
21
33.4364779737
72
1
10
310.0916440452
20
33.4364779737
11
309.4894894931
21
33.4080704322
72
1
10
309.4894894931
20
33.4080704322
11
309.4894894931
21
33.4432056316
72
1
10
309.4894894931
20
33.4432056316
11
309.4894894931
21
33.4990305241
72
1
10
309.4894894931
20
33.4990305241
11
309.4894894931
21
33.5733083860
72
1
10
309.4894894931
20
33.5733083860
11
310.0916440452
21
33.6352749911
72
1
10
310.0916440452
20
33.6352749911
11
310.0916440452
21
33.5735664914
97
1
330
3A1
75
0
76
1
98
1
10
0.0
20
0.0
0
LWPOLYLINE
5
3A3
100
AcDbEntity
8
0
100
AcDbPolyline
62
2
6
CONTINUOUS
90
8
70
0
10
292.1848619661
20
33.5642617349
10
292.1312929649
20
33.5253039497
10
290.9977146846
20
33.4624210866
10
290.8667662761
20
33.5386496015
10
292.2623768850
20
33.6297405806
10
292.2607229004
20
33.6282264311
10
292.2359727606
20
33.6062082627
10
292.1848619661
20
33.5642617349
0
HATCH
5
3A4
100
AcDbEntity
8
0
100
AcDbHatch
62
2
6
CONTINUOUS
10
0.0
20
0.0
30
0.0
210
0.0
220
0.0
230
1.0
2
SOLID
70
1
71
1
91
1
92
1
93
7
72
1
10
292.1848619661
20
33.5642617349
11
292.1312929649
21
33.5253039497
72
1
10
292.1312929649
20
33.5253039497
11
290.9977146846
21
33.4624210866
72
1
10
290.9977146846
20
33.4624210866
11
290.8667662761
21
33.5386496015
72
1
10
290.8667662761
20
33.5386496015
11
292.2623768850
21
33.6297405806
72
1
10
292.2623768850
20
33.6297405806
11
292.2607229004
21
33.6282264311
72
1
10
292.2607229004
20
33.6282264311
11
292.2359727606
21
33.6062082627
72
1
10
292.2359727606
20
33.6062082627
11
292.1848619661
21
33.5642617349
97
1
330
3A3
75
0
76
1
98
1
10
0.0
20
0.0
0
LWPOLYLINE
5
3A5
100
AcDbEntity
8
0
100
AcDbPolyline
62
2
6
CONTINUOUS
90
8
70
0
10
303.5054511565
20
33.5642069894
10
303.4518918955
20
33.5252196421
10
302.3183153561
20
33.4622604711
10
302.1873669191
20
33.5384879589
10
303.5829538118
20
33.6297197701
10
303.5812932512
20
33.6282264311
10
303.5565499931
20
33.6061884813
10
303.5054511565
20
33.5642069894
0
HATCH
5
3A6
100
AcDbEntity
8
0
100
AcDbHatch
62
2
6
CONTINUOUS
10
0.0
20
0.0
30
0.0
210
0.0
220
0.0
230
1.0
2
SOLID
70
1
71
1
91
1
92
1
93
7
72
1
10
303.5054511565
20
33.5642069894
11
303.4518918955
21
33.5252196421
72
1
10
303.4518918955
20
33.5252196421
11
302.3183153561
21
33.4622604711
72
1
10
302.3183153561
20
33.4622604711
11
302.1873669191
21
33.5384879589
72
1
10
302.1873669191
20
33.5384879589
11
303.5829538118
21
33.6297197701
72
1
10
303.5829538118
20
33.6297197701
11
303.5812932512
21
33.6282264311
72
1
10
303.5812932512
20
33.6282264311
11
303.5565499931
21
33.6061884813
72
1
10
303.5565499931
20
33.6061884813
11
303.5054511565
21
33.5642069894
97
1
330
3A5
75
0
76
1
98
1
10
0.0
20
0.0
0
LWPOLYLINE
5
3A7
100
AcDbEntity
8
0
100
AcDbPolyline
62
2
6
CONTINUOUS
90
8
70
0
10
314.5124429932
20
33.5642069894
10
314.4588712365
20
33.5252196421
10
313.3253054372
20
33.4622604711
10
313.1943762484
20
33.5384879589
10
314.5899584322
20
33.6297197701
10
314.5883179052
20
33.6282264311
10
314.5635614903
20
33.6061884813
10
314.5124429932
20
33.5642069894
0
HATCH
5
3A8
100
AcDbEntity
8
0
100
AcDbHatch
62
2
6
CONTINUOUS
10
0.0
20
0.0
30
0.0
210
0.0
220
0.0
230
1.0
2
SOLID
70
1
71
1
91
1
92
1
93
7
72
1
10
314.5124429932
20
33.5642069894
11
314.4588712365
21
33.5252196421
72
1
10
314.4588712365
20
33.5252196421
11
313.3253054372
21
33.4622604711
72
1
10
313.3253054372
20
33.4622604711
11
313.1943762484
21
33.5384879589
72
1
10
313.1943762484
20
33.5384879589
11
314.5899584322
21
33.6297197701
72
1
10
314.5899584322
20
33.6297197701
11
314.5883179052
21
33.6282264311
72
1
10
314.5883179052
20
33.6282264311
11
314.5635614903
21
33.6061884813
72
1
10
314.5635614903
20
33.6061884813
11
314.5124429932
21
33.5642069894
97
1
330
3A7
75
0
76
1
98
1
10
0.0
20
0.0
0
LWPOLYLINE
5
3A9
100
AcDbEntity
8
0
100
AcDbPolyline
62
2
6
CONTINUOUS
90
8
70
0
10
301.0826843265
20
33.5167999668
10
301.0086455230
20
33.4735891177
10
300.9300165421
20
33.4363378347
10
300.1366810799
20
33.3911870182
10
299.9877253414
20
33.4432213165
10
299.8511498212
20
33.5141849567
10
301.1521838059
20
33.5657195222
10
301.0826843265
20
33.5167999668
0
HATCH
5
3AA
100
AcDbEntity
8
0
100
AcDbHatch
62
2
6
CONTINUOUS
10
0.0
20
0.0
30
0.0
210
0.0
220
0.0
230
1.0
2
SOLID
70
1
71
1
91
1
92
1
93
7
72
1
10
301.0826843265
20
33.5167999668
11
301.0086455230
21
33.4735891177
72
1
10
301.0086455230
20
33.4735891177
11
300.9300165421
21
33.4363378347
72
1
10
300.9300165421
20
33.4363378347
11
300.1366810799
21
33.3911870182
72
1
10
300.1366810799
20
33.3911870182
11
299.9877253414
21
33.4432213165
72
1
10
299.9877253414
20
33.4432213165
11
299.8511498212
21
33.5141849567
72
1
10
299.8511498212
20
33.5141849567
11
301.1521838059
21
33.5657195222
72
1
10
301.1521838059
20
33.5657195222
11
301.0826843265
21
33.5167999668
97
1
330
3A9
75
0
76
1
98
1
10
0.0
20
0.0
0
LWPOLYLINE
5
3AB
100
AcDbEntity
8
0
100
AcDbPolyline
62
2
6
CONTINUOUS
90
16
70
0
10
294.2349168520
20
33.5224264625
10
294.1560989429
20
33.4780866820
10
294.0730345735
20
33.4397334299
10
293.9859833564
20
33.4076710432
10
293.8952049040
20
33.3822038592
10
293.8009588289
20
33.3636362151
10
293.7035047438
20
33.3522724480
10
293.6031022611
20
33.3484195078
10
293.5032913116
20
33.3522128042
10
293.4064302446
20
33.3634060550
10
293.3127750477
20
33.3817049327
10
293.2225817081
20
33.4068177227
10
293.1361062133
20
33.4384527103
10
293.0536045506
20
33.4763181807
10
292.9753327076
20
33.5201224193
10
294.2349168520
20
33.5224264625
0
HATCH
5
3AC
100
AcDbEntity
8
0
100
AcDbHatch
62
2
6
CONTINUOUS
10
0.0
20
0.0
30
0.0
210
0.0
220
0.0
230
1.0
2
SOLID
70
1
71
1
91
1
92
1
93
15
72
1
10
294.2349168520
20
33.5224264625
11
294.1560989429
21
33.4780866820
72
1
10
294.1560989429
20
33.4780866820
11
294.0730345735
21
33.4397334299
72
1
10
294.0730345735
20
33.4397334299
11
293.9859833564
21
33.4076710432
72
1
10
293.9859833564
20
33.4076710432
11
293.8952049040
21
33.3822038592
72
1
10
293.8952049040
20
33.3822038592
11
293.8009588289
21
33.3636362151
72
1
10
293.8009588289
20
33.3636362151
11
293.7035047438
21
33.3522724480
72
1
10
293.7035047438
20
33.3522724480
11
293.6031022611
21
33.3484195078
72
1
10
293.6031022611
20
33.3484195078
11
293.5032913116
21
33.3522128042
72
1
10
293.5032913116
20
33.3522128042
11
293.4064302446
21
33.3634060550
72
1
10
293.4064302446
20
33.3634060550
11
293.3127750477
21
33.3817049327
72
1
10
293.3127750477
20
33.3817049327
11
293.2225817081
21
33.4068177227
72
1
10
293.2225817081
20
33.4068177227
11
293.1361062133
21
33.4384527103
72
1
10
293.1361062133
20
33.4384527103
11
293.0536045506
21
33.4763181807
72
1
10
293.0536045506
20
33.4763181807
11
292.9753327076
21
33.5201224193
72
1
10
292.9753327076
20
33.5201224193
11
294.2349168520
21
33.5224264625
97
1
330
3AB
75
0
76
1
98
1
10
0.0
20
0.0
0
LWPOLYLINE
5
3AD
100
AcDbEntity
8
0
100
AcDbPolyline
62
2
6
CONTINUOUS
90
16
70
0
10
308.6671407991
20
33.5222645779
10
308.5883228900
20
33.4779247974
10
308.5052585206
20
33.4395715453
10
308.4182073035
20
33.4075091586
10
308.3274288511
20
33.3820419746
10
308.2331827760
20
33.3634743304
10
308.1357286909
20
33.3521105633
10
308.0353262082
20
33.3482552405
10
307.9355609260
20
33.3520517276
10
307.8387376210
20
33.3632472277
10
307.7451128919
20
33.3815495340
10
307.6549433378
20
33.4066666698
10
307.5684855574
20
33.4383066584
10
307.4859961496
20
33.4761775228
10
307.4077317134
20
33.5199872865
10
308.6671407991
20
33.5222645779
0
HATCH
5
3AE
100
AcDbEntity
8
0
100
AcDbHatch
62
2
6
CONTINUOUS
10
0.0
20
0.0
30
0.0
210
0.0
220
0.0
230
1.0
2
SOLID
70
1
71
1
91
1
92
1
93
15
72
1
10
308.6671407991
20
33.5222645779
11
308.5883228900
21
33.4779247974
72
1
10
308.5883228900
20
33.4779247974
11
308.5052585206
21
33.4395715453
72
1
10
308.5052585206
20
33.4395715453
11
308.4182073035
21
33.4075091586
72
1
10
308.4182073035
20
33.4075091586
11
308.3274288511
21
33.3820419746
72
1
10
308.3274288511
20
33.3820419746
11
308.2331827760
21
33.3634743304
72
1
10
308.2331827760
20
33.3634743304
11
308.1357286909
21
33.3521105633
72
1
10
308.1357286909
20
33.3521105633
11
308.0353262082
21
33.3482552405
72
1
10
308.0353262082
20
33.3482552405
11
307.9355609260
21
33.3520517276
72
1
10
307.9355609260
20
33.3520517276
11
307.8387376210
21
33.3632472277
72
1
10
307.8387376210
20
33.3632472277
11
307.7451128919
21
33.3815495340
72
1
10
307.7451128919
20
33.3815495340
11
307.6549433378
21
33.4066666698
72
1
10
307.6549433378
20
33.4066666698
11
307.5684855574
21
33.4383066584
72
1
10
307.5684855574
20
33.4383066584
11
307.4859961496
21
33.4761775228
72
1
10
307.4859961496
20
33.4761775228
11
307.4077317134
21
33.5199872865
72
1
10
307.4077317134
20
33.5199872865
11
308.6671407991
21
33.5222645779
97
1
330
3AD
75
0
76
1
98
1
10
0.0
20
0.0
0
LWPOLYLINE
5
3AF
100
AcDbEntity
8
0
100
AcDbPolyline
62
2
6
CONTINUOUS
90
9
70
0
10
305.0408894879
20
33.4778084891
10
305.0062904183
20
33.4588200698
10
304.2317739369
20
33.4244466107
10
304.1644540803
20
33.4642007732
10
305.0493823210
20
33.5142084056
10
305.0493823210
20
33.4889203601
10
305.0493823210
20
33.4834681557
10
305.0493823210
20
33.4827627635
10
305.0408894879
20
33.4778084891
0
HATCH
5
3B0
100
AcDbEntity
8
0
100
AcDbHatch
62
2
6
CONTINUOUS
10
0.0
20
0.0
30
0.0
210
0.0
220
0.0
230
1.0
2
SOLID
70
1
71
1
91
1
92
1
93
8
72
1
10
305.0408894879
20
33.4778084891
11
305.0062904183
21
33.4588200698
72
1
10
305.0062904183
20
33.4588200698
11
304.2317739369
21
33.4244466107
72
1
10
304.2317739369
20
33.4244466107
11
304.1644540803
21
33.4642007732
72
1
10
304.1644540803
20
33.4642007732
11
305.0493823210
21
33.5142084056
72
1
10
305.0493823210
20
33.5142084056
11
305.0493823210
21
33.4889203601
72
1
10
305.0493823210
20
33.4889203601
11
305.0493823210
21
33.4834681557
72
1
10
305.0493823210
20
33.4834681557
11
305.0493823210
21
33.4827627635
72
1
10
305.0493823210
20
33.4827627635
11
305.0408894879
21
33.4778084891
97
1
330
3AF
75
0
76
1
98
1
10
0.0
20
0.0
0
LWPOLYLINE
5
3B1
100
AcDbEntity
8
0
100
AcDbPolyline
62
2
6
CONTINUOUS
90
6
70
0
10
292.0748927329
20
33.4895737335
10
292.0152882457
20
33.4573099129
10
291.1408082719
20
33.4043811971
10
290.9977146846
20
33.4624210866
10
292.1312929649
20
33.5253039497
10
292.0748927329
20
33.4895737335
0
HATCH
5
3B2
100
AcDbEntity
8
0
100
AcDbHatch
62
2
6
CONTINUOUS
10
0.0
20
0.0
30
0.0
210
0.0
220
0.0
230
1.0
2
SOLID
70
1
71
1
91
1
92
1
93
5
72
1
10
292.0748927329
20
33.4895737335
11
292.0152882457
21
33.4573099129
72
1
10
292.0152882457
20
33.4573099129
11
291.1408082719
21
33.4043811971
72
1
10
291.1408082719
20
33.4043811971
11
290.9977146846
21
33.4624210866
72
1
10
290.9977146846
20
33.4624210866
11
292.1312929649
21
33.5253039497
72
1
10
292.1312929649
20
33.5253039497
11
292.0748927329
21
33.4895737335
97
1
330
3B1
75
0
76
1
98
1
10
0.0
20
0.0
0
LWPOLYLINE
5
3B3
100
AcDbEntity
8
0
100
AcDbPolyline
62
2
6
CONTINUOUS
90
6
70
0
10
303.3954994135
20
33.4894653738
10
303.3359009136
20
33.4571831185
10
302.4614118718
20
33.4042181185
10
302.3183153561
20
33.4622604711
10
303.4518918955
20
33.5252196421
10
303.3954994135
20
33.4894653738
0
HATCH
5
3B4
100
AcDbEntity
8
0
100
AcDbHatch
62
2
6
CONTINUOUS
10
0.0
20
0.0
30
0.0
210
0.0
220
0.0
230
1.0
2
SOLID
70
1
71
1
91
1
92
1
93
5
72
1
10
303.3954994135
20
33.4894653738
11
303.3359009136
21
33.4571831185
72
1
10
303.3359009136
20
33.4571831185
11
302.4614118718
21
33.4042181185
72
1
10
302.4614118718
20
33.4042181185
11
302.3183153561
21
33.4622604711
72
1
10
302.3183153561
20
33.4622604711
11
303.4518918955
21
33.5252196421
72
1
10
303.4518918955
20
33.5252196421
11
303.3954994135
21
33.4894653738
97
1
330
3B3
75
0
76
1
98
1
10
0.0
20
0.0
0
LWPOLYLINE
5
3B5
100
AcDbEntity
8
0
100
AcDbPolyline
62
2
6
CONTINUOUS
90
6
70
0
10
314.4024713765
20
33.4894653738
10
314.3428685692
20
33.4571831185
10
313.4683743457
20
33.4042181185
10
313.3253054372
20
33.4622604711
10
314.4588712365
20
33.5252196421
10
314.4024713765
20
33.4894653738
0
HATCH
5
3B6
100
AcDbEntity
8
0
100
AcDbHatch
62
2
6
CONTINUOUS
10
0.0
20
0.0
30
0.0
210
0.0
220
0.0
230
1.0
2
SOLID
70
1
71
1
91
1
92
1
93
5
72
1
10
314.4024713765
20
33.4894653738
11
314.3428685692
21
33.4571831185
72
1
10
314.3428685692
20
33.4571831185
11
313.4683743457
21
33.4042181185
72
1
10
313.4683743457
20
33.4042181185
11
313.3253054372
21
33.4622604711
72
1
10
313.3253054372
20
33.4622604711
11
314.4588712365
21
33.5252196421
72
1
10
314.4588712365
20
33.5252196421
11
314.4024713765
21
33.4894653738
97
1
330
3B5
75
0
76
1
98
1
10
0.0
20
0.0
0
LWPOLYLINE
5
3B7
100
AcDbEntity
8
0
100
AcDbPolyline
62
2
6
CONTINUOUS
90
7
70
0
10
304.9335882969
20
33.4251062266
10
304.8951831864
20
33.4105563971
10
304.3069313957
20
33.3949825707
10
304.2317739369
20
33.4244466107
10
305.0062904183
20
33.4588200698
10
304.9705736978
20
33.4412233832
10
304.9335882969
20
33.4251062266
0
HATCH
5
3B8
100
AcDbEntity
8
0
100
AcDbHatch
62
2
6
CONTINUOUS
10
0.0
20
0.0
30
0.0
210
0.0
220
0.0
230
1.0
2
SOLID
70
1
71
1
91
1
92
1
93
6
72
1
10
304.9335882969
20
33.4251062266
11
304.8951831864
21
33.4105563971
72
1
10
304.8951831864
20
33.4105563971
11
304.3069313957
21
33.3949825707
72
1
10
304.3069313957
20
33.3949825707
11
304.2317739369
21
33.4244466107
72
1
10
304.2317739369
20
33.4244466107
11
305.0062904183
21
33.4588200698
72
1
10
305.0062904183
20
33.4588200698
11
304.9705736978
21
33.4412233832
72
1
10
304.9705736978
20
33.4412233832
11
304.9335882969
21
33.4251062266
97
1
330
3B7
75
0
76
1
98
1
10
0.0
20
0.0
0
LWPOLYLINE
5
3B9
100
AcDbEntity
8
0
100
AcDbPolyline
62
2
6
CONTINUOUS
90
20
70
0
10
310.0916440452
20
33.4109493439
10
310.0916440452
20
33.3975914268
10
310.0907651804
20
33.3958628870
10
310.0839721502
20
33.3958628870
10
310.0709940263
20
33.3958628870
10
310.0290199718
20
33.3958628870
10
309.9699179656
20
33.3958628870
10
309.8987629564
20
33.3958628870
10
309.8206298927
20
33.3958628870
10
309.7405937233
20
33.3958628870
10
309.6637293969
20
33.3958628870
10
309.5951118619
20
33.3958628870
10
309.5398160672
20
33.3958628870
10
309.5029169614
20
33.3958628870
10
309.4929520883
20
33.3958628870
10
309.4894894931
20
33.3958628870
10
309.4894894931
20
33.3989604435
10
309.4894894931
20
33.4080704322
10
310.0916440452
20
33.4364779737
10
310.0916440452
20
33.4109493439
0
HATCH
5
3BA
100
AcDbEntity
8
0
100
AcDbHatch
62
2
6
CONTINUOUS
10
0.0
20
0.0
30
0.0
210
0.0
220
0.0
230
1.0
2
SOLID
70
1
71
1
91
1
92
1
93
19
72
1
10
310.0916440452
20
33.4109493439
11
310.0916440452
21
33.3975914268
72
1
10
310.0916440452
20
33.3975914268
11
310.0907651804
21
33.3958628870
72
1
10
310.0907651804
20
33.3958628870
11
310.0839721502
21
33.3958628870
72
1
10
310.0839721502
20
33.3958628870
11
310.0709940263
21
33.3958628870
72
1
10
310.0709940263
20
33.3958628870
11
310.0290199718
21
33.3958628870
72
1
10
310.0290199718
20
33.3958628870
11
309.9699179656
21
33.3958628870
72
1
10
309.9699179656
20
33.3958628870
11
309.8987629564
21
33.3958628870
72
1
10
309.8987629564
20
33.3958628870
11
309.8206298927
21
33.3958628870
72
1
10
309.8206298927
20
33.3958628870
11
309.7405937233
21
33.3958628870
72
1
10
309.7405937233
20
33.3958628870
11
309.6637293969
21
33.3958628870
72
1
10
309.6637293969
20
33.3958628870
11
309.5951118619
21
33.3958628870
72
1
10
309.5951118619
20
33.3958628870
11
309.5398160672
21
33.3958628870
72
1
10
309.5398160672
20
33.3958628870
11
309.5029169614
21
33.3958628870
72
1
10
309.5029169614
20
33.3958628870
11
309.4929520883
21
33.3958628870
72
1
10
309.4929520883
20
33.3958628870
11
309.4894894931
21
33.3958628870
72
1
10
309.4894894931
20
33.3958628870
11
309.4894894931
21
33.3989604435
72
1
10
309.4894894931
20
33.3989604435
11
309.4894894931
21
33.4080704322
72
1
10
309.4894894931
20
33.4080704322
11
310.0916440452
21
33.4364779737
72
1
10
310.0916440452
20
33.4364779737
11
310.0916440452
21
33.4109493439
97
1
330
3B9
75
0
76
1
98
1
10
0.0
20
0.0
0
LWPOLYLINE
5
3BB
100
AcDbEntity
8
0
100
AcDbPolyline
62
2
6
CONTINUOUS
90
6
70
0
10
291.9521064794
20
33.4287513143
10
291.8849744095
20
33.4041367642
10
291.2947949048
20
33.3660982269
10
291.1408082719
20
33.4043811971
10
292.0152882457
20
33.4573099129
10
291.9521064794
20
33.4287513143
0
HATCH
5
3BC
100
AcDbEntity
8
0
100
AcDbHatch
62
2
6
CONTINUOUS
10
0.0
20
0.0
30
0.0
210
0.0
220
0.0
230
1.0
2
SOLID
70
1
71
1
91
1
92
1
93
5
72
1
10
291.9521064794
20
33.4287513143
11
291.8849744095
21
33.4041367642
72
1
10
291.8849744095
20
33.4041367642
11
291.2947949048
21
33.3660982269
72
1
10
291.2947949048
20
33.3660982269
11
291.1408082719
21
33.4043811971
72
1
10
291.1408082719
20
33.4043811971
11
292.0152882457
21
33.4573099129
72
1
10
292.0152882457
20
33.4573099129
11
291.9521064794
21
33.4287513143
97
1
330
3BB
75
0
76
1
98
1
10
0.0
20
0.0
0
LWPOLYLINE
5
3BD
100
AcDbEntity
8
0
100
AcDbPolyline
62
2
6
CONTINUOUS
90
6
70
0
10
303.2727235992
20
33.4286118106
10
303.2055946734
20
33.4039866510
10
302.6154050156
20
33.3659363740
10
302.4614118718
20
33.4042181185
10
303.3359009136
20
33.4571831185
10
303.2727235992
20
33.4286118106
0
HATCH
5
3BE
100
AcDbEntity
8
0
100
AcDbHatch
62
2
6
CONTINUOUS
10
0.0
20
0.0
30
0.0
210
0.0
220
0.0
230
1.0
2
SOLID
70
1
71
1
91
1
92
1
93
5
72
1
10
303.2727235992
20
33.4286118106
11
303.2055946734
21
33.4039866510
72
1
10
303.2055946734
20
33.4039866510
11
302.6154050156
21
33.3659363740
72
1
10
302.6154050156
20
33.3659363740
11
302.4614118718
21
33.4042181185
72
1
10
302.4614118718
20
33.4042181185
11
303.3359009136
21
33.4571831185
72
1
10
303.3359009136
20
33.4571831185
11
303.2727235992
21
33.4286118106
97
1
330
3BD
75
0
76
1
98
1
10
0.0
20
0.0
0
LWPOLYLINE
5
3BF
100
AcDbEntity
8
0
100
AcDbPolyline
62
2
6
CONTINUOUS
90
6
70
0
10
314.2796879709
20
33.4286118106
10
314.2125547377
20
33.4039866510
10
313.6223301586
20
33.3659363740
10
313.4683743457
20
33.4042181185
10
314.3428685692
20
33.4571831185
10
314.2796879709
20
33.4286118106
0
HATCH
5
3C0
100
AcDbEntity
8
0
100
AcDbHatch
62
2
6
CONTINUOUS
10
0.0
20
0.0
30
0.0
210
0.0
220
0.0
230
1.0
2
SOLID
70
1
71
1
91
1
92
1
93
5
72
1
10
314.2796879709
20
33.4286118106
11
314.2125547377
21
33.4039866510
72
1
10
314.2125547377
20
33.4039866510
11
313.6223301586
21
33.3659363740
72
1
10
313.6223301586
20
33.3659363740
11
313.4683743457
21
33.4042181185
72
1
10
313.4683743457
20
33.4042181185
11
314.3428685692
21
33.4571831185
72
1
10
314.3428685692
20
33.4571831185
11
314.2796879709
21
33.4286118106
97
1
330
3BF
75
0
76
1
98
1
10
0.0
20
0.0
0
LWPOLYLINE
5
3C1
100
AcDbEntity
8
0
100
AcDbPolyline
62
2
6
CONTINUOUS
90
6
70
0
10
298.0199997929
20
33.9404761437
10
298.0199997929
20
33.3979124947
10
295.9588241341
20
33.3979124947
10
296.5650808114
20
34.6567375152
10
296.5650808114
20
33.9404761437
10
298.0199997929
20
33.9404761437
0
HATCH
5
3C2
100
AcDbEntity
8
0
100
AcDbHatch
62
2
6
CONTINUOUS
10
0.0
20
0.0
30
0.0
210
0.0
220
0.0
230
1.0
2
SOLID
70
1
71
1
91
1
92
1
93
5
72
1
10
298.0199997929
20
33.9404761437
11
298.0199997929
21
33.3979124947
72
1
10
298.0199997929
20
33.3979124947
11
295.9588241341
21
33.3979124947
72
1
10
295.9588241341
20
33.3979124947
11
296.5650808114
21
34.6567375152
72
1
10
296.5650808114
20
34.6567375152
11
296.5650808114
21
33.9404761437
72
1
10
296.5650808114
20
33.9404761437
11
298.0199997929
21
33.9404761437
97
1
330
3C1
75
0
76
1
98
1
10
0.0
20
0.0
0
SOLID
5
3C3
100
AcDbEntity
8
0
100
AcDbTrace
62
2
6
CONTINUOUS
10
298.4150489585
20
33.3958628870
11
298.4150489585
21
36.3472606993
12
299.0171495325
22
33.3958628870
13
299.0171495325
23
36.3472606993
0
SOLID
5
3C4
100
AcDbEntity
8
0
100
AcDbTrace
62
2
6
CONTINUOUS
10
311.8159024104
20
33.3958628870
11
311.8159024104
21
35.5190026381
12
312.4178950357
22
33.3958628870
13
312.4178950357
23
35.5190026381
0
LWPOLYLINE
5
3C5
100
AcDbEntity
8
0
100
AcDbPolyline
62
2
6
CONTINUOUS
90
6
70
0
10
304.8552073371
20
33.3976616919
10
304.8135097195
20
33.3865099081
10
304.3893744265
20
33.3749723058
10
304.3069313957
20
33.3949825707
10
304.8951831864
20
33.4105563971
10
304.8552073371
20
33.3976616919
0
HATCH
5
3C6
100
AcDbEntity
8
0
100
AcDbHatch
62
2
6
CONTINUOUS
10
0.0
20
0.0
30
0.0
210
0.0
220
0.0
230
1.0
2
SOLID
70
1
71
1
91
1
92
1
93
5
72
1
10
304.8552073371
20
33.3976616919
11
304.8135097195
21
33.3865099081
72
1
10
304.8135097195
20
33.3865099081
11
304.3893744265
21
33.3749723058
72
1
10
304.3893744265
20
33.3749723058
11
304.3069313957
21
33.3949825707
72
1
10
304.3069313957
20
33.3949825707
11
304.8951831864
21
33.4105563971
72
1
10
304.8951831864
20
33.4105563971
11
304.8552073371
21
33.3976616919
97
1
330
3C5
75
0
76
1
98
1
10
0.0
20
0.0
0
LWPOLYLINE
5
3C7
100
AcDbEntity
8
0
100
AcDbPolyline
62
2
6
CONTINUOUS
90
6
70
0
10
300.8467465304
20
33.4052969779
10
300.7587846348
20
33.3807174071
10
300.2966435116
20
33.3591692026
10
300.1366810799
20
33.3911870182
10
300.9300165421
20
33.4363378347
10
300.8467465304
20
33.4052969779
0
HATCH
5
3C8
100
AcDbEntity
8
0
100
AcDbHatch
62
2
6
CONTINUOUS
10
0.0
20
0.0
30
0.0
210
0.0
220
0.0
230
1.0
2
SOLID
70
1
71
1
91
1
92
1
93
5
72
1
10
300.8467465304
20
33.4052969779
11
300.7587846348
21
33.3807174071
72
1
10
300.7587846348
20
33.3807174071
11
300.2966435116
21
33.3591692026
72
1
10
300.2966435116
20
33.3591692026
11
300.1366810799
21
33.3911870182
72
1
10
300.1366810799
20
33.3911870182
11
300.9300165421
21
33.4363378347
72
1
10
300.9300165421
20
33.4363378347
11
300.8467465304
21
33.4052969779
97
1
330
3C7
75
0
76
1
98
1
10
0.0
20
0.0
0
LWPOLYLINE
5
3C9
100
AcDbEntity
8
0
100
AcDbPolyline
62
2
6
CONTINUOUS
90
6
70
0
10
304.7699393044
20
33.3771888429
10
304.7243450624
20
33.3697862934
10
304.4785509988
20
33.3635794684
10
304.3893744265
20
33.3749723058
10
304.8135097195
20
33.3865099081
10
304.7699393044
20
33.3771888429
0
HATCH
5
3CA
100
AcDbEntity
8
0
100
AcDbHatch
62
2
6
CONTINUOUS
10
0.0
20
0.0
30
0.0
210
0.0
220
0.0
230
1.0
2
SOLID
70
1
71
1
91
1
92
1
93
5
72
1
10
304.7699393044
20
33.3771888429
11
304.7243450624
21
33.3697862934
72
1
10
304.7243450624
20
33.3697862934
11
304.4785509988
21
33.3635794684
72
1
10
304.4785509988
20
33.3635794684
11
304.3893744265
21
33.3749723058
72
1
10
304.3893744265
20
33.3749723058
11
304.8135097195
21
33.3865099081
72
1
10
304.8135097195
20
33.3865099081
11
304.7699393044
21
33.3771888429
97
1
330
3C9
75
0
76
1
98
1
10
0.0
20
0.0
0
LWPOLYLINE
5
3CB
100
AcDbEntity
8
0
100
AcDbPolyline
62
2
6
CONTINUOUS
90
11
70
0
10
291.7373672627
20
33.3676951153
10
291.6561461373
20
33.3563456695
10
291.5694826117
20
33.3498955779
10
291.5239933788
20
33.3485824233
10
291.5006889950
20
33.3484195078
10
291.4584224504
20
33.3491404699
10
291.3754818218
20
33.3548556784
10
291.2947949048
20
33.3660982269
10
291.8849744095
20
33.4041367642
10
291.8135190120
20
33.3837050891
10
291.7373672627
20
33.3676951153
0
HATCH
5
3CC
100
AcDbEntity
8
0
100
AcDbHatch
62
2
6
CONTINUOUS
10
0.0
20
0.0
30
0.0
210
0.0
220
0.0
230
1.0
2
SOLID
70
1
71
1
91
1
92
1
93
10
72
1
10
291.7373672627
20
33.3676951153
11
291.6561461373
21
33.3563456695
72
1
10
291.6561461373
20
33.3563456695
11
291.5694826117
21
33.3498955779
72
1
10
291.5694826117
20
33.3498955779
11
291.5239933788
21
33.3485824233
72
1
10
291.5239933788
20
33.3485824233
11
291.5006889950
21
33.3484195078
72
1
10
291.5006889950
20
33.3484195078
11
291.4584224504
21
33.3491404699
72
1
10
291.4584224504
20
33.3491404699
11
291.3754818218
21
33.3548556784
72
1
10
291.3754818218
20
33.3548556784
11
291.2947949048
21
33.3660982269
72
1
10
291.2947949048
20
33.3660982269
11
291.8849744095
21
33.4041367642
72
1
10
291.8849744095
20
33.4041367642
11
291.8135190120
21
33.3837050891
72
1
10
291.8135190120
20
33.3837050891
11
291.7373672627
21
33.3676951153
97
1
330
3CB
75
0
76
1
98
1
10
0.0
20
0.0
0
LWPOLYLINE
5
3CD
100
AcDbEntity
8
0
100
AcDbPolyline
62
2
6
CONTINUOUS
90
11
70
0
10
303.0579908010
20
33.3675342467
10
302.9767702608
20
33.3561848705
10
302.8901069224
20
33.3497336461
10
302.8446177048
20
33.3484195078
10
302.8213133217
20
33.3482552405
10
302.7790433368
20
33.3489795099
10
302.6960967447
20
33.3546952648
10
302.6154050156
20
33.3659363740
10
303.2055946734
20
33.4039866510
10
303.1341413396
20
33.3835503071
10
303.0579908010
20
33.3675342467
0
HATCH
5
3CE
100
AcDbEntity
8
0
100
AcDbHatch
62
2
6
CONTINUOUS
10
0.0
20
0.0
30
0.0
210
0.0
220
0.0
230
1.0
2
SOLID
70
1
71
1
91
1
92
1
93
10
72
1
10
303.0579908010
20
33.3675342467
11
302.9767702608
21
33.3561848705
72
1
10
302.9767702608
20
33.3561848705
11
302.8901069224
21
33.3497336461
72
1
10
302.8901069224
20
33.3497336461
11
302.8446177048
21
33.3484195078
72
1
10
302.8446177048
20
33.3484195078
11
302.8213133217
21
33.3482552405
72
1
10
302.8213133217
20
33.3482552405
11
302.7790433368
21
33.3489795099
72
1
10
302.7790433368
20
33.3489795099
11
302.6960967447
21
33.3546952648
72
1
10
302.6960967447
20
33.3546952648
11
302.6154050156
21
33.3659363740
72
1
10
302.6154050156
20
33.3659363740
11
303.2055946734
21
33.4039866510
72
1
10
303.2055946734
20
33.4039866510
11
303.1341413396
21
33.3835503071
72
1
10
303.1341413396
20
33.3835503071
11
303.0579908010
21
33.3675342467
97
1
330
3CD
75
0
76
1
98
1
10
0.0
20
0.0
0
LWPOLYLINE
5
3CF
100
AcDbEntity
8
0
100
AcDbPolyline
62
2
6
CONTINUOUS
90
11
70
0
10
314.0649309915
20
33.3675342467
10
313.9836907908
20
33.3561848705
10
313.8969985799
20
33.3497336461
10
313.8514908320
20
33.3484195078
10
313.8281760482
20
33.3482552405
10
313.7859200606
20
33.3489795099
10
313.7029991494
20
33.3546952648
10
313.6223301586
20
33.3659363740
10
314.2125547377
20
33.4039866510
10
314.1410940258
20
33.3835503071
10
314.0649309915
20
33.3675342467
0
HATCH
5
3D0
100
AcDbEntity
8
0
100
AcDbHatch
62
2
6
CONTINUOUS
10
0.0
20
0.0
30
0.0
210
0.0
220
0.0
230
1.0
2
SOLID
70
1
71
1
91
1
92
1
93
10
72
1
10
314.0649309915
20
33.3675342467
11
313.9836907908
21
33.3561848705
72
1
10
313.9836907908
20
33.3561848705
11
313.8969985799
21
33.3497336461
72
1
10
313.8969985799
20
33.3497336461
11
313.8514908320
21
33.3484195078
72
1
10
313.8514908320
20
33.3484195078
11
313.8281760482
21
33.3482552405
72
1
10
313.8281760482
20
33.3482552405
11
313.7859200606
21
33.3489795099
72
1
10
313.7859200606
20
33.3489795099
11
313.7029991494
21
33.3546952648
72
1
10
313.7029991494
20
33.3546952648
11
313.6223301586
21
33.3659363740
72
1
10
313.6223301586
20
33.3659363740
11
314.2125547377
21
33.4039866510
72
1
10
314.2125547377
20
33.4039866510
11
314.1410940258
21
33.3835503071
72
1
10
314.1410940258
20
33.3835503071
11
314.0649309915
21
33.3675342467
97
1
330
3CF
75
0
76
1
98
1
10
0.0
20
0.0
0
LWPOLYLINE
5
3D1
100
AcDbEntity
8
0
100
AcDbPolyline
62
2
6
CONTINUOUS
90
6
70
0
10
304.6765759643
20
33.3643900568
10
304.6264809808
20
33.3610879303
10
304.5739090824
20
33.3599667514
10
304.4785509988
20
33.3635794684
10
304.7243450624
20
33.3697862934
10
304.6765759643
20
33.3643900568
0
HATCH
5
3D2
100
AcDbEntity
8
0
100
AcDbHatch
62
2
6
CONTINUOUS
10
0.0
20
0.0
30
0.0
210
0.0
220
0.0
230
1.0
2
SOLID
70
1
71
1
91
1
92
1
93
5
72
1
10
304.6765759643
20
33.3643900568
11
304.6264809808
21
33.3610879303
72
1
10
304.6264809808
20
33.3610879303
11
304.5739090824
21
33.3599667514
72
1
10
304.5739090824
20
33.3599667514
11
304.4785509988
21
33.3635794684
72
1
10
304.4785509988
20
33.3635794684
11
304.7243450624
21
33.3697862934
72
1
10
304.7243450624
20
33.3697862934
11
304.6765759643
21
33.3643900568
97
1
330
3D1
75
0
76
1
98
1
10
0.0
20
0.0
0
LWPOLYLINE
5
3D3
100
AcDbEntity
8
0
100
AcDbPolyline
62
2
6
CONTINUOUS
90
6
70
0
10
300.6660800019
20
33.3628499823
10
300.5685817785
20
33.3519455634
10
300.4662391113
20
33.3482552405
10
300.2966435116
20
33.3591692026
10
300.7587846348
20
33.3807174071
10
300.6660800019
20
33.3628499823
0
HATCH
5
3D4
100
AcDbEntity
8
0
100
AcDbHatch
62
2
6
CONTINUOUS
10
0.0
20
0.0
30
0.0
210
0.0
220
0.0
230
1.0
2
SOLID
70
1
71
1
91
1
92
1
93
5
72
1
10
300.6660800019
20
33.3628499823
11
300.5685817785
21
33.3519455634
72
1
10
300.5685817785
20
33.3519455634
11
300.4662391113
21
33.3482552405
72
1
10
300.4662391113
20
33.3482552405
11
300.2966435116
21
33.3591692026
72
1
10
300.2966435116
20
33.3591692026
11
300.7587846348
21
33.3807174071
72
1
10
300.7587846348
20
33.3807174071
11
300.6660800019
21
33.3628499823
97
1
330
3D3
75
0
76
1
98
1
10
0.0
20
0.0
0
LWPOLYLINE
5
3D5
100
AcDbEntity
8
0
100
AcDbPolyline
62
2
6
CONTINUOUS
90
6
70
0
10
289.0255185668
20
33.3881431032
10
289.6064105368
20
33.3930814481
10
289.5929084731
20
33.3571307297
10
288.9973140765
20
33.3236175322
10
289.0202545455
20
33.3743962750
10
289.0255185668
20
33.3881431032
0
HATCH
5
3D6
100
AcDbEntity
8
0
100
AcDbHatch
62
2
6
CONTINUOUS
10
0.0
20
0.0
30
0.0
210
0.0
220
0.0
230
1.0
2
SOLID
70
1
71
1
91
1
92
1
93
5
72
1
10
289.0255185668
20
33.3881431032
11
289.6064105368
21
33.3930814481
72
1
10
289.6064105368
20
33.3930814481
11
289.5929084731
21
33.3571307297
72
1
10
289.5929084731
20
33.3571307297
11
288.9973140765
21
33.3236175322
72
1
10
288.9973140765
20
33.3236175322
11
289.0202545455
21
33.3743962750
72
1
10
289.0202545455
20
33.3743962750
11
289.0255185668
21
33.3881431032
97
1
330
3D5
75
0
76
1
98
1
10
0.0
20
0.0
0
LWPOLYLINE
5
3D7
100
AcDbEntity
8
0
100
AcDbPolyline
62
2
6
CONTINUOUS
90
47
70
0
10
289.5882167746
20
33.3446385703
10
289.5410749301
20
33.2327521908
10
289.4866943691
20
33.1279588436
10
289.4256255298
20
33.0309390703
10
289.3584188504
20
32.9423734128
10
289.2856247689
20
32.8629424126
10
289.2077937236
20
32.7933266115
10
289.1254761526
20
32.7342065512
10
289.0392224940
20
32.6862627733
10
288.9495831859
20
32.6501758196
10
288.8571086665
20
32.6266262318
10
288.7623493739
20
32.6162945515
10
288.7383670594
20
32.6158566805
10
288.7239220405
20
32.6159383530
10
288.6955126836
20
32.6165879373
10
288.6405289246
20
32.6197966372
10
288.5878245937
20
32.6254839009
10
288.5371990766
20
32.6335687548
10
288.4884517591
20
32.6439702255
10
288.4413820268
20
32.6566073393
10
288.3957892657
20
32.6713991228
10
288.3514728614
20
32.6882646023
10
288.3082321998
20
32.7071228043
10
288.2658666665
20
32.7278927554
10
288.2241756475
20
32.7504934819
10
288.2035203888
20
32.7624550817
10
288.2048888526
20
32.7649604661
10
288.2150844302
20
32.7836265360
10
288.2335534683
20
32.8174396627
10
288.2582902796
20
32.8627278325
10
288.2872891765
20
32.9158190315
10
288.3185444718
20
32.9730412459
10
288.3500504780
20
33.0307224621
10
288.3798015078
20
33.0851906662
10
288.6989107150
20
33.1149713402
10
288.7273544281
20
33.1165398899
10
288.7573604075
20
33.1214757221
10
288.7884591885
20
33.1301241117
10
288.8201813066
20
33.1428303336
10
288.8520572972
20
33.1599396625
10
288.8836176957
20
33.1817973733
10
288.9143930374
20
33.2087487409
10
288.9439138579
20
33.2411390400
10
288.9717106924
20
33.2793135455
10
288.9973140765
20
33.3236175322
10
289.5929084731
20
33.3571307297
10
289.5882167746
20
33.3446385703
0
HATCH
5
3D8
100
AcDbEntity
8
0
100
AcDbHatch
62
2
6
CONTINUOUS
10
0.0
20
0.0
30
0.0
210
0.0
220
0.0
230
1.0
2
SOLID
70
1
71
1
91
1
92
1
93
46
72
1
10
289.5882167746
20
33.3446385703
11
289.5410749301
21
33.2327521908
72
1
10
289.5410749301
20
33.2327521908
11
289.4866943691
21
33.1279588436
72
1
10
289.4866943691
20
33.1279588436
11
289.4256255298
21
33.0309390703
72
1
10
289.4256255298
20
33.0309390703
11
289.3584188504
21
32.9423734128
72
1
10
289.3584188504
20
32.9423734128
11
289.2856247689
21
32.8629424126
72
1
10
289.2856247689
20
32.8629424126
11
289.2077937236
21
32.7933266115
72
1
10
289.2077937236
20
32.7933266115
11
289.1254761526
21
32.7342065512
72
1
10
289.1254761526
20
32.7342065512
11
289.0392224940
21
32.6862627733
72
1
10
289.0392224940
20
32.6862627733
11
288.9495831859
21
32.6501758196
72
1
10
288.9495831859
20
32.6501758196
11
288.8571086665
21
32.6266262318
72
1
10
288.8571086665
20
32.6266262318
11
288.7623493739
21
32.6162945515
72
1
10
288.7623493739
20
32.6162945515
11
288.7383670594
21
32.6158566805
72
1
10
288.7383670594
20
32.6158566805
11
288.7239220405
21
32.6159383530
72
1
10
288.7239220405
20
32.6159383530
11
288.6955126836
21
32.6165879373
72
1
10
288.6955126836
20
32.6165879373
11
288.6405289246
21
32.6197966372
72
1
10
288.6405289246
20
32.6197966372
11
288.5878245937
21
32.6254839009
72
1
10
288.5878245937
20
32.6254839009
11
288.5371990766
21
32.6335687548
72
1
10
288.5371990766
20
32.6335687548
11
288.4884517591
21
32.6439702255
72
1
10
288.4884517591
20
32.6439702255
11
288.4413820268
21
32.6566073393
72
1
10
288.4413820268
20
32.6566073393
11
288.3957892657
21
32.6713991228
72
1
10
288.3957892657
20
32.6713991228
11
288.3514728614
21
32.6882646023
72
1
10
288.3514728614
20
32.6882646023
11
288.3082321998
21
32.7071228043
72
1
10
288.3082321998
20
32.7071228043
11
288.2658666665
21
32.7278927554
72
1
10
288.2658666665
20
32.7278927554
11
288.2241756475
21
32.7504934819
72
1
10
288.2241756475
20
32.7504934819
11
288.2035203888
21
32.7624550817
72
1
10
288.2035203888
20
32.7624550817
11
288.2048888526
21
32.7649604661
72
1
10
288.2048888526
20
32.7649604661
11
288.2150844302
21
32.7836265360
72
1
10
288.2150844302
20
32.7836265360
11
288.2335534683
21
32.8174396627
72
1
10
288.2335534683
20
32.8174396627
11
288.2582902796
21
32.8627278325
72
1
10
288.2582902796
20
32.8627278325
11
288.2872891765
21
32.9158190315
72
1
10
288.2872891765
20
32.9158190315
11
288.3185444718
21
32.9730412459
72
1
10
288.3185444718
20
32.9730412459
11
288.3500504780
21
33.0307224621
72
1
10
288.3500504780
20
33.0307224621
11
288.3798015078
21
33.0851906662
72
1
10
288.3798015078
20
33.0851906662
11
288.6989107150
21
33.1149713402
72
1
10
288.6989107150
20
33.1149713402
11
288.7273544281
21
33.1165398899
72
1
10
288.7273544281
20
33.1165398899
11
288.7573604075
21
33.1214757221
72
1
10
288.7573604075
20
33.1214757221
11
288.7884591885
21
33.1301241117
72
1
10
288.7884591885
20
33.1301241117
11
288.8201813066
21
33.1428303336
72
1
10
288.8201813066
20
33.1428303336
11
288.8520572972
21
33.1599396625
72
1
10
288.8520572972
20
33.1599396625
11
288.8836176957
21
33.1817973733
72
1
10
288.8836176957
20
33.1817973733
11
288.9143930374
21
33.2087487409
72
1
10
288.9143930374
20
33.2087487409
11
288.9439138579
21
33.2411390400
72
1
10
288.9439138579
20
33.2411390400
11
288.9717106924
21
33.2793135455
72
1
10
288.9717106924
20
33.2793135455
11
288.9973140765
21
33.3236175322
72
1
10
288.9973140765
20
33.3236175322
11
289.5929084731
21
33.3571307297
72
1
10
289.5929084731
20
33.3571307297
11
289.5882167746
21
33.3446385703
97
1
330
3D7
75
0
76
1
98
1
10
0.0
20
0.0
0
LWPOLYLINE
5
3D9
100
AcDbEntity
8
0
100
AcDbPolyline
62
2
6
CONTINUOUS
90
6
70
0
10
288.4384678642
20
33.1925970688
10
288.4411525603
20
33.1975122122
10
288.4468144523
20
33.1949924313
10
288.4686001432
20
33.1827573041
10
288.4260158882
20
33.1697999833
10
288.4384678642
20
33.1925970688
0
HATCH
5
3DA
100
AcDbEntity
8
0
100
AcDbHatch
62
2
6
CONTINUOUS
10
0.0
20
0.0
30
0.0
210
0.0
220
0.0
230
1.0
2
SOLID
70
1
71
1
91
1
92
1
93
5
72
1
10
288.4384678642
20
33.1925970688
11
288.4411525603
21
33.1975122122
72
1
10
288.4411525603
20
33.1975122122
11
288.4468144523
21
33.1949924313
72
1
10
288.4468144523
20
33.1949924313
11
288.4686001432
21
33.1827573041
72
1
10
288.4686001432
20
33.1827573041
11
288.4260158882
21
33.1697999833
72
1
10
288.4260158882
20
33.1697999833
11
288.4384678642
21
33.1925970688
97
1
330
3D9
75
0
76
1
98
1
10
0.0
20
0.0
0
LWPOLYLINE
5
3DB
100
AcDbEntity
8
0
100
AcDbPolyline
62
2
6
CONTINUOUS
90
6
70
0
10
288.4911062939
20
33.1712167639
10
288.5141682279
20
33.1604699805
10
288.4057918736
20
33.1327738446
10
288.4260158882
20
33.1697999833
10
288.4686001432
20
33.1827573041
10
288.4911062939
20
33.1712167639
0
HATCH
5
3DC
100
AcDbEntity
8
0
100
AcDbHatch
62
2
6
CONTINUOUS
10
0.0
20
0.0
30
0.0
210
0.0
220
0.0
230
1.0
2
SOLID
70
1
71
1
91
1
92
1
93
5
72
1
10
288.4911062939
20
33.1712167639
11
288.5141682279
21
33.1604699805
72
1
10
288.5141682279
20
33.1604699805
11
288.4057918736
21
33.1327738446
72
1
10
288.4057918736
20
33.1327738446
11
288.4260158882
21
33.1697999833
72
1
10
288.4260158882
20
33.1697999833
11
288.4686001432
21
33.1827573041
72
1
10
288.4686001432
20
33.1827573041
11
288.4911062939
21
33.1712167639
97
1
330
3DB
75
0
76
1
98
1
10
0.0
20
0.0
0
LWPOLYLINE
5
3DD
100
AcDbEntity
8
0
100
AcDbPolyline
62
2
6
CONTINUOUS
90
8
70
0
10
288.5850419645
20
33.1339838696
10
288.6086802664
20
33.1274038119
10
288.3798015078
20
33.0851906662
10
288.4057918736
20
33.1327738446
10
288.5141682279
20
33.1604699805
10
288.5376212687
20
33.1506161237
10
288.5613007398
20
33.1417543635
10
288.5850419645
20
33.1339838696
0
HATCH
5
3DE
100
AcDbEntity
8
0
100
AcDbHatch
62
2
6
CONTINUOUS
10
0.0
20
0.0
30
0.0
210
0.0
220
0.0
230
1.0
2
SOLID
70
1
71
1
91
1
92
1
93
7
72
1
10
288.5850419645
20
33.1339838696
11
288.6086802664
21
33.1274038119
72
1
10
288.6086802664
20
33.1274038119
11
288.3798015078
21
33.0851906662
72
1
10
288.3798015078
20
33.0851906662
11
288.4057918736
21
33.1327738446
72
1
10
288.4057918736
20
33.1327738446
11
288.5141682279
21
33.1604699805
72
1
10
288.5141682279
20
33.1604699805
11
288.5376212687
21
33.1506161237
72
1
10
288.5376212687
20
33.1506161237
11
288.5613007398
21
33.1417543635
72
1
10
288.5613007398
20
33.1417543635
11
288.5850419645
21
33.1339838696
97
1
330
3DD
75
0
76
1
98
1
10
0.0
20
0.0
0
LWPOLYLINE
5
3DF
100
AcDbEntity
8
0
100
AcDbPolyline
62
2
6
CONTINUOUS
90
7
70
0
10
288.6989107150
20
33.1149713402
10
288.3798015078
20
33.0851906662
10
288.6086802664
20
33.1274038119
10
288.6320509690
20
33.1221133603
10
288.6549893956
20
33.1182116846
10
288.6773308698
20
33.1157979546
10
288.6989107150
20
33.1149713402
0
HATCH
5
3E0
100
AcDbEntity
8
0
100
AcDbHatch
62
2
6
CONTINUOUS
10
0.0
20
0.0
30
0.0
210
0.0
220
0.0
230
1.0
2
SOLID
70
1
71
1
91
1
92
1
93
6
72
1
10
288.6989107150
20
33.1149713402
11
288.3798015078
21
33.0851906662
72
1
10
288.3798015078
20
33.0851906662
11
288.6086802664
21
33.1274038119
72
1
10
288.6086802664
20
33.1274038119
11
288.6320509690
21
33.1221133603
72
1
10
288.6320509690
20
33.1221133603
11
288.6549893956
21
33.1182116846
72
1
10
288.6549893956
20
33.1182116846
11
288.6773308698
21
33.1157979546
72
1
10
288.6773308698
20
33.1157979546
11
288.6989107150
21
33.1149713402
97
1
330
3DF
75
0
76
1
98
1
10
0.0
20
0.0
0
SOLID
5
3E1
100
AcDbEntity
8
0
100
AcDbTrace
62
2
6
CONTINUOUS
10
280.5979381234
20
38.5757528916
11
280.8707396693
21
39.3059461338
12
284.7216321097
22
38.5757528916
13
284.9937925751
23
39.3059461338
0
SOLID
5
3E2
100
AcDbEntity
8
0
100
AcDbTrace
62
2
6
CONTINUOUS
10
281.2703497851
20
37.0888615057
11
281.5447359592
21
37.8278724905
12
283.0027524057
22
37.0888615057
13
283.2771508723
23
37.8278724905
0
SOLID
5
3E3
100
AcDbEntity
8
0
100
AcDbTrace
62
2
6
CONTINUOUS
10
280.7222520771
20
35.6149697386
11
280.9966382512
21
36.3539807234
12
282.4546546978
22
35.6149697386
13
282.7290531644
23
36.3539807234
0
ENDBLK
5
3E4
100
AcDbEntity
8
0
6
BYBLOCK
62
0
100
AcDbBlockEnd
0
ENDSEC
0
SECTION
2
ENTITIES
0
TEXT
5
3E5
100
AcDbEntity
8
0
100
AcDbText
62
2
6
CONTINUOUS
10
273.9447944556
20
16.2331743479
7
STANDARD
40
1.5200002147
1
SIZE
41
0.9500000000
72
0
100
AcDbText
0
TEXT
5
3E6
100
AcDbEntity
8
0
100
AcDbText
62
2
6
CONTINUOUS
10
287.5144966041
20
16.2331819773
7
STANDARD
40
1.5200002147
1
DRAWING NO
41
0.9500000000
72
0
100
AcDbText
0
TEXT
5
3E7
100
AcDbEntity
8
0
100
AcDbText
62
2
6
CONTINUOUS
10
354.2964949762
20
16.2330905319
7
STANDARD
40
1.5200000000
1
VERSION
41
0.9500000000
72
0
100
AcDbText
0
TEXT
5
3E8
100
AcDbEntity
8
0
100
AcDbText
62
2
6
CONTINUOUS
10
274.4447944556
20
25.5657549143
7
STANDARD
40
1.5200002147
1
NAME
41
0.9500000000
72
0
100
AcDbText
0
TEXT
5
3E9
100
AcDbEntity
8
0
100
AcDbText
62
2
6
CONTINUOUS
10
276.2800492314
20
10.3485471083
7
STANDARD
40
4.9999998868
1
A3
41
0.9500000000
72
0
100
AcDbText
0
TEXT
5
3EA
100
AcDbEntity
8
0
100
AcDbText
62
2
6
CONTINUOUS
10
297.3906714731
20
21.1920805906
7
STANDARD
40
3.9680000000
1
CUSTOMER VIEW MODEL DRAWING
41
0.8000000000
72
1
11
340.2450714731
21
21.1920805906
100
AcDbText
0
TEXT
5
3EB
100
AcDbEntity
8
0
100
AcDbText
62
2
6
CONTINUOUS
10
323.6680851064
20
37.0478723404
7
STANDARD
40
3.1750000000
1
Tyco Electronics
41
0.8000000000
72
0
100
AcDbText
0
TEXT
5
3EC
100
AcDbEntity
8
0
100
AcDbText
62
2
6
CONTINUOUS
10
323.6680851064
20
32.2853723404
7
STANDARD
40
3.1750000000
1
Harrisburg, PA  17105-3608
41
0.8000000000
72
0
100
AcDbText
0
TEXT
5
3ED
100
AcDbEntity
8
0
100
AcDbText
62
2
6
CONTINUOUS
10
369.5635822821
20
16.2739597356
7
STANDARD
40
1.5200000000
1
DATE
41
0.9500000000
72
0
100
AcDbText
0
TEXT
5
3EE
100
AcDbEntity
8
0
100
AcDbText
62
2
6
CONTINUOUS
10
174.6476862981
20
23.8368677885
7
STANDARD
40
2.2860000000
1
THIS IS NOT A CONTROLLED DRAWING.
41
0.8000000000
72
0
100
AcDbText
0
TEXT
5
3EF
100
AcDbEntity
8
0
100
AcDbText
62
2
6
CONTINUOUS
10
174.6476862981
20
20.4078677885
7
STANDARD
40
2.2860000000
1
THIS IS A REPRESENTATION OF THE CUSTOMER VIEW MODEL.
41
0.8000000000
72
0
100
AcDbText
0
TEXT
5
3F0
100
AcDbEntity
8
0
100
AcDbText
62
2
6
CONTINUOUS
10
174.6476862981
20
16.9788677885
7
STANDARD
40
2.2860000000
1
    THIS IS NOT THE DOCUMENT OF SALE.
41
0.8000000000
72
0
100
AcDbText
0
TEXT
5
3F1
100
AcDbEntity
8
0
100
AcDbText
62
2
6
CONTINUOUS
10
174.6476862981
20
13.5498677885
7
STANDARD
40
2.2860000000
1
SEE THE CUSTOMER DRAWING FOR DESIGN PURPOSES.
41
0.8000000000
72
0
100
AcDbText
0
TEXT
5
3F2
100
AcDbEntity
8
0
100
AcDbText
62
2
6
CONTINUOUS
10
22.7512107444
20
282.4829655254
7
STANDARD
40
2.5000000000
1
c
41
0.8000000000
72
0
100
AcDbText
0
INSERT
5
3F3
100
AcDbEntity
8
0
100
AcDbBlockReference
62
2
6
CONTINUOUS
2
15988_TYCO_ELEC_HORIZ_BL0
10
298.5958373290
20
35.9609018211
0
LINE
5
3F4
100
AcDbEntity
8
0
100
AcDbLine
62
2
6
CONTINUOUS
10
287.2090159416
20
18.7593422635
11
409.2090159416
21
18.7593422635
0
LINE
5
3F5
100
AcDbEntity
8
0
100
AcDbLine
62
2
6
CONTINUOUS
10
287.2090159416
20
18.7593422635
11
287.2090159416
21
9.2342522635
0
LINE
5
3F6
100
AcDbEntity
8
0
100
AcDbLine
62
2
6
CONTINUOUS
10
287.2090159416
20
9.2342522635
11
409.2090159416
21
9.2342522635
0
LINE
5
3F7
100
AcDbEntity
8
0
100
AcDbLine
62
2
6
CONTINUOUS
10
353.3340159416
20
18.7593422635
11
353.3340159416
21
9.2342522635
0
LINE
5
3F8
100
AcDbEntity
8
0
100
AcDbLine
62
2
6
CONTINUOUS
10
367.9590159416
20
18.7593422635
11
367.9590159416
21
9.2342522635
0
LINE
5
3F9
100
AcDbEntity
8
0
100
AcDbLine
62
2
6
CONTINUOUS
10
409.2090159416
20
18.7593422635
11
409.2090159416
21
9.2342522635
0
TEXT
5
3FA
100
AcDbEntity
8
0
100
AcDbText
62
2
6
CONTINUOUS
10
307.5515159416
20
12.4067972635
7
STANDARD
40
3.1800000000
1
C-776200-1
41
0.8000000000
72
1
11
320.2715159416
21
12.4067972635
100
AcDbText
0
TEXT
5
3FB
100
AcDbEntity
8
0
100
AcDbText
62
2
6
CONTINUOUS
10
358.1025159416
20
12.4067972635
7
STANDARD
40
3.1800000000
1
D3
41
0.8000000000
72
1
11
360.6465159416
21
12.4067972635
100
AcDbText
0
TEXT
5
3FC
100
AcDbEntity
8
0
100
AcDbText
62
2
6
CONTINUOUS
10
377.1360159416
20
12.4067972635
7
STANDARD
40
3.1800000000
1
29-Oct-08
41
0.8000000000
72
1
11
388.5840159416
21
12.4067972635
100
AcDbText
0
LINE
5
3FD
100
AcDbEntity
8
0
100
AcDbLine
62
2
6
CONTINUOUS
10
17.7838797455
20
287.0843544705
11
132.7838797455
21
287.0843544705
0
LINE
5
3FE
100
AcDbEntity
8
0
100
AcDbLine
62
2
6
CONTINUOUS
10
17.7838797455
20
287.0843544705
11
17.7838797455
21
272.0843544705
0
LINE
5
3FF
100
AcDbEntity
8
0
100
AcDbLine
62
2
6
CONTINUOUS
10
17.7838797455
20
272.0843544705
11
132.7838797455
21
272.0843544705
0
LINE
5
400
100
AcDbEntity
8
0
100
AcDbLine
62
2
6
CONTINUOUS
10
132.7838797455
20
287.0843544705
11
132.7838797455
21
272.0843544705
0
LWPOLYLINE
5
401
100
AcDbEntity
8
0
100
AcDbPolyline
62
2
6
CONTINUOUS
90
29
70
0
10
21.8463798523
20
283.3343554688
10
21.9505467224
20
282.8135339355
10
22.0547135925
20
282.5010205078
10
22.2630457306
20
282.1885327148
10
22.5755463409
20
281.8760192871
10
22.8880469513
20
281.6676855469
10
23.2005459595
20
281.5635314941
10
23.7213803101
20
281.4593518066
10
24.2422130585
20
281.5635314941
10
24.5547136688
20
281.6676855469
10
24.8672126770
20
281.8760192871
10
25.1797132874
20
282.1885327148
10
25.3880470276
20
282.5010205078
10
25.4922122955
20
282.8135339355
10
25.5963791656
20
283.3343554688
10
25.4922122955
20
283.8551770020
10
25.3880470276
20
284.1676904297
10
25.1797132874
20
284.4801782227
10
24.8672126770
20
284.7926916504
10
24.5547136688
20
285.0010253906
10
24.2422130585
20
285.1051794434
10
23.7213803101
20
285.2093591309
10
23.2005459595
20
285.1051794434
10
22.8880469513
20
285.0010253906
10
22.5755463409
20
284.7926916504
10
22.2630457306
20
284.4801782227
10
22.0547135925
20
284.1676904297
10
21.9505467224
20
283.8551770020
10
21.8463798523
20
283.3343554688
0
TEXT
5
402
100
AcDbEntity
8
0
100
AcDbText
62
2
6
CONTINUOUS
10
17.8463797455
20
282.0843544705
7
STANDARD
40
2.5000000000
1
  
41
0.8000000000
72
0
100
AcDbText
0
TEXT
5
403
100
AcDbEntity
8
0
100
AcDbText
62
2
6
CONTINUOUS
10
26.4297130788
20
282.0843544705
7
STANDARD
40
2.5000000000
1
Copyright 29-Oct-08 Tyco Electronics Corporation
41
0.8000000000
72
0
100
AcDbText
0
TEXT
5
404
100
AcDbEntity
8
0
100
AcDbText
62
2
6
CONTINUOUS
10
17.8463797455
20
278.3343544705
7
STANDARD
40
2.5000000000
1
  Harrisburg, PA
41
0.8000000000
72
0
100
AcDbText
0
TEXT
5
405
100
AcDbEntity
8
0
100
AcDbText
62
2
6
CONTINUOUS
10
17.8463797455
20
274.5843544705
7
STANDARD
40
2.5000000000
1
  All International Rights Reserved
41
0.8000000000
72
0
100
AcDbText
0
LINE
5
406
100
AcDbEntity
8
0
100
AcDbLine
62
7
6
CONTINUOUS
10
0.0000000000
20
0.0000000000
11
0.0000000000
21
297.0000000000
0
LINE
5
407
100
AcDbEntity
8
0
100
AcDbLine
62
7
6
CONTINUOUS
10
17.7838797455
20
9.2342568143
11
17.7838797455
21
287.0843544705
0
LINE
5
408
100
AcDbEntity
8
0
100
AcDbLine
62
7
6
CONTINUOUS
10
0.0000000000
20
0.0000000000
11
420.0000000000
21
0.0000000000
0
LINE
5
409
100
AcDbEntity
8
0
100
AcDbLine
62
7
6
CONTINUOUS
10
409.2090201263
20
9.2342568143
11
17.7838797455
21
9.2342568143
0
LINE
5
40A
100
AcDbEntity
8
0
100
AcDbLine
62
7
6
CONTINUOUS
10
30.4841666107
20
9.2343483670
11
17.7844900970
21
9.2343483670
0
LINE
5
40B
100
AcDbEntity
8
0
100
AcDbLine
62
7
6
CONTINUOUS
10
409.2090159416
20
18.7593422635
11
273.4388174896
21
18.7593422635
0
LINE
5
40C
100
AcDbEntity
8
DRAFT_ENTITY
100
AcDbLine
62
7
6
CONTINUOUS
10
409.2091421966
20
28.2845192655
11
273.4386343841
21
28.2845192655
0
LINE
5
40D
100
AcDbEntity
8
0
100
AcDbLine
62
7
6
CONTINUOUS
10
409.2091421966
20
44.1593056424
11
273.4386343841
21
44.1593056424
0
LINE
5
40E
100
AcDbEntity
8
0
100
AcDbLine
62
7
6
CONTINUOUS
10
273.4386343841
20
44.1593056424
11
273.4386343841
21
9.2342568143
0
LINE
5
40F
100
AcDbEntity
8
0
100
AcDbLine
62
7
6
CONTINUOUS
10
287.2079097655
20
18.7593422635
11
287.2079097655
21
9.2342568143
0
LINE
5
410
100
AcDbEntity
8
0
100
AcDbLine
62
7
6
CONTINUOUS
10
353.3344447689
20
18.7593808926
11
353.3344447689
21
9.2342954434
0
LINE
5
411
100
AcDbEntity
8
0
100
AcDbLine
62
7
6
CONTINUOUS
10
17.7838797455
20
287.0843544705
11
409.2088980560
21
287.0843544705
0
LINE
5
412
100
AcDbEntity
8
0
100
AcDbLine
62
7
6
CONTINUOUS
10
0.0000000000
20
297.0000000000
11
420.0000000000
21
297.0000000000
0
LINE
5
413
100
AcDbEntity
8
0
100
AcDbLine
62
7
6
CONTINUOUS
10
367.9586057154
20
9.2337890544
11
367.9586057154
21
18.7587829509
0
LINE
5
414
100
AcDbEntity
8
0
100
AcDbLine
62
7
6
CONTINUOUS
10
409.2088980560
20
287.0843544705
11
409.2090201263
21
9.2342568143
0
LINE
5
415
100
AcDbEntity
8
0
100
AcDbLine
62
7
6
CONTINUOUS
10
420.0000000000
20
0.0000000000
11
420.0000000000
21
297.0000000000
0
LINE
5
416
100
AcDbEntity
8
0
100
AcDbLine
62
7
6
CONTINUOUS
10
262.4867043817
20
230.5741592291
11
262.0025721668
21
229.0075053527
0
LINE
5
417
100
AcDbEntity
8
0
100
AcDbLine
62
7
6
CONTINUOUS
10
263.1720686243
20
231.4894847092
11
264.1024966529
21
234.5003537094
0
LINE
5
418
100
AcDbEntity
8
0
100
AcDbLine
62
7
6
CONTINUOUS
10
265.7386005934
20
232.2059730738
11
265.2544683786
21
230.6393191973
0
LINE
5
419
100
AcDbEntity
8
0
100
AcDbLine
62
7
6
CONTINUOUS
10
266.2285646258
20
232.2059730738
11
266.9375812092
21
234.5003537094
0
LINE
5
41A
100
AcDbEntity
8
0
100
AcDbLine
62
7
6
CONTINUOUS
10
265.3166229880
20
228.3354204371
11
265.1350734074
21
227.7479252334
0
LINE
5
41B
100
AcDbEntity
8
0
100
AcDbLine
62
7
6
CONTINUOUS
10
265.5753174525
20
228.7744895555
11
265.3937678719
21
228.1869943518
0
LINE
5
41C
100
AcDbEntity
8
0
100
AcDbLine
62
7
6
CONTINUOUS
10
269.0049202415
20
239.4240175289
11
266.7743778726
21
232.2059730738
0
LINE
5
41D
100
AcDbEntity
8
0
100
AcDbLine
62
7
6
CONTINUOUS
10
267.0087574842
20
208.4769571803
11
270.4252239486
21
201.5149265173
0
LINE
5
41E
100
AcDbEntity
8
0
100
AcDbLine
62
7
6
CONTINUOUS
10
271.3132204313
20
201.5149265173
11
267.8967539669
21
208.4769571803
0
LINE
5
41F
100
AcDbEntity
8
0
100
AcDbLine
62
7
6
CONTINUOUS
10
269.8954768960
20
228.7744895555
11
269.7139273155
21
228.1869943518
0
LINE
5
420
100
AcDbEntity
8
0
100
AcDbLine
62
7
6
CONTINUOUS
10
272.2909477957
20
203.0815803937
11
268.8744813313
21
210.0436110567
0
LINE
5
421
100
AcDbEntity
8
0
100
AcDbLine
62
7
6
CONTINUOUS
10
270.5964847179
20
228.3265647885
11
270.4149351374
21
227.7390695849
0
LINE
5
422
100
AcDbEntity
8
0
100
AcDbLine
62
7
6
CONTINUOUS
10
271.5706783155
20
227.9974772047
11
271.3891287350
21
227.4099820010
0
LINE
5
423
100
AcDbEntity
8
0
100
AcDbLine
62
7
6
CONTINUOUS
10
274.7374455873
20
237.6525348587
11
273.0543322590
21
232.2059730738
0
LINE
5
424
100
AcDbEntity
8
0
100
AcDbLine
62
7
6
CONTINUOUS
10
271.4554992747
20
225.3865328337
11
266.7957267068
21
210.3074892728
0
LINE
5
425
100
AcDbEntity
8
0
100
AcDbLine
62
7
6
CONTINUOUS
10
262.1743711809
20
227.5312697942
11
268.2759602868
21
215.0975313422
0
LINE
5
426
100
AcDbEntity
8
0
100
AcDbLine
62
7
6
CONTINUOUS
10
268.8744813313
20
210.0436110567
11
269.3065980566
21
211.4419425913
0
LINE
5
427
100
AcDbEntity
8
0
100
AcDbLine
62
7
6
CONTINUOUS
10
278.0270609165
20
197.6609452574
11
306.5799546489
21
197.6609452574
0
LINE
5
428
100
AcDbEntity
8
0
100
AcDbLine
62
7
6
CONTINUOUS
10
306.2858635028
20
198.2602403473
11
277.7329697704
21
198.2602403473
0
LINE
5
429
100
AcDbEntity
8
0
100
AcDbLine
62
7
6
CONTINUOUS
10
270.8280780093
20
212.3309384401
11
275.4878505772
21
227.4099820010
0
LINE
5
42A
100
AcDbEntity
8
0
100
AcDbLine
62
7
6
CONTINUOUS
10
306.6065243909
20
200.1600139548
11
278.0536306584
21
200.1600139548
0
LINE
5
42B
100
AcDbEntity
8
0
100
AcDbLine
62
7
6
CONTINUOUS
10
272.2909477957
20
203.0815803937
11
274.9640169404
21
211.7316433502
0
LINE
5
42C
100
AcDbEntity
8
0
100
AcDbLine
62
7
6
CONTINUOUS
10
281.5488267019
20
232.2059730738
11
283.1846379617
21
237.4994651669
0
LINE
5
42D
100
AcDbEntity
8
0
100
AcDbLine
62
7
6
CONTINUOUS
10
267.8967539669
20
208.4769571803
11
268.8744813313
21
210.0436110567
0
LINE
5
42E
100
AcDbEntity
8
0
100
AcDbLine
62
7
6
CONTINUOUS
10
277.7329697704
20
198.2602403473
11
278.0536306584
21
200.1600139548
0
LINE
5
42F
100
AcDbEntity
8
0
100
AcDbLine
62
7
6
CONTINUOUS
10
282.9094834856
20
232.2059730738
11
284.4266851199
21
237.1156439217
0
LINE
5
430
100
AcDbEntity
8
0
100
AcDbLine
62
7
6
CONTINUOUS
10
298.4804608623
20
206.4266294606
11
299.7238933313
21
206.4266294606
0
LINE
5
431
100
AcDbEntity
8
0
100
AcDbLine
62
7
6
CONTINUOUS
10
281.7778567155
20
218.1957871369
11
280.9597499789
21
212.3309384401
0
LINE
5
432
100
AcDbEntity
8
0
100
AcDbLine
62
7
6
CONTINUOUS
10
283.4357666741
20
218.1957871369
11
282.6176599376
21
212.3309384401
0
LINE
5
433
100
AcDbEntity
8
0
100
AcDbLine
62
7
6
CONTINUOUS
10
285.2330710545
20
232.2059730738
11
286.8688823143
21
237.4994651669
0
LINE
5
434
100
AcDbEntity
8
0
100
AcDbLine
62
7
6
CONTINUOUS
10
282.7044085555
20
222.4474972195
11
281.9782102333
21
220.0975164048
0
LINE
5
435
100
AcDbEntity
8
0
100
AcDbLine
62
7
6
CONTINUOUS
10
282.7120345968
20
222.4319569725
11
281.9895551808
21
220.0940105541
0
LINE
5
436
100
AcDbEntity
8
0
100
AcDbLine
62
7
6
CONTINUOUS
10
282.1409558766
20
219.3707775443
11
281.7778567155
21
218.1957871369
0
LINE
5
437
100
AcDbEntity
8
0
100
AcDbLine
62
7
6
CONTINUOUS
10
286.5937278382
20
232.2059730738
11
288.1109294725
21
237.1156439217
0
LINE
5
438
100
AcDbEntity
8
0
100
AcDbLine
62
7
6
CONTINUOUS
10
287.4889738907
20
234.6292043992
11
286.7401394696
21
232.2059730738
0
LINE
5
439
100
AcDbEntity
8
0
100
AcDbLine
62
7
6
CONTINUOUS
10
283.7988658353
20
219.3707775443
11
283.4357666741
21
218.1957871369
0
LINE
5
43A
100
AcDbEntity
8
0
100
AcDbLine
62
7
6
CONTINUOUS
10
278.0536306584
20
200.1600139548
11
281.6295312787
21
211.7316433502
0
LINE
5
43B
100
AcDbEntity
8
0
100
AcDbLine
62
7
6
CONTINUOUS
10
282.6176599376
20
212.3309384401
11
284.4089491325
21
218.1275577830
0
LINE
5
43C
100
AcDbEntity
8
0
100
AcDbLine
62
7
6
CONTINUOUS
10
288.9173154071
20
232.2059730738
11
290.5531266668
21
237.4994651669
0
LINE
5
43D
100
AcDbEntity
8
0
100
AcDbLine
62
7
6
CONTINUOUS
10
286.0441061037
20
220.6733703323
11
286.4435151809
21
221.9658597803
0
LINE
5
43E
100
AcDbEntity
8
0
100
AcDbLine
62
7
6
CONTINUOUS
10
290.2779721908
20
232.2059730738
11
291.7951738251
21
237.1156439217
0
LINE
5
43F
100
AcDbEntity
8
0
100
AcDbLine
62
7
6
CONTINUOUS
10
271.3132204313
20
201.5149265173
11
272.2909477957
21
203.0815803937
0
LINE
5
440
100
AcDbEntity
8
0
100
AcDbLine
62
7
6
CONTINUOUS
10
284.8332711907
20
221.5075048936
11
284.5148681340
21
221.1361125744
0
LINE
5
441
100
AcDbEntity
8
0
100
AcDbLine
62
7
6
CONTINUOUS
10
284.2357969490
20
220.8105978144
11
284.1181487169
21
220.6733703323
0
LINE
5
442
100
AcDbEntity
8
0
100
AcDbLine
62
7
6
CONTINUOUS
10
284.8408972319
20
221.4919646466
11
284.5358171813
21
221.1361125744
0
LINE
5
443
100
AcDbEntity
8
0
100
AcDbLine
62
7
6
CONTINUOUS
10
284.2434229903
20
220.7950575674
11
284.1257747581
21
220.6578300852
0
LINE
5
444
100
AcDbEntity
8
0
100
AcDbLine
62
7
6
CONTINUOUS
10
283.1631449158
20
220.6733703323
11
284.4049656149
21
221.9658597803
0
LINE
5
445
100
AcDbEntity
8
0
100
AcDbLine
62
7
6
CONTINUOUS
10
314.0119454308
20
210.6856420293
11
321.8362085766
21
210.6856420293
0
LINE
5
446
100
AcDbEntity
8
0
100
AcDbLine
62
7
6
CONTINUOUS
10
271.1221691554
20
211.7316433502
11
299.6750628879
21
211.7316433502
0
LINE
5
447
100
AcDbEntity
8
0
100
AcDbLine
62
7
6
CONTINUOUS
10
284.4089491325
20
218.1275577830
11
283.7988658353
21
219.3707775443
0
LINE
5
448
100
AcDbEntity
8
0
100
AcDbLine
62
7
6
CONTINUOUS
10
283.1631449158
20
220.6733703323
11
283.1707709570
21
220.6578300852
0
LINE
5
449
100
AcDbEntity
8
0
100
AcDbLine
62
7
6
CONTINUOUS
10
282.7044085555
20
222.4474972195
11
282.7120345968
21
222.4319569725
0
LINE
5
44A
100
AcDbEntity
8
0
100
AcDbLine
62
7
6
CONTINUOUS
10
284.1181487169
20
220.6733703323
11
284.1257747581
21
220.6578300852
0
LINE
5
44B
100
AcDbEntity
8
0
100
AcDbLine
62
7
6
CONTINUOUS
10
284.2357969490
20
220.8105978144
11
284.2434229903
21
220.7950575674
0
LINE
5
44C
100
AcDbEntity
8
0
100
AcDbLine
62
7
6
CONTINUOUS
10
285.0412575080
20
220.6733703323
11
285.0070406802
21
220.8105978144
0
LINE
5
44D
100
AcDbEntity
8
0
100
AcDbLine
62
7
6
CONTINUOUS
10
284.9258755789
20
221.1361125744
11
284.8332711907
21
221.5075048936
0
LINE
5
44E
100
AcDbEntity
8
0
100
AcDbLine
62
7
6
CONTINUOUS
10
288.4094965501
20
218.1957871369
11
287.5913898135
21
212.3309384401
0
LINE
5
44F
100
AcDbEntity
8
0
100
AcDbLine
62
7
6
CONTINUOUS
10
291.1732182432
20
234.6292043992
11
290.4243838221
21
232.2059730738
0
LINE
5
450
100
AcDbEntity
8
0
100
AcDbLine
62
7
6
CONTINUOUS
10
287.1377358771
20
221.5075048936
11
286.8799690412
21
220.6733703323
0
LINE
5
451
100
AcDbEntity
8
0
100
AcDbLine
62
7
6
CONTINUOUS
10
287.1424381260
20
221.4825032424
11
286.8875950824
21
220.6578300852
0
LINE
5
452
100
AcDbEntity
8
0
100
AcDbLine
62
7
6
CONTINUOUS
10
288.4850887980
20
220.6733703323
11
288.7428556339
21
221.5075048936
0
LINE
5
453
100
AcDbEntity
8
0
100
AcDbLine
62
7
6
CONTINUOUS
10
292.6015597596
20
232.2059730738
11
294.2373710194
21
237.4994651669
0
LINE
5
454
100
AcDbEntity
8
0
100
AcDbLine
62
7
6
CONTINUOUS
10
288.7725957112
20
219.3707775443
11
288.4094965501
21
218.1957871369
0
LINE
5
455
100
AcDbEntity
8
0
100
AcDbLine
62
7
6
CONTINUOUS
10
289.7203608128
20
221.9658597803
11
289.3209517355
21
220.6733703323
0
LINE
5
456
100
AcDbEntity
8
0
100
AcDbLine
62
7
6
CONTINUOUS
10
289.7279868540
20
221.9503195333
11
289.3285777767
21
220.6578300852
0
LINE
5
457
100
AcDbEntity
8
0
100
AcDbLine
62
7
6
CONTINUOUS
10
287.8753753505
20
221.2974221910
11
288.3994906854
21
221.9658597803
0
LINE
5
458
100
AcDbEntity
8
0
100
AcDbLine
62
7
6
CONTINUOUS
10
288.7428556339
20
221.5075048936
11
288.0704415108
21
220.6733703323
0
LINE
5
459
100
AcDbEntity
8
0
100
AcDbLine
62
7
6
CONTINUOUS
10
288.7303272231
20
221.4669629038
11
288.0780675520
21
220.6578300852
0
LINE
5
45A
100
AcDbEntity
8
0
100
AcDbLine
62
7
6
CONTINUOUS
10
270.8280780093
20
212.3309384401
11
299.3809717418
21
212.3309384401
0
LINE
5
45B
100
AcDbEntity
8
0
100
AcDbLine
62
7
6
CONTINUOUS
10
314.8869007684
20
213.5170011691
11
319.7927177111
21
213.5170011691
0
LINE
5
45C
100
AcDbEntity
8
0
100
AcDbLine
62
7
6
CONTINUOUS
10
285.0412575080
20
220.6733703323
11
285.0488835493
21
220.6578300852
0
LINE
5
45D
100
AcDbEntity
8
0
100
AcDbLine
62
7
6
CONTINUOUS
10
285.9962613091
20
220.6733703323
11
286.0038873504
21
220.6578300852
0
LINE
5
45E
100
AcDbEntity
8
0
100
AcDbLine
62
7
6
CONTINUOUS
10
286.0441061037
20
220.6733703323
11
286.0517321449
21
220.6578300852
0
LINE
5
45F
100
AcDbEntity
8
0
100
AcDbLine
62
7
6
CONTINUOUS
10
285.5532587645
20
221.9658597803
11
285.5608848057
21
221.9503195333
0
LINE
5
460
100
AcDbEntity
8
0
100
AcDbLine
62
7
6
CONTINUOUS
10
286.8799690412
20
220.6733703323
11
286.8875950824
21
220.6578300852
0
LINE
5
461
100
AcDbEntity
8
0
100
AcDbLine
62
7
6
CONTINUOUS
10
287.2946178482
20
220.6733703323
11
287.3022438894
21
220.6578300852
0
LINE
5
462
100
AcDbEntity
8
0
100
AcDbLine
62
7
6
CONTINUOUS
10
285.5532587645
20
221.9658597803
11
286.0038873504
21
220.6578300852
0
LINE
5
463
100
AcDbEntity
8
0
100
AcDbLine
62
7
6
CONTINUOUS
10
287.2946178482
20
220.6733703323
11
287.1377358771
21
221.5075048936
0
LINE
5
464
100
AcDbEntity
8
0
100
AcDbLine
62
7
6
CONTINUOUS
10
287.7643853083
20
221.9658597803
11
287.8753753505
21
221.2974221910
0
LINE
5
465
100
AcDbEntity
8
0
100
AcDbLine
62
7
6
CONTINUOUS
10
287.7720113495
20
221.9503195333
11
287.8802856473
21
221.2982375163
0
LINE
5
466
100
AcDbEntity
8
0
100
AcDbLine
62
7
6
CONTINUOUS
10
290.0674065088
20
218.1957871369
11
289.2492997722
21
212.3309384401
0
LINE
5
467
100
AcDbEntity
8
0
100
AcDbLine
62
7
6
CONTINUOUS
10
289.5489082758
20
220.6733703323
11
289.9483173531
21
221.9658597803
0
LINE
5
468
100
AcDbEntity
8
0
100
AcDbLine
62
7
6
CONTINUOUS
10
290.6759993596
20
221.6036434900
11
290.6165812682
21
221.4113662972
0
LINE
5
469
100
AcDbEntity
8
0
100
AcDbLine
62
7
6
CONTINUOUS
10
290.5051409434
20
221.0507449389
11
290.3885234780
21
220.6733703323
0
LINE
5
46A
100
AcDbEntity
8
0
100
AcDbLine
62
7
6
CONTINUOUS
10
293.9622165434
20
232.2059730738
11
295.4794181777
21
237.1156439217
0
LINE
5
46B
100
AcDbEntity
8
0
100
AcDbLine
62
7
6
CONTINUOUS
10
290.6836254008
20
221.5881032430
11
290.6279262157
21
221.4078604466
0
LINE
5
46C
100
AcDbEntity
8
0
100
AcDbLine
62
7
6
CONTINUOUS
10
290.5127669846
20
221.0352046918
11
290.3961495193
21
220.6578300852
0
LINE
5
46D
100
AcDbEntity
8
0
100
AcDbLine
62
7
6
CONTINUOUS
10
294.8574625958
20
234.6292043992
11
294.1086281747
21
232.2059730738
0
LINE
5
46E
100
AcDbEntity
8
0
100
AcDbLine
62
7
6
CONTINUOUS
10
290.4305056699
20
219.3707775443
11
290.0674065088
21
218.1957871369
0
LINE
5
46F
100
AcDbEntity
8
0
100
AcDbLine
62
7
6
CONTINUOUS
10
289.2492997722
20
212.3309384401
11
291.0405889671
21
218.1275577830
0
LINE
5
470
100
AcDbEntity
8
0
100
AcDbLine
62
7
6
CONTINUOUS
10
288.0704415108
20
220.6733703323
11
288.0780675520
21
220.6578300852
0
LINE
5
471
100
AcDbEntity
8
0
100
AcDbLine
62
7
6
CONTINUOUS
10
287.7643853083
20
221.9658597803
11
287.7720113495
21
221.9503195333
0
LINE
5
472
100
AcDbEntity
8
0
100
AcDbLine
62
7
6
CONTINUOUS
10
288.4850887980
20
220.6733703323
11
288.4927148393
21
220.6578300852
0
LINE
5
473
100
AcDbEntity
8
0
100
AcDbLine
62
7
6
CONTINUOUS
10
289.3209517355
20
220.6733703323
11
289.3285777767
21
220.6578300852
0
LINE
5
474
100
AcDbEntity
8
0
100
AcDbLine
62
7
6
CONTINUOUS
10
289.5489082758
20
220.6733703323
11
289.5565343171
21
220.6578300852
0
LINE
5
475
100
AcDbEntity
8
0
100
AcDbLine
62
7
6
CONTINUOUS
10
291.0405889671
20
218.1275577830
11
290.4305056699
21
219.3707775443
0
LINE
5
476
100
AcDbEntity
8
0
100
AcDbLine
62
7
6
CONTINUOUS
10
289.7203608128
20
221.9658597803
11
289.7279868540
21
221.9503195333
0
LINE
5
477
100
AcDbEntity
8
0
100
AcDbLine
62
7
6
CONTINUOUS
10
290.3885234780
20
220.6733703323
11
290.3961495193
21
220.6578300852
0
LINE
5
478
100
AcDbEntity
8
0
100
AcDbLine
62
7
6
CONTINUOUS
10
290.5051409434
20
221.0507449389
11
290.5127669846
21
221.0352046918
0
LINE
5
479
100
AcDbEntity
8
0
100
AcDbLine
62
7
6
CONTINUOUS
10
296.2858041122
20
232.2059730738
11
297.9216153720
21
237.4994651669
0
LINE
5
47A
100
AcDbEntity
8
0
100
AcDbLine
62
7
6
CONTINUOUS
10
293.0309432910
20
220.0975164048
11
293.7571416133
21
222.4474972195
0
LINE
5
47B
100
AcDbEntity
8
0
100
AcDbLine
62
7
6
CONTINUOUS
10
297.6464608959
20
232.2059730738
11
299.1636625302
21
237.1156439217
0
LINE
5
47C
100
AcDbEntity
8
0
100
AcDbLine
62
7
6
CONTINUOUS
10
298.5417069484
20
234.6292043992
11
297.7928725273
21
232.2059730738
0
LINE
5
47D
100
AcDbEntity
8
0
100
AcDbLine
62
7
6
CONTINUOUS
10
317.8099469951
20
217.5574653931
11
315.5072942747
21
217.5574653931
0
LINE
5
47E
100
AcDbEntity
8
0
100
AcDbLine
62
7
6
CONTINUOUS
10
317.9914965757
20
218.1449605968
11
315.6888438553
21
218.1449605968
0
LINE
5
47F
100
AcDbEntity
8
0
100
AcDbLine
62
7
6
CONTINUOUS
10
281.7778567155
20
218.1957871369
11
283.4357666741
21
218.1957871369
0
LINE
5
480
100
AcDbEntity
8
0
100
AcDbLine
62
7
6
CONTINUOUS
10
288.4094965501
20
218.1957871369
11
290.0674065088
21
218.1957871369
0
LINE
5
481
100
AcDbEntity
8
0
100
AcDbLine
62
7
6
CONTINUOUS
10
282.1409558766
20
219.3707775443
11
283.7988658353
21
219.3707775443
0
LINE
5
482
100
AcDbEntity
8
0
100
AcDbLine
62
7
6
CONTINUOUS
10
288.7725957112
20
219.3707775443
11
290.4305056699
21
219.3707775443
0
LINE
5
483
100
AcDbEntity
8
0
100
AcDbLine
62
7
6
CONTINUOUS
10
290.6759993596
20
221.6036434900
11
290.6836254008
21
221.5881032430
0
LINE
5
484
100
AcDbEntity
8
0
100
AcDbLine
62
7
6
CONTINUOUS
10
291.2096670171
20
221.0507449389
11
291.2172930583
21
221.0352046918
0
LINE
5
485
100
AcDbEntity
8
0
100
AcDbLine
62
7
6
CONTINUOUS
10
297.8017431941
20
207.8097114450
11
298.4804608623
21
206.4266294606
0
LINE
5
486
100
AcDbEntity
8
0
100
AcDbLine
62
7
6
CONTINUOUS
10
291.3805254334
20
221.6036434900
11
291.3881514746
21
221.5881032430
0
LINE
5
487
100
AcDbEntity
8
0
100
AcDbLine
62
7
6
CONTINUOUS
10
299.7238933313
20
206.4266294606
11
299.0451756631
21
207.8097114450
0
LINE
5
488
100
AcDbEntity
8
0
100
AcDbLine
62
7
6
CONTINUOUS
10
292.3621071990
20
221.5075048936
11
292.3697332402
21
221.4919646466
0
LINE
5
489
100
AcDbEntity
8
0
100
AcDbLine
62
7
6
CONTINUOUS
10
292.3634958361
20
221.7034069186
11
292.3558697949
21
221.7189471656
0
LINE
5
48A
100
AcDbEntity
8
0
100
AcDbLine
62
7
6
CONTINUOUS
10
299.9700484648
20
232.2059730738
11
301.6058597246
21
237.4994651669
0
LINE
5
48B
100
AcDbEntity
8
0
100
AcDbLine
62
7
6
CONTINUOUS
10
281.9782102333
20
220.0975164048
11
293.0309432910
21
220.0975164048
0
LINE
5
48C
100
AcDbEntity
8
0
100
AcDbLine
62
7
6
CONTINUOUS
10
290.3961495193
20
220.6578300852
11
289.5565343171
21
220.6578300852
0
LINE
5
48D
100
AcDbEntity
8
0
100
AcDbLine
62
7
6
CONTINUOUS
10
289.3285777767
20
220.6578300852
11
288.4927148393
21
220.6578300852
0
LINE
5
48E
100
AcDbEntity
8
0
100
AcDbLine
62
7
6
CONTINUOUS
10
288.0780675520
20
220.6578300852
11
287.3022438894
21
220.6578300852
0
LINE
5
48F
100
AcDbEntity
8
0
100
AcDbLine
62
7
6
CONTINUOUS
10
286.8875950824
20
220.6578300852
11
286.0517321449
21
220.6578300852
0
LINE
5
490
100
AcDbEntity
8
0
100
AcDbLine
62
7
6
CONTINUOUS
10
286.0038873504
20
220.6578300852
11
285.0488835493
21
220.6578300852
0
LINE
5
491
100
AcDbEntity
8
0
100
AcDbLine
62
7
6
CONTINUOUS
10
284.1257747581
20
220.6578300852
11
283.1707709570
21
220.6578300852
0
LINE
5
492
100
AcDbEntity
8
0
100
AcDbLine
62
7
6
CONTINUOUS
10
290.3885234780
20
220.6733703323
11
289.5489082758
21
220.6733703323
0
LINE
5
493
100
AcDbEntity
8
0
100
AcDbLine
62
7
6
CONTINUOUS
10
289.3209517355
20
220.6733703323
11
288.4850887980
21
220.6733703323
0
LINE
5
494
100
AcDbEntity
8
0
100
AcDbLine
62
7
6
CONTINUOUS
10
288.0704415108
20
220.6733703323
11
287.2946178482
21
220.6733703323
0
LINE
5
495
100
AcDbEntity
8
0
100
AcDbLine
62
7
6
CONTINUOUS
10
286.8799690412
20
220.6733703323
11
286.0441061037
21
220.6733703323
0
LINE
5
496
100
AcDbEntity
8
0
100
AcDbLine
62
7
6
CONTINUOUS
10
285.9962613091
20
220.6733703323
11
285.0412575080
21
220.6733703323
0
LINE
5
497
100
AcDbEntity
8
0
100
AcDbLine
62
7
6
CONTINUOUS
10
284.1181487169
20
220.6733703323
11
283.1631449158
21
220.6733703323
0
LINE
5
498
100
AcDbEntity
8
0
100
AcDbLine
62
7
6
CONTINUOUS
10
285.0146667214
20
220.7950575674
11
284.2434229903
21
220.7950575674
0
LINE
5
499
100
AcDbEntity
8
0
100
AcDbLine
62
7
6
CONTINUOUS
10
285.0070406802
20
220.8105978144
11
284.2357969490
21
220.8105978144
0
LINE
5
49A
100
AcDbEntity
8
0
100
AcDbLine
62
7
6
CONTINUOUS
10
291.2172930583
20
221.0352046918
11
290.5127669846
21
221.0352046918
0
LINE
5
49B
100
AcDbEntity
8
0
100
AcDbLine
62
7
6
CONTINUOUS
10
291.2096670171
20
221.0507449389
11
290.5051409434
21
221.0507449389
0
LINE
5
49C
100
AcDbEntity
8
0
100
AcDbLine
62
7
6
CONTINUOUS
10
284.5148681340
20
221.1361125744
11
284.9258755789
21
221.1361125744
0
LINE
5
49D
100
AcDbEntity
8
0
100
AcDbLine
62
7
6
CONTINUOUS
10
290.6165812682
20
221.4113662972
11
291.3211073420
21
221.4113662972
0
LINE
5
49E
100
AcDbEntity
8
0
100
AcDbLine
62
7
6
CONTINUOUS
10
291.3881514746
20
221.5881032430
11
290.6836254008
21
221.5881032430
0
LINE
5
49F
100
AcDbEntity
8
0
100
AcDbLine
62
7
6
CONTINUOUS
10
291.3805254334
20
221.6036434900
11
290.6759993596
21
221.6036434900
0
LINE
5
4A0
100
AcDbEntity
8
0
100
AcDbLine
62
7
6
CONTINUOUS
10
284.4049656149
20
221.9658597803
11
285.5532587645
21
221.9658597803
0
LINE
5
4A1
100
AcDbEntity
8
0
100
AcDbLine
62
7
6
CONTINUOUS
10
286.4435151809
20
221.9658597803
11
287.7643853083
21
221.9658597803
0
LINE
5
4A2
100
AcDbEntity
8
0
100
AcDbLine
62
7
6
CONTINUOUS
10
288.3994906854
20
221.9658597803
11
289.7203608128
21
221.9658597803
0
LINE
5
4A3
100
AcDbEntity
8
0
100
AcDbLine
62
7
6
CONTINUOUS
10
289.9483173531
20
221.9658597803
11
291.4924586290
21
221.9658597803
0
LINE
5
4A4
100
AcDbEntity
8
0
100
AcDbLine
62
7
6
CONTINUOUS
10
301.3307052485
20
232.2059730738
11
302.8479068828
21
237.1156439217
0
LINE
5
4A5
100
AcDbEntity
8
0
100
AcDbLine
62
7
6
CONTINUOUS
10
302.2259513010
20
234.6292043992
11
301.4771168799
21
232.2059730738
0
LINE
5
4A6
100
AcDbEntity
8
0
100
AcDbLine
62
7
6
CONTINUOUS
10
303.6542928174
20
232.2059730738
11
305.2901040771
21
237.4994651669
0
LINE
5
4A7
100
AcDbEntity
8
0
100
AcDbLine
62
7
6
CONTINUOUS
10
293.7523393182
20
222.4319569725
11
282.7120345968
21
222.4319569725
0
LINE
5
4A8
100
AcDbEntity
8
0
100
AcDbLine
62
7
6
CONTINUOUS
10
293.7571416133
20
222.4474972195
11
282.7044085555
21
222.4474972195
0
LINE
5
4A9
100
AcDbEntity
8
0
100
AcDbLine
62
7
6
CONTINUOUS
10
324.1246029613
20
223.2492148702
11
325.6011802686
21
223.2492148702
0
LINE
5
4AA
100
AcDbEntity
8
0
100
AcDbLine
62
7
6
CONTINUOUS
10
305.0149496011
20
232.2059730738
11
306.5321512354
21
237.1156439217
0
LINE
5
4AB
100
AcDbEntity
8
0
100
AcDbLine
62
7
6
CONTINUOUS
10
305.9101956535
20
234.6292043992
11
305.1613612324
21
232.2059730738
0
LINE
5
4AC
100
AcDbEntity
8
0
100
AcDbLine
62
7
6
CONTINUOUS
10
298.9289320587
20
211.7316433502
11
297.7785503272
21
208.0090032454
0
LINE
5
4AD
100
AcDbEntity
8
0
100
AcDbLine
62
7
6
CONTINUOUS
10
299.3809717418
20
212.3309384401
11
304.0407443097
21
227.4099820010
0
LINE
5
4AE
100
AcDbEntity
8
0
100
AcDbLine
62
7
6
CONTINUOUS
10
306.0948122269
20
208.4769571803
11
309.5112786913
21
201.5149265173
0
LINE
5
4AF
100
AcDbEntity
8
0
100
AcDbLine
62
7
6
CONTINUOUS
10
310.3992751740
20
201.5149265173
11
306.9828087096
21
208.4769571803
0
LINE
5
4B0
100
AcDbEntity
8
0
100
AcDbLine
62
7
6
CONTINUOUS
10
300.2460274099
20
211.6956727308
11
299.0451756631
21
207.8097114450
0
LINE
5
4B1
100
AcDbEntity
8
0
100
AcDbLine
62
7
6
CONTINUOUS
10
307.3385371699
20
232.2059730738
11
308.9743484297
21
237.4994651669
0
LINE
5
4B2
100
AcDbEntity
8
0
100
AcDbLine
62
7
6
CONTINUOUS
10
301.3061957845
20
211.5469668313
11
299.7238933313
21
206.4266294606
0
LINE
5
4B3
100
AcDbEntity
8
0
100
AcDbLine
62
7
6
CONTINUOUS
10
308.6991939537
20
232.2059730738
11
310.2163955880
21
237.1156439217
0
LINE
5
4B4
100
AcDbEntity
8
0
100
AcDbLine
62
7
6
CONTINUOUS
10
309.5944400061
20
234.6292043992
11
308.8456055850
21
232.2059730738
0
LINE
5
4B5
100
AcDbEntity
8
0
100
AcDbLine
62
7
6
CONTINUOUS
10
308.1394661519
20
227.4099820010
11
304.0407443097
21
227.4099820010
0
LINE
5
4B6
100
AcDbEntity
8
0
100
AcDbLine
62
7
6
CONTINUOUS
10
275.4878505772
20
227.4099820010
11
271.3891287350
21
227.4099820010
0
LINE
5
4B7
100
AcDbEntity
8
0
100
AcDbLine
62
7
6
CONTINUOUS
10
271.5706783155
20
227.9974772047
11
308.3210157325
21
227.9974772047
0
LINE
5
4B8
100
AcDbEntity
8
0
100
AcDbLine
62
7
6
CONTINUOUS
10
313.3722228935
20
228.1869943518
11
309.0520634499
21
228.1869943518
0
LINE
5
4B9
100
AcDbEntity
8
0
100
AcDbLine
62
7
6
CONTINUOUS
10
269.7139273155
20
228.1869943518
11
265.3937678719
21
228.1869943518
0
LINE
5
4BA
100
AcDbEntity
8
0
100
AcDbLine
62
7
6
CONTINUOUS
10
313.5537724741
20
228.7744895555
11
309.2336130305
21
228.7744895555
0
LINE
5
4BB
100
AcDbEntity
8
0
100
AcDbLine
62
7
6
CONTINUOUS
10
269.8954768960
20
228.7744895555
11
265.5753174525
21
228.7744895555
0
LINE
5
4BC
100
AcDbEntity
8
0
100
AcDbLine
62
7
6
CONTINUOUS
10
308.3210157325
20
227.9974772047
11
308.1394661519
21
227.4099820010
0
LINE
5
4BD
100
AcDbEntity
8
0
100
AcDbLine
62
7
6
CONTINUOUS
10
308.9749185660
20
228.3354204371
11
308.7906744745
21
227.7390695849
0
LINE
5
4BE
100
AcDbEntity
8
0
100
AcDbLine
62
7
6
CONTINUOUS
10
309.2336130305
20
228.7744895555
11
309.0520634499
21
228.1869943518
0
LINE
5
4BF
100
AcDbEntity
8
0
100
AcDbLine
62
7
6
CONTINUOUS
10
312.6632158195
20
239.4240175289
11
310.4326734506
21
232.2059730738
0
LINE
5
4C0
100
AcDbEntity
8
0
100
AcDbLine
62
7
6
CONTINUOUS
10
308.7906744745
20
227.7390695849
11
308.7897587804
21
227.7362507430
0
LINE
5
4C1
100
AcDbEntity
8
0
100
AcDbLine
62
7
6
CONTINUOUS
10
312.0443716563
20
230.6393191973
11
265.2544683786
21
230.6393191973
0
LINE
5
4C2
100
AcDbEntity
8
0
100
AcDbLine
62
7
6
CONTINUOUS
10
265.7386005934
20
232.2059730738
11
312.5285038711
21
232.2059730738
0
LINE
5
4C3
100
AcDbEntity
8
0
100
AcDbLine
62
7
6
CONTINUOUS
10
306.2858635028
20
198.2602403473
11
306.6065243909
21
200.1600139548
0
LINE
5
4C4
100
AcDbEntity
8
0
100
AcDbLine
62
7
6
CONTINUOUS
10
312.5285038711
20
232.2059730738
11
312.0443716563
21
230.6393191973
0
LINE
5
4C5
100
AcDbEntity
8
0
100
AcDbLine
62
7
6
CONTINUOUS
10
311.4718771938
20
224.7271126108
11
311.2903276132
21
224.1396174072
0
LINE
5
4C6
100
AcDbEntity
8
0
100
AcDbLine
62
7
6
CONTINUOUS
10
306.9828087096
20
208.4769571803
11
311.8241308581
21
224.1434959448
0
LINE
5
4C7
100
AcDbEntity
8
0
100
AcDbLine
62
7
6
CONTINUOUS
10
264.1024966529
20
234.5003537095
11
266.9375812092
21
234.5003537095
0
LINE
5
4C8
100
AcDbEntity
8
0
100
AcDbLine
62
7
6
CONTINUOUS
10
317.2217574893
20
234.5003537095
11
320.0568420457
21
234.5003537095
0
LINE
5
4C9
100
AcDbEntity
8
0
100
AcDbLine
62
7
6
CONTINUOUS
10
313.5537724741
20
228.7744895555
11
313.3722228935
21
228.1869943518
0
LINE
5
4CA
100
AcDbEntity
8
0
100
AcDbLine
62
7
6
CONTINUOUS
10
316.2219364742
20
234.8500092673
11
315.2519315072
21
231.7110691284
0
LINE
5
4CB
100
AcDbEntity
8
0
100
AcDbLine
62
7
6
CONTINUOUS
10
306.6065243909
20
200.1600139548
11
307.9858325059
21
204.6234607963
0
LINE
5
4CC
100
AcDbEntity
8
0
100
AcDbLine
62
7
6
CONTINUOUS
10
316.2284832763
20
231.2861141928
11
317.2217574893
21
234.5003537094
0
LINE
5
4CD
100
AcDbEntity
8
0
100
AcDbLine
62
7
6
CONTINUOUS
10
318.3957411653
20
237.6525348587
11
317.4216444204
21
234.5003537094
0
LINE
5
4CE
100
AcDbEntity
8
0
100
AcDbLine
62
7
6
CONTINUOUS
10
315.1851543572
20
226.4163142110
11
315.0036047767
21
225.8288190074
0
LINE
5
4CF
100
AcDbEntity
8
0
100
AcDbLine
62
7
6
CONTINUOUS
10
315.0590477419
20
216.5939700782
11
314.2811915380
21
218.1790752737
0
LINE
5
4D0
100
AcDbEntity
8
0
100
AcDbLine
62
7
6
CONTINUOUS
10
314.4627411186
20
218.7665704774
11
311.8241308581
21
224.1434959448
0
LINE
5
4D1
100
AcDbEntity
8
0
100
AcDbLine
62
7
6
CONTINUOUS
10
314.4627411186
20
218.7665704774
11
314.2811915380
21
218.1790752737
0
LINE
5
4D2
100
AcDbEntity
8
0
100
AcDbLine
62
7
6
CONTINUOUS
10
318.4834123474
20
229.4087286110
11
320.0568420457
21
234.5003537095
0
LINE
5
4D3
100
AcDbEntity
8
0
100
AcDbLine
62
7
6
CONTINUOUS
10
320.2324472531
20
234.1895487691
11
318.1748853400
21
227.5312697942
0
LINE
5
4D4
100
AcDbEntity
8
0
100
AcDbLine
62
7
6
CONTINUOUS
10
310.3992751740
20
201.5149265173
11
315.0590477419
21
216.5939700782
0
LINE
5
4D5
100
AcDbEntity
8
0
100
AcDbLine
62
7
6
CONTINUOUS
10
315.6888438553
20
218.1449605968
11
315.5072942747
21
217.5574653931
0
LINE
5
4D6
100
AcDbEntity
8
0
100
AcDbLine
62
7
6
CONTINUOUS
10
318.9640592035
20
228.4763137900
11
320.5374889017
21
233.5679388885
0
LINE
5
4D7
100
AcDbEntity
8
0
100
AcDbLine
62
7
6
CONTINUOUS
10
315.2720785194
20
214.7634379856
11
310.6123059515
21
199.6843944248
0
LINE
5
4D8
100
AcDbEntity
8
0
100
AcDbLine
62
7
6
CONTINUOUS
10
319.5660612916
20
228.1728786896
11
319.3909847935
21
227.6063304082
0
LINE
5
4D9
100
AcDbEntity
8
0
100
AcDbLine
62
7
6
CONTINUOUS
10
317.9914965757
20
218.1449605968
11
317.8099469951
21
217.5574653931
0
LINE
5
4DA
100
AcDbEntity
8
0
100
AcDbLine
62
7
6
CONTINUOUS
10
321.5573796743
20
214.0502338248
11
320.0979538197
21
217.0242327374
0
LINE
5
4DB
100
AcDbEntity
8
0
100
AcDbLine
62
7
6
CONTINUOUS
10
321.7389292549
20
214.6377290285
11
320.2795034003
21
217.6117279411
0
LINE
5
4DC
100
AcDbEntity
8
0
100
AcDbLine
62
7
6
CONTINUOUS
10
320.2795034003
20
217.6117279411
11
320.0979538197
21
217.0242327374
0
LINE
5
4DD
100
AcDbEntity
8
0
100
AcDbLine
62
7
6
CONTINUOUS
10
324.9163057743
20
213.7936914324
11
318.1748853400
21
227.5312697942
0
LINE
5
4DE
100
AcDbEntity
8
0
100
AcDbLine
62
7
6
CONTINUOUS
10
323.1247819462
20
223.5988704280
11
322.4419291495
21
221.3891559156
0
LINE
5
4DF
100
AcDbEntity
8
0
100
AcDbLine
62
7
6
CONTINUOUS
10
323.1217210639
20
220.0038848464
11
324.1246029613
21
223.2492148702
0
LINE
5
4E0
100
AcDbEntity
8
0
100
AcDbLine
62
7
6
CONTINUOUS
10
325.2985866373
20
226.4013960194
11
324.3244898924
21
223.2492148702
0
LINE
5
4E1
100
AcDbEntity
8
0
100
AcDbLine
62
7
6
CONTINUOUS
10
321.7389292549
20
214.6377290285
11
321.5573796743
21
214.0502338248
0
LINE
5
4E2
100
AcDbEntity
8
0
100
AcDbLine
62
7
6
CONTINUOUS
10
318.9640592035
20
228.4763137900
11
324.0277505704
21
218.1575897717
0
LINE
5
4E3
100
AcDbEntity
8
0
100
AcDbLine
62
7
6
CONTINUOUS
10
324.4853130433
20
217.2251749507
11
325.4004379891
21
215.3603453089
0
LINE
5
4E4
100
AcDbEntity
8
0
100
AcDbLine
62
7
6
CONTINUOUS
10
324.0277505704
20
218.1575897717
11
325.6011802686
21
223.2492148702
0
LINE
5
4E5
100
AcDbEntity
8
0
100
AcDbLine
62
7
6
CONTINUOUS
10
324.4853130433
20
217.2251749507
11
326.0587427415
21
222.3168000492
0
LINE
5
4E6
100
AcDbEntity
8
0
100
AcDbLine
62
7
6
CONTINUOUS
10
325.4004379891
20
215.3603453089
11
324.9163057743
21
213.7936914324
0
LINE
5
4E7
100
AcDbEntity
8
0
100
AcDbLine
62
7
6
CONTINUOUS
10
320.2324472531
20
234.1895487691
11
320.5374889017
21
233.5679388885
0
LINE
5
4E8
100
AcDbEntity
8
0
100
AcDbLine
62
7
6
CONTINUOUS
10
325.6011802686
20
223.2492148702
11
326.0587427415
21
222.3168000492
0
LINE
5
4E9
100
AcDbEntity
8
0
100
AcDbLine
62
7
6
CONTINUOUS
10
325.5722370032
20
213.8841097504
11
325.0881047883
21
212.3174558739
0
LINE
5
4EA
100
AcDbEntity
8
0
100
AcDbLine
62
7
6
CONTINUOUS
10
85.1000000000
20
108.3625000000
11
85.1000000000
21
86.2625000000
0
LINE
5
4EB
100
AcDbEntity
8
0
100
AcDbLine
62
7
6
CONTINUOUS
10
88.1000000000
20
92.4046747428
11
88.1000000000
21
87.6203252572
0
LINE
5
4EC
100
AcDbEntity
8
0
100
AcDbLine
62
7
6
CONTINUOUS
10
93.8000000000
20
102.9125000000
11
93.8000000000
21
91.7125000000
0
LINE
5
4ED
100
AcDbEntity
8
0
100
AcDbLine
62
7
6
CONTINUOUS
10
94.7641016151
20
91.7125000000
11
94.7641016151
21
102.9125000000
0
LINE
5
4EE
100
AcDbEntity
8
0
100
AcDbLine
62
7
6
CONTINUOUS
10
95.3000000000
20
91.7125000000
11
95.3000000000
21
102.9125000000
0
LINE
5
4EF
100
AcDbEntity
8
0
100
AcDbLine
62
7
6
CONTINUOUS
10
98.8583333135
20
89.6529255211
11
98.7750000000
21
89.8656914830
0
LINE
5
4F0
100
AcDbEntity
8
0
100
AcDbLine
62
7
6
CONTINUOUS
10
97.9000000000
20
90.6742020845
11
97.9000000000
21
91.0146276951
0
LINE
5
4F1
100
AcDbEntity
8
0
100
AcDbLine
62
7
6
CONTINUOUS
10
98.1500000000
20
89.3125000000
11
98.1500000000
21
90.9720745087
0
LINE
5
4F2
100
AcDbEntity
8
0
100
AcDbLine
62
7
6
CONTINUOUS
10
98.2500000000
20
97.5890957117
11
98.2500000000
21
97.7593084574
0
LINE
5
4F3
100
AcDbEntity
8
0
100
AcDbLine
62
7
6
CONTINUOUS
10
98.4000000000
20
91.3125000000
11
98.4000000000
21
89.3125000000
0
LINE
5
4F4
100
AcDbEntity
8
0
100
AcDbLine
62
7
6
CONTINUOUS
10
98.4583333284
20
97.7167552710
11
98.4583333284
21
97.6316488981
0
LINE
5
4F5
100
AcDbEntity
8
0
100
AcDbLine
62
7
6
CONTINUOUS
10
98.6300000000
20
104.6742020845
11
98.6300000000
21
105.0146276951
0
LINE
5
4F6
100
AcDbEntity
8
0
100
AcDbLine
62
7
6
CONTINUOUS
10
98.7333333135
20
90.1635638475
11
98.7333333135
21
90.4614361525
0
LINE
5
4F7
100
AcDbEntity
8
0
100
AcDbLine
62
7
6
CONTINUOUS
10
98.8800000000
20
103.3125000000
11
98.8800000000
21
104.9720745087
0
LINE
5
4F8
100
AcDbEntity
8
0
100
AcDbLine
62
7
6
CONTINUOUS
10
98.9416666269
20
90.4614361525
11
98.9416666269
21
90.3763297796
0
LINE
5
4F9
100
AcDbEntity
8
0
100
AcDbLine
62
7
6
CONTINUOUS
10
98.9833333731
20
90.0359042287
11
98.9833333731
21
89.9082446694
0
LINE
5
4FA
100
AcDbEntity
8
0
100
AcDbLine
62
7
6
CONTINUOUS
10
99.1300000000
20
105.3125000000
11
99.1300000000
21
103.3125000000
0
LINE
5
4FB
100
AcDbEntity
8
0
100
AcDbLine
62
7
6
CONTINUOUS
10
99.5000000000
20
97.6316488981
11
99.5000000000
21
97.7167552710
0
LINE
5
4FC
100
AcDbEntity
8
0
100
AcDbLine
62
7
6
CONTINUOUS
10
99.5416666269
20
97.1635638475
11
99.5416666269
21
97.2486702204
0
LINE
5
4FD
100
AcDbEntity
8
0
100
AcDbLine
62
7
6
CONTINUOUS
10
99.7500000000
20
97.4614361525
11
99.7500000000
21
97.1635638475
0
LINE
5
4FE
100
AcDbEntity
8
0
100
AcDbLine
62
7
6
CONTINUOUS
10
98.5000000000
20
97.8444149494
11
98.4583333284
21
97.7167552710
0
LINE
5
4FF
100
AcDbEntity
8
0
100
AcDbLine
62
7
6
CONTINUOUS
10
98.2500000000
20
97.7593084574
11
98.3333333358
21
97.9720745087
0
LINE
5
500
100
AcDbEntity
8
0
100
AcDbLine
62
7
6
CONTINUOUS
10
98.6300000000
20
105.0146276951
11
98.8800000000
21
105.3125000000
0
LINE
5
501
100
AcDbEntity
8
0
100
AcDbLine
62
7
6
CONTINUOUS
10
98.8800000000
20
104.9720745087
11
98.6300000000
21
104.6742020845
0
LINE
5
502
100
AcDbEntity
8
0
100
AcDbLine
62
7
6
CONTINUOUS
10
90.1000000000
20
81.2625000000
11
140.9000000000
21
81.2625000000
0
LINE
5
503
100
AcDbEntity
8
0
100
AcDbLine
62
7
6
CONTINUOUS
10
99.9833332539
20
90.1635638475
11
99.9000000000
21
90.2486702204
0
LINE
5
504
100
AcDbEntity
8
0
100
AcDbLine
62
7
6
CONTINUOUS
10
100.0250000000
20
90.4188829660
11
100.1500000000
21
90.2912234068
0
LINE
5
505
100
AcDbEntity
8
0
100
AcDbLine
62
7
6
CONTINUOUS
10
98.9833333731
20
89.4827127606
11
98.8583333135
21
89.6529255211
0
LINE
5
506
100
AcDbEntity
8
0
100
AcDbLine
62
7
6
CONTINUOUS
10
99.9833332539
20
91.1422872543
11
100.1083332539
21
90.9720745087
0
LINE
5
507
100
AcDbEntity
8
0
100
AcDbLine
62
7
6
CONTINUOUS
10
99.0250000000
20
89.7805851102
11
99.1083333731
21
89.6529255211
0
LINE
5
508
100
AcDbEntity
8
0
100
AcDbLine
62
7
6
CONTINUOUS
10
99.9416667461
20
90.8444149494
11
99.8583333731
21
90.9720745087
0
LINE
5
509
100
AcDbEntity
8
0
100
AcDbLine
62
7
6
CONTINUOUS
10
100.1500000000
20
90.2912234068
11
100.2333332539
21
90.0784574747
0
LINE
5
50A
100
AcDbEntity
8
0
100
AcDbLine
62
7
6
CONTINUOUS
10
98.3333333358
20
97.3763297796
11
98.2500000000
21
97.5890957117
0
LINE
5
50B
100
AcDbEntity
8
0
100
AcDbLine
62
7
6
CONTINUOUS
10
98.9833333731
20
89.9082446694
11
99.0250000000
21
89.7805851102
0
LINE
5
50C
100
AcDbEntity
8
0
100
AcDbLine
62
7
6
CONTINUOUS
10
100.0250000000
20
90.0359042287
11
99.9833332539
21
90.1635638475
0
LINE
5
50D
100
AcDbEntity
8
0
100
AcDbLine
62
7
6
CONTINUOUS
10
100.1083332539
20
90.9720745087
11
100.1500000000
21
90.8444149494
0
LINE
5
50E
100
AcDbEntity
8
0
100
AcDbLine
62
7
6
CONTINUOUS
10
98.3750000000
20
96.6529255211
11
98.3333333358
21
96.7805851102
0
LINE
5
50F
100
AcDbEntity
8
0
100
AcDbLine
62
7
6
CONTINUOUS
10
98.4583333284
20
97.6316488981
11
98.5000000000
21
97.5039893389
0
LINE
5
510
100
AcDbEntity
8
0
100
AcDbLine
62
7
6
CONTINUOUS
10
98.7750000000
20
89.8656914830
11
98.7333333135
21
90.1635638475
0
LINE
5
511
100
AcDbEntity
8
0
100
AcDbLine
62
7
6
CONTINUOUS
10
100.0000000000
20
108.1483983849
11
100.0000000000
21
107.6125000000
0
LINE
5
512
100
AcDbEntity
8
0
100
AcDbLine
62
7
6
CONTINUOUS
10
100.0000000000
20
86.4766016151
11
100.0000000000
21
87.0125000000
0
LINE
5
513
100
AcDbEntity
8
0
100
AcDbLine
62
7
6
CONTINUOUS
10
100.0250000000
20
89.9082446694
11
100.0250000000
21
90.0359042287
0
LINE
5
514
100
AcDbEntity
8
0
100
AcDbLine
62
7
6
CONTINUOUS
10
100.2333332539
20
90.0784574747
11
100.2333332539
21
89.8656914830
0
LINE
5
515
100
AcDbEntity
8
0
100
AcDbLine
62
7
6
CONTINUOUS
10
98.7333333135
20
90.4614361525
11
98.7750000000
21
90.7593084574
0
LINE
5
516
100
AcDbEntity
8
0
100
AcDbLine
62
7
6
CONTINUOUS
10
99.7500000000
20
97.1635638475
11
99.7083333731
21
96.8656914830
0
LINE
5
517
100
AcDbEntity
8
0
100
AcDbLine
62
7
6
CONTINUOUS
10
99.5000000000
20
96.9082446694
11
99.5416666269
21
97.1635638475
0
LINE
5
518
100
AcDbEntity
8
0
100
AcDbLine
62
7
6
CONTINUOUS
10
98.9833333731
20
90.7167552710
11
98.9416666269
21
90.4614361525
0
LINE
5
519
100
AcDbEntity
8
0
100
AcDbLine
62
7
6
CONTINUOUS
10
99.4583333731
20
97.5039893389
11
99.5000000000
21
97.6316488981
0
LINE
5
51A
100
AcDbEntity
8
0
100
AcDbLine
62
7
6
CONTINUOUS
10
99.4583333731
20
96.7805851102
11
99.5000000000
21
96.9082446694
0
LINE
5
51B
100
AcDbEntity
8
0
100
AcDbLine
62
7
6
CONTINUOUS
10
99.0250000000
20
90.8444149494
11
98.9833333731
21
90.7167552710
0
LINE
5
51C
100
AcDbEntity
8
0
100
AcDbLine
62
7
6
CONTINUOUS
10
99.0250000000
20
90.1635638475
11
98.9833333731
21
90.0359042287
0
LINE
5
51D
100
AcDbEntity
8
0
100
AcDbLine
62
7
6
CONTINUOUS
10
99.7083333731
20
96.8656914830
11
99.6250000000
21
96.6529255211
0
LINE
5
51E
100
AcDbEntity
8
0
100
AcDbLine
62
7
6
CONTINUOUS
10
98.5833333433
20
97.9720745087
11
98.5000000000
21
97.8444149494
0
LINE
5
51F
100
AcDbEntity
8
0
100
AcDbLine
62
7
6
CONTINUOUS
10
99.3750000000
20
97.3763297796
11
99.4583333731
21
97.5039893389
0
LINE
5
520
100
AcDbEntity
8
0
100
AcDbLine
62
7
6
CONTINUOUS
10
98.3333333358
20
97.9720745087
11
98.4583333284
21
98.1422872543
0
LINE
5
521
100
AcDbEntity
8
0
100
AcDbLine
62
7
6
CONTINUOUS
10
99.1916666269
20
89.3550531901
11
98.9833333731
21
89.4827127606
0
LINE
5
522
100
AcDbEntity
8
0
100
AcDbLine
62
7
6
CONTINUOUS
10
99.8166666269
20
90.5465425253
11
100.0250000000
21
90.4188829660
0
LINE
5
523
100
AcDbEntity
8
0
100
AcDbLine
62
7
6
CONTINUOUS
10
99.1083333731
20
89.6529255211
11
99.2333333731
21
89.5678191483
0
LINE
5
524
100
AcDbEntity
8
0
100
AcDbLine
62
7
6
CONTINUOUS
10
99.9000000000
20
90.2486702204
11
99.7750000000
21
90.3337765932
0
LINE
5
525
100
AcDbEntity
8
0
100
AcDbLine
62
7
6
CONTINUOUS
10
99.8583333731
20
90.9720745087
11
99.7333333731
21
91.0571808815
0
LINE
5
526
100
AcDbEntity
8
0
100
AcDbLine
62
7
6
CONTINUOUS
10
98.5000000000
20
96.4827127606
11
98.3750000000
21
96.6529255211
0
LINE
5
527
100
AcDbEntity
8
0
100
AcDbLine
62
7
6
CONTINUOUS
10
98.4583333284
20
97.2061170340
11
98.3333333358
21
97.3763297796
0
LINE
5
528
100
AcDbEntity
8
0
100
AcDbLine
62
7
6
CONTINUOUS
10
98.5416666567
20
96.7805851102
11
98.6250000000
21
96.6529255211
0
LINE
5
529
100
AcDbEntity
8
0
100
AcDbLine
62
7
6
CONTINUOUS
10
98.5000000000
20
97.5039893389
11
98.5833333433
21
97.3763297796
0
LINE
5
52A
100
AcDbEntity
8
0
100
AcDbLine
62
7
6
CONTINUOUS
10
99.6250000000
20
97.9720745087
11
99.7083333731
21
97.7593084574
0
LINE
5
52B
100
AcDbEntity
8
0
100
AcDbLine
62
7
6
CONTINUOUS
10
99.5000000000
20
97.7167552710
11
99.4583333731
21
97.8444149494
0
LINE
5
52C
100
AcDbEntity
8
0
100
AcDbLine
62
7
6
CONTINUOUS
10
99.7083333731
20
97.7593084574
11
99.7500000000
21
97.4614361525
0
LINE
5
52D
100
AcDbEntity
8
0
100
AcDbLine
62
7
6
CONTINUOUS
10
99.9833332539
20
89.7805851102
11
100.0250000000
21
89.9082446694
0
LINE
5
52E
100
AcDbEntity
8
0
100
AcDbLine
62
7
6
CONTINUOUS
10
98.7750000000
20
90.7593084574
11
98.8583333135
21
90.9720745087
0
LINE
5
52F
100
AcDbEntity
8
0
100
AcDbLine
62
7
6
CONTINUOUS
10
100.2333332539
20
89.8656914830
11
100.1500000000
21
89.6529255211
0
LINE
5
530
100
AcDbEntity
8
0
100
AcDbLine
62
7
6
CONTINUOUS
10
99.3750000000
20
96.6529255211
11
99.4583333731
21
96.7805851102
0
LINE
5
531
100
AcDbEntity
8
0
100
AcDbLine
62
7
6
CONTINUOUS
10
99.6250000000
20
96.6529255211
11
99.5000000000
21
96.4827127606
0
LINE
5
532
100
AcDbEntity
8
0
100
AcDbLine
62
7
6
CONTINUOUS
10
100.0000000000
20
85.5125000000
11
131.0000000000
21
85.5125000000
0
LINE
5
533
100
AcDbEntity
8
0
100
AcDbLine
62
7
6
CONTINUOUS
10
99.2333333731
20
89.5678191483
11
99.3583333731
21
89.5252659619
0
LINE
5
534
100
AcDbEntity
8
0
100
AcDbLine
62
7
6
CONTINUOUS
10
99.7750000000
20
90.3337765932
11
99.6500000000
21
90.3763297796
0
LINE
5
535
100
AcDbEntity
8
0
100
AcDbLine
62
7
6
CONTINUOUS
10
99.7750000000
20
91.2699468136
11
99.9833332539
21
91.1422872543
0
LINE
5
536
100
AcDbEntity
8
0
100
AcDbLine
62
7
6
CONTINUOUS
10
99.5000000000
20
98.1422872543
11
99.6250000000
21
97.9720745087
0
LINE
5
537
100
AcDbEntity
8
0
100
AcDbLine
62
7
6
CONTINUOUS
10
99.4583333731
20
97.8444149494
11
99.3750000000
21
97.9720745087
0
LINE
5
538
100
AcDbEntity
8
0
100
AcDbLine
62
7
6
CONTINUOUS
10
99.1083333731
20
90.9720745087
11
99.0250000000
21
90.8444149494
0
LINE
5
539
100
AcDbEntity
8
0
100
AcDbLine
62
7
6
CONTINUOUS
10
99.9000000000
20
89.6529255211
11
99.9833332539
21
89.7805851102
0
LINE
5
53A
100
AcDbEntity
8
0
100
AcDbLine
62
7
6
CONTINUOUS
10
98.8583333135
20
90.9720745087
11
98.9833333731
21
91.1422872543
0
LINE
5
53B
100
AcDbEntity
8
0
100
AcDbLine
62
7
6
CONTINUOUS
10
97.9000000000
20
91.0146276951
11
98.1500000000
21
91.3125000000
0
LINE
5
53C
100
AcDbEntity
8
0
100
AcDbLine
62
7
6
CONTINUOUS
10
98.1500000000
20
90.9720745087
11
97.9000000000
21
90.6742020845
0
LINE
5
53D
100
AcDbEntity
8
0
100
AcDbLine
62
7
6
CONTINUOUS
10
98.7083333433
20
98.0571808815
11
98.5833333433
21
97.9720745087
0
LINE
5
53E
100
AcDbEntity
8
0
100
AcDbLine
62
7
6
CONTINUOUS
10
99.2500000000
20
97.2912234068
11
99.3750000000
21
97.3763297796
0
LINE
5
53F
100
AcDbEntity
8
0
100
AcDbLine
62
7
6
CONTINUOUS
10
99.5416666269
20
97.2486702204
11
99.2916666269
21
97.0784574747
0
LINE
5
540
100
AcDbEntity
8
0
100
AcDbLine
62
7
6
CONTINUOUS
10
98.4583333284
20
98.1422872543
11
98.6666666567
21
98.2699468136
0
LINE
5
541
100
AcDbEntity
8
0
100
AcDbLine
62
7
6
CONTINUOUS
10
131.0000000000
20
86.4766016151
11
100.0000000000
21
86.4766016151
0
LINE
5
542
100
AcDbEntity
8
0
100
AcDbLine
62
7
6
CONTINUOUS
10
90.3000000000
20
86.7625000000
11
96.2667038692
21
86.7625000000
0
LINE
5
543
100
AcDbEntity
8
0
100
AcDbLine
62
7
6
CONTINUOUS
10
134.7332961308
20
86.7625000000
11
140.7000000000
21
86.7625000000
0
LINE
5
544
100
AcDbEntity
8
0
100
AcDbLine
62
7
6
CONTINUOUS
10
131.0000000000
20
87.0125000000
11
100.0000000000
21
87.0125000000
0
LINE
5
545
100
AcDbEntity
8
0
100
AcDbLine
62
7
6
CONTINUOUS
10
99.4000000000
20
89.3125000000
11
99.1916666269
21
89.3550531901
0
LINE
5
546
100
AcDbEntity
8
0
100
AcDbLine
62
7
6
CONTINUOUS
10
99.6083333731
20
90.5890957117
11
99.8166666269
21
90.5465425253
0
LINE
5
547
100
AcDbEntity
8
0
100
AcDbLine
62
7
6
CONTINUOUS
10
99.5666666269
20
91.3125000000
11
99.7750000000
21
91.2699468136
0
LINE
5
548
100
AcDbEntity
8
0
100
AcDbLine
62
7
6
CONTINUOUS
10
99.7333333731
20
91.0571808815
11
99.6083333731
21
91.0997340679
0
LINE
5
549
100
AcDbEntity
8
0
100
AcDbLine
62
7
6
CONTINUOUS
10
98.7083333433
20
96.3550531901
11
98.5000000000
21
96.4827127606
0
LINE
5
54A
100
AcDbEntity
8
0
100
AcDbLine
62
7
6
CONTINUOUS
10
98.6666666567
20
97.0784574747
11
98.4583333284
21
97.2061170340
0
LINE
5
54B
100
AcDbEntity
8
0
100
AcDbLine
62
7
6
CONTINUOUS
10
98.6250000000
20
96.6529255211
11
98.7500000000
21
96.5678191483
0
LINE
5
54C
100
AcDbEntity
8
0
100
AcDbLine
62
7
6
CONTINUOUS
10
98.5833333433
20
97.3763297796
11
98.7083333433
21
97.2912234068
0
LINE
5
54D
100
AcDbEntity
8
0
100
AcDbLine
62
7
6
CONTINUOUS
10
100.1500000000
20
89.6529255211
11
100.0250000000
21
89.4827127606
0
LINE
5
54E
100
AcDbEntity
8
0
100
AcDbLine
62
7
6
CONTINUOUS
10
99.1083333731
20
90.2486702204
11
99.0250000000
21
90.1635638475
0
LINE
5
54F
100
AcDbEntity
8
0
100
AcDbLine
62
7
6
CONTINUOUS
10
99.2500000000
20
96.5678191483
11
99.3750000000
21
96.6529255211
0
LINE
5
550
100
AcDbEntity
8
0
100
AcDbLine
62
7
6
CONTINUOUS
10
99.5000000000
20
96.4827127606
11
99.2916666269
21
96.3550531901
0
LINE
5
551
100
AcDbEntity
8
0
100
AcDbLine
62
7
6
CONTINUOUS
10
99.6083333731
20
89.3125000000
11
99.4000000000
21
89.3125000000
0
LINE
5
552
100
AcDbEntity
8
0
100
AcDbLine
62
7
6
CONTINUOUS
10
98.4000000000
20
89.3125000000
11
98.1500000000
21
89.3125000000
0
LINE
5
553
100
AcDbEntity
8
0
100
AcDbLine
62
7
6
CONTINUOUS
10
99.3583333731
20
89.5252659619
11
99.6500000000
21
89.5252659619
0
LINE
5
554
100
AcDbEntity
8
0
100
AcDbLine
62
7
6
CONTINUOUS
10
99.6500000000
20
90.3763297796
11
99.3583333731
21
90.3763297796
0
LINE
5
555
100
AcDbEntity
8
0
100
AcDbLine
62
7
6
CONTINUOUS
10
99.4000000000
20
90.5890957117
11
99.6083333731
21
90.5890957117
0
LINE
5
556
100
AcDbEntity
8
0
100
AcDbLine
62
7
6
CONTINUOUS
10
99.2916666269
20
98.2699468136
11
99.5000000000
21
98.1422872543
0
LINE
5
557
100
AcDbEntity
8
0
100
AcDbLine
62
7
6
CONTINUOUS
10
99.3750000000
20
97.9720745087
11
99.2500000000
21
98.0571808815
0
LINE
5
558
100
AcDbEntity
8
0
100
AcDbLine
62
7
6
CONTINUOUS
10
111.0000000000
20
111.1125000000
11
111.0000000000
21
109.1125000000
0
LINE
5
559
100
AcDbEntity
8
0
100
AcDbLine
62
7
6
CONTINUOUS
10
98.8333333135
20
98.0997340679
11
98.7083333433
21
98.0571808815
0
LINE
5
55A
100
AcDbEntity
8
0
100
AcDbLine
62
7
6
CONTINUOUS
10
99.1250000000
20
97.2486702204
11
99.2500000000
21
97.2912234068
0
LINE
5
55B
100
AcDbEntity
8
0
100
AcDbLine
62
7
6
CONTINUOUS
10
99.1250000000
20
96.5252659619
11
99.2500000000
21
96.5678191483
0
LINE
5
55C
100
AcDbEntity
8
0
100
AcDbLine
62
7
6
CONTINUOUS
10
99.8166666269
20
89.3550531901
11
99.6083333731
21
89.3125000000
0
LINE
5
55D
100
AcDbEntity
8
0
100
AcDbLine
62
7
6
CONTINUOUS
10
100.1500000000
20
90.8444149494
11
99.9416667461
21
90.8444149494
0
LINE
5
55E
100
AcDbEntity
8
0
100
AcDbLine
62
7
6
CONTINUOUS
10
99.6083333731
20
91.0997340679
11
99.3583333731
21
91.0997340679
0
LINE
5
55F
100
AcDbEntity
8
0
100
AcDbLine
62
7
6
CONTINUOUS
10
98.1500000000
20
91.3125000000
11
98.4000000000
21
91.3125000000
0
LINE
5
560
100
AcDbEntity
8
0
100
AcDbLine
62
7
6
CONTINUOUS
10
99.4000000000
20
91.3125000000
11
99.5666666269
21
91.3125000000
0
LINE
5
561
100
AcDbEntity
8
0
100
AcDbLine
62
7
6
CONTINUOUS
10
136.2358983849
20
91.7125000000
11
135.7000000000
21
91.7125000000
0
LINE
5
562
100
AcDbEntity
8
0
100
AcDbLine
62
7
6
CONTINUOUS
10
94.7641016151
20
91.7125000000
11
95.3000000000
21
91.7125000000
0
LINE
5
563
100
AcDbEntity
8
0
100
AcDbLine
62
7
6
CONTINUOUS
10
98.9166666865
20
96.3125000000
11
98.7083333433
21
96.3550531901
0
LINE
5
564
100
AcDbEntity
8
0
100
AcDbLine
62
7
6
CONTINUOUS
10
98.7500000000
20
96.5678191483
11
98.8750000000
21
96.5252659619
0
LINE
5
565
100
AcDbEntity
8
0
100
AcDbLine
62
7
6
CONTINUOUS
10
98.7083333433
20
97.2912234068
11
98.8333333135
21
97.2486702204
0
LINE
5
566
100
AcDbEntity
8
0
100
AcDbLine
62
7
6
CONTINUOUS
10
99.2500000000
20
98.0571808815
11
99.1250000000
21
98.0997340679
0
LINE
5
567
100
AcDbEntity
8
0
100
AcDbLine
62
7
6
CONTINUOUS
10
112.8000000000
20
111.1125000000
11
112.8000000000
21
109.1125000000
0
LINE
5
568
100
AcDbEntity
8
0
100
AcDbLine
62
7
6
CONTINUOUS
10
113.0750000000
20
107.6125000000
11
113.0750000000
21
105.3875000000
0
LINE
5
569
100
AcDbEntity
8
0
100
AcDbLine
62
7
6
CONTINUOUS
10
99.2333333731
20
91.0571808815
11
99.1083333731
21
90.9720745087
0
LINE
5
56A
100
AcDbEntity
8
0
100
AcDbLine
62
7
6
CONTINUOUS
10
98.9416666269
20
90.3763297796
11
99.1916666269
21
90.5465425253
0
LINE
5
56B
100
AcDbEntity
8
0
100
AcDbLine
62
7
6
CONTINUOUS
10
99.2333333731
20
90.3337765932
11
99.1083333731
21
90.2486702204
0
LINE
5
56C
100
AcDbEntity
8
0
100
AcDbLine
62
7
6
CONTINUOUS
10
99.7750000000
20
89.5678191483
11
99.9000000000
21
89.6529255211
0
LINE
5
56D
100
AcDbEntity
8
0
100
AcDbLine
62
7
6
CONTINUOUS
10
98.9833333731
20
91.1422872543
11
99.1916666269
21
91.2699468136
0
LINE
5
56E
100
AcDbEntity
8
0
100
AcDbLine
62
7
6
CONTINUOUS
10
99.1916666269
20
90.5465425253
11
99.4000000000
21
90.5890957117
0
LINE
5
56F
100
AcDbEntity
8
0
100
AcDbLine
62
7
6
CONTINUOUS
10
99.1916666269
20
91.2699468136
11
99.4000000000
21
91.3125000000
0
LINE
5
570
100
AcDbEntity
8
0
100
AcDbLine
62
7
6
CONTINUOUS
10
140.7000000000
20
93.2625000000
11
138.2000000000
21
93.2625000000
0
LINE
5
571
100
AcDbEntity
8
0
100
AcDbLine
62
7
6
CONTINUOUS
10
92.8000000000
20
93.2625000000
11
90.3000000000
21
93.2625000000
0
LINE
5
572
100
AcDbEntity
8
0
100
AcDbLine
62
7
6
CONTINUOUS
10
98.8750000000
20
97.0359042287
11
98.6666666567
21
97.0784574747
0
LINE
5
573
100
AcDbEntity
8
0
100
AcDbLine
62
7
6
CONTINUOUS
10
99.0833333135
20
98.3125000000
11
99.2916666269
21
98.2699468136
0
LINE
5
574
100
AcDbEntity
8
0
100
AcDbLine
62
7
6
CONTINUOUS
10
114.4250000000
20
105.3875000000
11
114.4250000000
21
107.6125000000
0
LINE
5
575
100
AcDbEntity
8
0
100
AcDbLine
62
7
6
CONTINUOUS
10
100.0250000000
20
89.4827127606
11
99.8166666269
21
89.3550531901
0
LINE
5
576
100
AcDbEntity
8
0
100
AcDbLine
62
7
6
CONTINUOUS
10
99.0833333135
20
96.3125000000
11
98.9166666865
21
96.3125000000
0
LINE
5
577
100
AcDbEntity
8
0
100
AcDbLine
62
7
6
CONTINUOUS
10
98.8750000000
20
96.5252659619
11
99.1250000000
21
96.5252659619
0
LINE
5
578
100
AcDbEntity
8
0
100
AcDbLine
62
7
6
CONTINUOUS
10
98.3333333358
20
96.7805851102
11
98.5416666567
21
96.7805851102
0
LINE
5
579
100
AcDbEntity
8
0
100
AcDbLine
62
7
6
CONTINUOUS
10
99.0833333135
20
97.0359042287
11
98.8750000000
21
97.0359042287
0
LINE
5
57A
100
AcDbEntity
8
0
100
AcDbLine
62
7
6
CONTINUOUS
10
98.8333333135
20
97.2486702204
11
99.1250000000
21
97.2486702204
0
LINE
5
57B
100
AcDbEntity
8
0
100
AcDbLine
62
7
6
CONTINUOUS
10
99.3583333731
20
91.0997340679
11
99.2333333731
21
91.0571808815
0
LINE
5
57C
100
AcDbEntity
8
0
100
AcDbLine
62
7
6
CONTINUOUS
10
99.3583333731
20
90.3763297796
11
99.2333333731
21
90.3337765932
0
LINE
5
57D
100
AcDbEntity
8
0
100
AcDbLine
62
7
6
CONTINUOUS
10
99.6500000000
20
89.5252659619
11
99.7750000000
21
89.5678191483
0
LINE
5
57E
100
AcDbEntity
8
0
100
AcDbLine
62
7
6
CONTINUOUS
10
99.2916666269
20
96.3550531901
11
99.0833333135
21
96.3125000000
0
LINE
5
57F
100
AcDbEntity
8
0
100
AcDbLine
62
7
6
CONTINUOUS
10
99.1250000000
20
98.0997340679
11
98.8333333135
21
98.0997340679
0
LINE
5
580
100
AcDbEntity
8
0
100
AcDbLine
62
7
6
CONTINUOUS
10
98.8750000000
20
98.3125000000
11
99.0833333135
21
98.3125000000
0
LINE
5
581
100
AcDbEntity
8
0
100
AcDbLine
62
7
6
CONTINUOUS
10
118.2000000000
20
111.1125000000
11
118.2000000000
21
109.1125000000
0
LINE
5
582
100
AcDbEntity
8
0
100
AcDbLine
62
7
6
CONTINUOUS
10
120.0000000000
20
111.1125000000
11
120.0000000000
21
109.1125000000
0
LINE
5
583
100
AcDbEntity
8
0
100
AcDbLine
62
7
6
CONTINUOUS
10
120.0750000000
20
89.2375000000
11
120.0750000000
21
87.0125000000
0
LINE
5
584
100
AcDbEntity
8
0
100
AcDbLine
62
7
6
CONTINUOUS
10
99.2916666269
20
97.0784574747
11
99.0833333135
21
97.0359042287
0
LINE
5
585
100
AcDbEntity
8
0
100
AcDbLine
62
7
6
CONTINUOUS
10
98.6666666567
20
98.2699468136
11
98.8750000000
21
98.3125000000
0
LINE
5
586
100
AcDbEntity
8
0
100
AcDbLine
62
7
6
CONTINUOUS
10
121.4250000000
20
87.0125000000
11
121.4250000000
21
89.2375000000
0
LINE
5
587
100
AcDbEntity
8
0
100
AcDbLine
62
7
6
CONTINUOUS
10
136.2358983849
20
102.9125000000
11
135.7000000000
21
102.9125000000
0
LINE
5
588
100
AcDbEntity
8
0
100
AcDbLine
62
7
6
CONTINUOUS
10
94.7641016151
20
102.9125000000
11
95.3000000000
21
102.9125000000
0
LINE
5
589
100
AcDbEntity
8
0
100
AcDbLine
62
7
6
CONTINUOUS
10
99.1300000000
20
103.3125000000
11
98.8800000000
21
103.3125000000
0
LINE
5
58A
100
AcDbEntity
8
0
100
AcDbLine
62
7
6
CONTINUOUS
10
98.8800000000
20
105.3125000000
11
99.1300000000
21
105.3125000000
0
LINE
5
58B
100
AcDbEntity
8
0
100
AcDbLine
62
7
6
CONTINUOUS
10
100.0000000000
20
107.6125000000
11
131.0000000000
21
107.6125000000
0
LINE
5
58C
100
AcDbEntity
8
0
100
AcDbLine
62
7
6
CONTINUOUS
10
100.0000000000
20
108.1483983849
11
131.0000000000
21
108.1483983849
0
LINE
5
58D
100
AcDbEntity
8
0
100
AcDbLine
62
7
6
CONTINUOUS
10
95.5500000000
20
109.1125000000
11
135.4500000000
21
109.1125000000
0
LINE
5
58E
100
AcDbEntity
8
0
100
AcDbLine
62
7
6
CONTINUOUS
10
141.5452078799
20
110.3625000000
11
136.8547921201
21
110.3625000000
0
LINE
5
58F
100
AcDbEntity
8
0
100
AcDbLine
62
7
6
CONTINUOUS
10
94.1452078799
20
110.3625000000
11
89.4547921201
21
110.3625000000
0
LINE
5
590
100
AcDbEntity
8
0
100
AcDbLine
62
7
6
CONTINUOUS
10
111.0000000000
20
111.1125000000
11
112.8000000000
21
111.1125000000
0
LINE
5
591
100
AcDbEntity
8
0
100
AcDbLine
62
7
6
CONTINUOUS
10
118.2000000000
20
111.1125000000
11
120.0000000000
21
111.1125000000
0
LINE
5
592
100
AcDbEntity
8
0
100
AcDbLine
62
7
6
CONTINUOUS
10
131.0000000000
20
108.1483983849
11
131.0000000000
21
107.6125000000
0
LINE
5
593
100
AcDbEntity
8
0
100
AcDbLine
62
7
6
CONTINUOUS
10
131.0000000000
20
86.4766016151
11
131.0000000000
21
87.0125000000
0
LINE
5
594
100
AcDbEntity
8
0
100
AcDbLine
62
7
6
CONTINUOUS
10
140.9000000000
20
113.3625000000
11
90.1000000000
21
113.3625000000
0
LINE
5
595
100
AcDbEntity
8
0
100
AcDbLine
62
7
6
CONTINUOUS
10
135.7000000000
20
102.9125000000
11
135.7000000000
21
91.7125000000
0
LINE
5
596
100
AcDbEntity
8
0
100
AcDbLine
62
7
6
CONTINUOUS
10
136.2358983849
20
102.9125000000
11
136.2358983849
21
91.7125000000
0
LINE
5
597
100
AcDbEntity
8
0
100
AcDbLine
62
7
6
CONTINUOUS
10
137.2000000000
20
91.7125000000
11
137.2000000000
21
102.9125000000
0
LINE
5
598
100
AcDbEntity
8
0
100
AcDbLine
62
7
6
CONTINUOUS
10
142.9000000000
20
87.6203252572
11
142.9000000000
21
92.4046747428
0
LINE
5
599
100
AcDbEntity
8
0
100
AcDbLine
62
7
6
CONTINUOUS
10
145.9000000000
20
86.2625000000
11
145.9000000000
21
108.3625000000
0
LINE
5
59A
100
AcDbEntity
8
0
100
AcDbLine
62
7
6
CONTINUOUS
10
85.1000000000
20
199.0750000000
11
85.1000000000
21
207.5750000000
0
LINE
5
59B
100
AcDbEntity
8
0
100
AcDbLine
62
7
6
CONTINUOUS
10
85.1250628145
20
201.0750000000
11
85.1250628145
21
207.5750000000
0
LINE
5
59C
100
AcDbEntity
8
0
100
AcDbLine
62
7
6
CONTINUOUS
10
87.3000000000
20
213.3250000000
11
87.3000000000
21
207.5750000000
0
LINE
5
59D
100
AcDbEntity
8
0
100
AcDbLine
62
7
6
CONTINUOUS
10
88.1000000000
20
199.0750000000
11
88.1000000000
21
198.3250000000
0
LINE
5
59E
100
AcDbEntity
8
0
100
AcDbLine
62
7
6
CONTINUOUS
10
88.2031263575
20
201.0750000000
11
88.2031263575
21
207.5750000000
0
LINE
5
59F
100
AcDbEntity
8
0
100
AcDbLine
62
7
6
CONTINUOUS
10
88.5500000000
20
199.0750000000
11
88.5500000000
21
198.3250000000
0
LINE
5
5A0
100
AcDbEntity
8
0
100
AcDbLine
62
7
6
CONTINUOUS
10
88.8000000000
20
213.3250000000
11
88.8000000000
21
207.5750000000
0
LINE
5
5A1
100
AcDbEntity
8
0
100
AcDbLine
62
7
6
CONTINUOUS
10
89.1023447681
20
207.5750000000
11
89.1023447681
21
201.0750000000
0
LINE
5
5A2
100
AcDbEntity
8
0
100
AcDbLine
62
7
6
CONTINUOUS
10
89.4547921201
20
199.0750000000
11
89.4547921201
21
198.3250000000
0
LINE
5
5A3
100
AcDbEntity
8
0
100
AcDbLine
62
7
6
CONTINUOUS
10
89.5500000000
20
213.3250000000
11
89.5500000000
21
215.3250000000
0
LINE
5
5A4
100
AcDbEntity
8
0
100
AcDbLine
62
7
6
CONTINUOUS
10
90.1000000000
20
201.0750000000
11
90.1000000000
21
199.0750000000
0
LINE
5
5A5
100
AcDbEntity
8
0
100
AcDbLine
62
7
6
CONTINUOUS
10
91.0500000000
20
213.3250000000
11
91.0500000000
21
215.3250000000
0
LINE
5
5A6
100
AcDbEntity
8
0
100
AcDbLine
62
7
6
CONTINUOUS
10
93.8000000000
20
179.0750000000
11
93.8000000000
21
198.3250000000
0
LINE
5
5A7
100
AcDbEntity
8
0
100
AcDbLine
62
7
6
CONTINUOUS
10
94.1452078799
20
199.0750000000
11
94.1452078799
21
198.3250000000
0
LINE
5
5A8
100
AcDbEntity
8
0
100
AcDbLine
62
7
6
CONTINUOUS
10
94.6676470588
20
199.0750000000
11
94.6676470588
21
198.3250000000
0
LINE
5
5A9
100
AcDbEntity
8
0
100
AcDbLine
62
7
6
CONTINUOUS
10
94.8000000000
20
213.3250000000
11
94.8000000000
21
201.0750000000
0
LINE
5
5AA
100
AcDbEntity
8
0
100
AcDbLine
62
7
6
CONTINUOUS
10
95.5500000000
20
199.0750000000
11
95.5500000000
21
198.3250000000
0
LINE
5
5AB
100
AcDbEntity
8
0
100
AcDbLine
62
7
6
CONTINUOUS
10
93.8000000000
20
179.0750000000
11
137.2000000000
21
179.0750000000
0
LINE
5
5AC
100
AcDbEntity
8
0
100
AcDbLine
62
7
6
CONTINUOUS
10
98.8000000000
20
201.0750000000
11
98.8000000000
21
205.0750000000
0
LINE
5
5AD
100
AcDbEntity
8
0
100
AcDbLine
62
7
6
CONTINUOUS
10
100.0000000000
20
179.0750000000
11
100.0000000000
21
198.3250000000
0
LINE
5
5AE
100
AcDbEntity
8
0
100
AcDbLine
62
7
6
CONTINUOUS
10
100.0857864376
20
202.0750000000
11
100.0857864376
21
205.0750000000
0
LINE
5
5AF
100
AcDbEntity
8
0
100
AcDbLine
62
7
6
CONTINUOUS
10
100.8500000000
20
205.0750000000
11
100.8500000000
21
217.1500000000
0
LINE
5
5B0
100
AcDbEntity
8
0
100
AcDbLine
62
7
6
CONTINUOUS
10
102.1500000000
20
205.0750000000
11
102.1500000000
21
217.1500000000
0
LINE
5
5B1
100
AcDbEntity
8
0
100
AcDbLine
62
7
6
CONTINUOUS
10
102.8500000000
20
217.1500000000
11
102.8500000000
21
205.0750000000
0
LINE
5
5B2
100
AcDbEntity
8
0
100
AcDbLine
62
7
6
CONTINUOUS
10
102.9142135624
20
202.0750000000
11
102.9142135624
21
205.0750000000
0
LINE
5
5B3
100
AcDbEntity
8
0
100
AcDbLine
62
7
6
CONTINUOUS
10
111.0000000000
20
184.9750000000
11
112.8000000000
21
184.9750000000
0
LINE
5
5B4
100
AcDbEntity
8
0
100
AcDbLine
62
7
6
CONTINUOUS
10
118.2000000000
20
184.9750000000
11
120.0000000000
21
184.9750000000
0
LINE
5
5B5
100
AcDbEntity
8
0
100
AcDbLine
62
7
6
CONTINUOUS
10
111.0000000000
20
186.4750000000
11
112.8000000000
21
186.4750000000
0
LINE
5
5B6
100
AcDbEntity
8
0
100
AcDbLine
62
7
6
CONTINUOUS
10
118.2000000000
20
186.4750000000
11
120.0000000000
21
186.4750000000
0
LINE
5
5B7
100
AcDbEntity
8
0
100
AcDbLine
62
7
6
CONTINUOUS
10
104.0857864376
20
202.0750000000
11
104.0857864376
21
205.0750000000
0
LINE
5
5B8
100
AcDbEntity
8
0
100
AcDbLine
62
7
6
CONTINUOUS
10
104.1500000000
20
217.1500000000
11
104.1500000000
21
205.0750000000
0
LINE
5
5B9
100
AcDbEntity
8
0
100
AcDbLine
62
7
6
CONTINUOUS
10
104.8500000000
20
205.0750000000
11
104.8500000000
21
217.1500000000
0
LINE
5
5BA
100
AcDbEntity
8
0
100
AcDbLine
62
7
6
CONTINUOUS
10
106.1500000000
20
205.0750000000
11
106.1500000000
21
217.1500000000
0
LINE
5
5BB
100
AcDbEntity
8
0
100
AcDbLine
62
7
6
CONTINUOUS
10
106.8500000000
20
217.1500000000
11
106.8500000000
21
205.0750000000
0
LINE
5
5BC
100
AcDbEntity
8
0
100
AcDbLine
62
7
6
CONTINUOUS
10
106.9142135624
20
202.0750000000
11
106.9142135624
21
205.0750000000
0
LINE
5
5BD
100
AcDbEntity
8
0
100
AcDbLine
62
7
6
CONTINUOUS
10
108.0857864376
20
202.0750000000
11
108.0857864376
21
205.0750000000
0
LINE
5
5BE
100
AcDbEntity
8
0
100
AcDbLine
62
7
6
CONTINUOUS
10
108.1500000000
20
217.1500000000
11
108.1500000000
21
205.0750000000
0
LINE
5
5BF
100
AcDbEntity
8
0
100
AcDbLine
62
7
6
CONTINUOUS
10
109.5000000000
20
188.9898613250
11
121.5000000000
21
188.9898613250
0
LINE
5
5C0
100
AcDbEntity
8
0
100
AcDbLine
62
7
6
CONTINUOUS
10
118.4379099750
20
189.7250000000
11
117.5263361250
21
189.7250000000
0
LINE
5
5C1
100
AcDbEntity
8
0
100
AcDbLine
62
7
6
CONTINUOUS
10
117.2788427250
20
189.7250000000
11
116.3713427250
21
189.7250000000
0
LINE
5
5C2
100
AcDbEntity
8
0
100
AcDbLine
62
7
6
CONTINUOUS
10
115.9211583750
20
189.7250000000
11
115.0788432750
21
189.7250000000
0
LINE
5
5C3
100
AcDbEntity
8
0
100
AcDbLine
62
7
6
CONTINUOUS
10
114.6286572750
20
189.7250000000
11
113.7211572750
21
189.7250000000
0
LINE
5
5C4
100
AcDbEntity
8
0
100
AcDbLine
62
7
6
CONTINUOUS
10
113.6692119750
20
189.7250000000
11
112.6323602250
21
189.7250000000
0
LINE
5
5C5
100
AcDbEntity
8
0
100
AcDbLine
62
7
6
CONTINUOUS
10
111.6301370250
20
189.7250000000
11
110.5932852750
21
189.7250000000
0
LINE
5
5C6
100
AcDbEntity
8
0
100
AcDbLine
62
7
6
CONTINUOUS
10
112.5491699907
20
189.9001854500
11
111.7118273419
21
189.9001854500
0
LINE
5
5C7
100
AcDbEntity
8
0
100
AcDbLine
62
7
6
CONTINUOUS
10
119.2028169750
20
190.2067587500
11
118.4379099750
21
190.2067587500
0
LINE
5
5C8
100
AcDbEntity
8
0
100
AcDbLine
62
7
6
CONTINUOUS
10
111.9056034245
20
190.3157396000
11
112.3518359819
21
190.3157396000
0
LINE
5
5C9
100
AcDbEntity
8
0
100
AcDbLine
62
7
6
CONTINUOUS
10
118.4379099750
20
190.6671302000
11
119.2028169750
21
190.6671302000
0
LINE
5
5CA
100
AcDbEntity
8
0
100
AcDbLine
62
7
6
CONTINUOUS
10
119.2028169750
20
190.9125924500
11
118.4379099750
21
190.9125924500
0
LINE
5
5CB
100
AcDbEntity
8
0
100
AcDbLine
62
7
6
CONTINUOUS
10
108.8500000000
20
205.0750000000
11
108.8500000000
21
217.1500000000
0
LINE
5
5CC
100
AcDbEntity
8
0
100
AcDbLine
62
7
6
CONTINUOUS
10
109.5000000000
20
191.9898613250
11
109.5000000000
21
188.9898613250
0
LINE
5
5CD
100
AcDbEntity
8
0
100
AcDbLine
62
7
6
CONTINUOUS
10
110.1500000000
20
205.0750000000
11
110.1500000000
21
217.1500000000
0
LINE
5
5CE
100
AcDbEntity
8
0
100
AcDbLine
62
7
6
CONTINUOUS
10
110.8500000000
20
217.1500000000
11
110.8500000000
21
205.0750000000
0
LINE
5
5CF
100
AcDbEntity
8
0
100
AcDbLine
62
7
6
CONTINUOUS
10
110.9142135624
20
202.0750000000
11
110.9142135624
21
205.0750000000
0
LINE
5
5D0
100
AcDbEntity
8
0
100
AcDbLine
62
7
6
CONTINUOUS
10
111.0000000000
20
186.4750000000
11
111.0000000000
21
179.0750000000
0
LINE
5
5D1
100
AcDbEntity
8
0
100
AcDbLine
62
7
6
CONTINUOUS
10
111.5078952099
20
191.3750000000
11
112.7546020401
21
191.3750000000
0
LINE
5
5D2
100
AcDbEntity
8
0
100
AcDbLine
62
7
6
CONTINUOUS
10
113.7211572750
20
191.3750000000
11
115.1552316750
21
191.3750000000
0
LINE
5
5D3
100
AcDbEntity
8
0
100
AcDbLine
62
7
6
CONTINUOUS
10
115.8447683250
20
191.3750000000
11
117.2788427250
21
191.3750000000
0
LINE
5
5D4
100
AcDbEntity
8
0
100
AcDbLine
62
7
6
CONTINUOUS
10
117.5263361250
20
191.3750000000
11
119.2028169750
21
191.3750000000
0
LINE
5
5D5
100
AcDbEntity
8
0
100
AcDbLine
62
7
6
CONTINUOUS
10
121.5000000000
20
191.9898613250
11
109.5000000000
21
191.9898613250
0
LINE
5
5D6
100
AcDbEntity
8
0
100
AcDbLine
62
7
6
CONTINUOUS
10
112.7546020401
20
191.3750000000
11
113.6692119750
21
189.7250000000
0
LINE
5
5D7
100
AcDbEntity
8
0
100
AcDbLine
62
7
6
CONTINUOUS
10
112.6323602250
20
189.7250000000
11
112.5491699907
21
189.9001854500
0
LINE
5
5D8
100
AcDbEntity
8
0
100
AcDbLine
62
7
6
CONTINUOUS
10
112.3518359819
20
190.3157396000
11
112.1266900157
21
190.7898613250
0
LINE
5
5D9
100
AcDbEntity
8
0
100
AcDbLine
62
7
6
CONTINUOUS
10
112.0857864376
20
202.0750000000
11
112.0857864376
21
205.0750000000
0
LINE
5
5DA
100
AcDbEntity
8
0
100
AcDbLine
62
7
6
CONTINUOUS
10
112.1500000000
20
217.1500000000
11
112.1500000000
21
205.0750000000
0
LINE
5
5DB
100
AcDbEntity
8
0
100
AcDbLine
62
7
6
CONTINUOUS
10
112.8000000000
20
186.4750000000
11
112.8000000000
21
179.0750000000
0
LINE
5
5DC
100
AcDbEntity
8
0
100
AcDbLine
62
7
6
CONTINUOUS
10
112.8500000000
20
205.0750000000
11
112.8500000000
21
217.1500000000
0
LINE
5
5DD
100
AcDbEntity
8
0
100
AcDbLine
62
7
6
CONTINUOUS
10
115.0788432750
20
189.7250000000
11
114.6286572750
21
190.7898613250
0
LINE
5
5DE
100
AcDbEntity
8
0
100
AcDbLine
62
7
6
CONTINUOUS
10
115.1552316750
20
191.3750000000
11
115.5000000000
21
190.5216684513
0
LINE
5
5DF
100
AcDbEntity
8
0
100
AcDbLine
62
7
6
CONTINUOUS
10
113.7211572750
20
189.7250000000
11
113.7211572750
21
191.3750000000
0
LINE
5
5E0
100
AcDbEntity
8
0
100
AcDbLine
62
7
6
CONTINUOUS
10
114.1500000000
20
205.0750000000
11
114.1500000000
21
217.1500000000
0
LINE
5
5E1
100
AcDbEntity
8
0
100
AcDbLine
62
7
6
CONTINUOUS
10
114.6286572750
20
190.7898613250
11
114.6286572750
21
189.7250000000
0
LINE
5
5E2
100
AcDbEntity
8
0
100
AcDbLine
62
7
6
CONTINUOUS
10
114.8500000000
20
217.1500000000
11
114.8500000000
21
205.0750000000
0
LINE
5
5E3
100
AcDbEntity
8
0
100
AcDbLine
62
7
6
CONTINUOUS
10
114.9142135624
20
202.0750000000
11
114.9142135624
21
205.0750000000
0
LINE
5
5E4
100
AcDbEntity
8
0
100
AcDbLine
62
7
6
CONTINUOUS
10
112.1266900157
20
190.7898613250
11
111.9056034245
21
190.3157396000
0
LINE
5
5E5
100
AcDbEntity
8
0
100
AcDbLine
62
7
6
CONTINUOUS
10
111.7118273419
20
189.9001854500
11
111.6301370250
21
189.7250000000
0
LINE
5
5E6
100
AcDbEntity
8
0
100
AcDbLine
62
7
6
CONTINUOUS
10
110.5932852750
20
189.7250000000
11
111.5078952099
21
191.3750000000
0
LINE
5
5E7
100
AcDbEntity
8
0
100
AcDbLine
62
7
6
CONTINUOUS
10
142.9000000000
20
198.3250000000
11
131.0000000000
21
198.3250000000
0
LINE
5
5E8
100
AcDbEntity
8
0
100
AcDbLine
62
7
6
CONTINUOUS
10
100.0000000000
20
198.3250000000
11
88.1000000000
21
198.3250000000
0
LINE
5
5E9
100
AcDbEntity
8
0
100
AcDbLine
62
7
6
CONTINUOUS
10
116.0857864376
20
202.0750000000
11
116.0857864376
21
205.0750000000
0
LINE
5
5EA
100
AcDbEntity
8
0
100
AcDbLine
62
7
6
CONTINUOUS
10
116.1500000000
20
217.1500000000
11
116.1500000000
21
205.0750000000
0
LINE
5
5EB
100
AcDbEntity
8
0
100
AcDbLine
62
7
6
CONTINUOUS
10
116.3713427250
20
189.7250000000
11
116.3713427250
21
190.7898613250
0
LINE
5
5EC
100
AcDbEntity
8
0
100
AcDbLine
62
7
6
CONTINUOUS
10
116.8500000000
20
205.0750000000
11
116.8500000000
21
217.1500000000
0
LINE
5
5ED
100
AcDbEntity
8
0
100
AcDbLine
62
7
6
CONTINUOUS
10
117.2788427250
20
191.3750000000
11
117.2788427250
21
189.7250000000
0
LINE
5
5EE
100
AcDbEntity
8
0
100
AcDbLine
62
7
6
CONTINUOUS
10
117.5263361250
20
189.7250000000
11
117.5263361250
21
191.3750000000
0
LINE
5
5EF
100
AcDbEntity
8
0
100
AcDbLine
62
7
6
CONTINUOUS
10
118.1500000000
20
205.0750000000
11
118.1500000000
21
217.1500000000
0
LINE
5
5F0
100
AcDbEntity
8
0
100
AcDbLine
62
7
6
CONTINUOUS
10
118.2000000000
20
186.4750000000
11
118.2000000000
21
179.0750000000
0
LINE
5
5F1
100
AcDbEntity
8
0
100
AcDbLine
62
7
6
CONTINUOUS
10
145.9000000000
20
199.0750000000
11
85.1000000000
21
199.0750000000
0
LINE
5
5F2
100
AcDbEntity
8
0
100
AcDbLine
62
7
6
CONTINUOUS
10
118.4379099750
20
190.9125924500
11
118.4379099750
21
190.6671302000
0
LINE
5
5F3
100
AcDbEntity
8
0
100
AcDbLine
62
7
6
CONTINUOUS
10
118.4379099750
20
190.2067587500
11
118.4379099750
21
189.7250000000
0
LINE
5
5F4
100
AcDbEntity
8
0
100
AcDbLine
62
7
6
CONTINUOUS
10
118.8500000000
20
217.1500000000
11
118.8500000000
21
205.0750000000
0
LINE
5
5F5
100
AcDbEntity
8
0
100
AcDbLine
62
7
6
CONTINUOUS
10
118.9142135624
20
202.0750000000
11
118.9142135624
21
205.0750000000
0
LINE
5
5F6
100
AcDbEntity
8
0
100
AcDbLine
62
7
6
CONTINUOUS
10
120.0000000000
20
186.4750000000
11
120.0000000000
21
179.0750000000
0
LINE
5
5F7
100
AcDbEntity
8
0
100
AcDbLine
62
7
6
CONTINUOUS
10
120.0857864376
20
202.0750000000
11
120.0857864376
21
205.0750000000
0
LINE
5
5F8
100
AcDbEntity
8
0
100
AcDbLine
62
7
6
CONTINUOUS
10
120.1500000000
20
217.1500000000
11
120.1500000000
21
205.0750000000
0
LINE
5
5F9
100
AcDbEntity
8
0
100
AcDbLine
62
7
6
CONTINUOUS
10
115.5000000000
20
190.5216684513
11
115.8447683250
21
191.3750000000
0
LINE
5
5FA
100
AcDbEntity
8
0
100
AcDbLine
62
7
6
CONTINUOUS
10
116.3713427250
20
190.7898613250
11
115.9211583750
21
189.7250000000
0
LINE
5
5FB
100
AcDbEntity
8
0
100
AcDbLine
62
7
6
CONTINUOUS
10
85.1250628145
20
201.0750000000
11
145.8749371855
21
201.0750000000
0
LINE
5
5FC
100
AcDbEntity
8
0
100
AcDbLine
62
7
6
CONTINUOUS
10
98.8000000000
20
202.0750000000
11
132.2000000000
21
202.0750000000
0
LINE
5
5FD
100
AcDbEntity
8
0
100
AcDbLine
62
7
6
CONTINUOUS
10
120.8500000000
20
205.0750000000
11
120.8500000000
21
217.1500000000
0
LINE
5
5FE
100
AcDbEntity
8
0
100
AcDbLine
62
7
6
CONTINUOUS
10
121.5000000000
20
188.9898613250
11
121.5000000000
21
191.9898613250
0
LINE
5
5FF
100
AcDbEntity
8
0
100
AcDbLine
62
7
6
CONTINUOUS
10
122.1500000000
20
205.0750000000
11
122.1500000000
21
217.1500000000
0
LINE
5
600
100
AcDbEntity
8
0
100
AcDbLine
62
7
6
CONTINUOUS
10
122.8500000000
20
217.1500000000
11
122.8500000000
21
205.0750000000
0
LINE
5
601
100
AcDbEntity
8
0
100
AcDbLine
62
7
6
CONTINUOUS
10
122.9142135624
20
202.0750000000
11
122.9142135624
21
205.0750000000
0
LINE
5
602
100
AcDbEntity
8
0
100
AcDbLine
62
7
6
CONTINUOUS
10
98.8000000000
20
205.0750000000
11
132.2000000000
21
205.0750000000
0
LINE
5
603
100
AcDbEntity
8
0
100
AcDbLine
62
7
6
CONTINUOUS
10
124.0857864376
20
202.0750000000
11
124.0857864376
21
205.0750000000
0
LINE
5
604
100
AcDbEntity
8
0
100
AcDbLine
62
7
6
CONTINUOUS
10
124.1500000000
20
217.1500000000
11
124.1500000000
21
205.0750000000
0
LINE
5
605
100
AcDbEntity
8
0
100
AcDbLine
62
7
6
CONTINUOUS
10
124.8500000000
20
205.0750000000
11
124.8500000000
21
217.1500000000
0
LINE
5
606
100
AcDbEntity
8
0
100
AcDbLine
62
7
6
CONTINUOUS
10
85.1000000000
20
207.5750000000
11
89.1023447640
21
207.5750000000
0
LINE
5
607
100
AcDbEntity
8
0
100
AcDbLine
62
7
6
CONTINUOUS
10
141.8976552360
20
207.5750000000
11
145.9000000000
21
207.5750000000
0
LINE
5
608
100
AcDbEntity
8
0
100
AcDbLine
62
7
6
CONTINUOUS
10
126.1500000000
20
205.0750000000
11
126.1500000000
21
217.1500000000
0
LINE
5
609
100
AcDbEntity
8
0
100
AcDbLine
62
7
6
CONTINUOUS
10
126.8500000000
20
217.1500000000
11
126.8500000000
21
205.0750000000
0
LINE
5
60A
100
AcDbEntity
8
0
100
AcDbLine
62
7
6
CONTINUOUS
10
126.9142135624
20
202.0750000000
11
126.9142135624
21
205.0750000000
0
LINE
5
60B
100
AcDbEntity
8
0
100
AcDbLine
62
7
6
CONTINUOUS
10
128.0857864376
20
202.0750000000
11
128.0857864376
21
205.0750000000
0
LINE
5
60C
100
AcDbEntity
8
0
100
AcDbLine
62
7
6
CONTINUOUS
10
128.1500000000
20
217.1500000000
11
128.1500000000
21
205.0750000000
0
LINE
5
60D
100
AcDbEntity
8
0
100
AcDbLine
62
7
6
CONTINUOUS
10
128.8500000000
20
205.0750000000
11
128.8500000000
21
217.1500000000
0
LINE
5
60E
100
AcDbEntity
8
0
100
AcDbLine
62
7
6
CONTINUOUS
10
130.1500000000
20
205.0750000000
11
130.1500000000
21
217.1500000000
0
LINE
5
60F
100
AcDbEntity
8
0
100
AcDbLine
62
7
6
CONTINUOUS
10
130.9142135624
20
202.0750000000
11
130.9142135624
21
205.0750000000
0
LINE
5
610
100
AcDbEntity
8
0
100
AcDbLine
62
7
6
CONTINUOUS
10
131.0000000000
20
179.0750000000
11
131.0000000000
21
198.3250000000
0
LINE
5
611
100
AcDbEntity
8
0
100
AcDbLine
62
7
6
CONTINUOUS
10
132.2000000000
20
201.0750000000
11
132.2000000000
21
205.0750000000
0
LINE
5
612
100
AcDbEntity
8
0
100
AcDbLine
62
7
6
CONTINUOUS
10
143.7000000000
20
213.3250000000
11
136.2000000000
21
213.3250000000
0
LINE
5
613
100
AcDbEntity
8
0
100
AcDbLine
62
7
6
CONTINUOUS
10
94.8000000000
20
213.3250000000
11
87.3000000000
21
213.3250000000
0
LINE
5
614
100
AcDbEntity
8
0
100
AcDbLine
62
7
6
CONTINUOUS
10
89.5500000000
20
215.3250000000
11
91.0500000000
21
215.3250000000
0
LINE
5
615
100
AcDbEntity
8
0
100
AcDbLine
62
7
6
CONTINUOUS
10
138.4500000000
20
215.3250000000
11
139.9500000000
21
215.3250000000
0
LINE
5
616
100
AcDbEntity
8
0
100
AcDbLine
62
7
6
CONTINUOUS
10
128.1500000000
20
217.1500000000
11
126.8500000000
21
217.1500000000
0
LINE
5
617
100
AcDbEntity
8
0
100
AcDbLine
62
7
6
CONTINUOUS
10
124.1500000000
20
217.1500000000
11
122.8500000000
21
217.1500000000
0
LINE
5
618
100
AcDbEntity
8
0
100
AcDbLine
62
7
6
CONTINUOUS
10
120.1500000000
20
217.1500000000
11
118.8500000000
21
217.1500000000
0
LINE
5
619
100
AcDbEntity
8
0
100
AcDbLine
62
7
6
CONTINUOUS
10
116.1500000000
20
217.1500000000
11
114.8500000000
21
217.1500000000
0
LINE
5
61A
100
AcDbEntity
8
0
100
AcDbLine
62
7
6
CONTINUOUS
10
112.1500000000
20
217.1500000000
11
110.8500000000
21
217.1500000000
0
LINE
5
61B
100
AcDbEntity
8
0
100
AcDbLine
62
7
6
CONTINUOUS
10
108.1500000000
20
217.1500000000
11
106.8500000000
21
217.1500000000
0
LINE
5
61C
100
AcDbEntity
8
0
100
AcDbLine
62
7
6
CONTINUOUS
10
104.1500000000
20
217.1500000000
11
102.8500000000
21
217.1500000000
0
LINE
5
61D
100
AcDbEntity
8
0
100
AcDbLine
62
7
6
CONTINUOUS
10
100.8500000000
20
217.1500000000
11
102.1500000000
21
217.1500000000
0
LINE
5
61E
100
AcDbEntity
8
0
100
AcDbLine
62
7
6
CONTINUOUS
10
104.8500000000
20
217.1500000000
11
106.1500000000
21
217.1500000000
0
LINE
5
61F
100
AcDbEntity
8
0
100
AcDbLine
62
7
6
CONTINUOUS
10
108.8500000000
20
217.1500000000
11
110.1500000000
21
217.1500000000
0
LINE
5
620
100
AcDbEntity
8
0
100
AcDbLine
62
7
6
CONTINUOUS
10
112.8500000000
20
217.1500000000
11
114.1500000000
21
217.1500000000
0
LINE
5
621
100
AcDbEntity
8
0
100
AcDbLine
62
7
6
CONTINUOUS
10
116.8500000000
20
217.1500000000
11
118.1500000000
21
217.1500000000
0
LINE
5
622
100
AcDbEntity
8
0
100
AcDbLine
62
7
6
CONTINUOUS
10
120.8500000000
20
217.1500000000
11
122.1500000000
21
217.1500000000
0
LINE
5
623
100
AcDbEntity
8
0
100
AcDbLine
62
7
6
CONTINUOUS
10
124.8500000000
20
217.1500000000
11
126.1500000000
21
217.1500000000
0
LINE
5
624
100
AcDbEntity
8
0
100
AcDbLine
62
7
6
CONTINUOUS
10
128.8500000000
20
217.1500000000
11
130.1500000000
21
217.1500000000
0
LINE
5
625
100
AcDbEntity
8
0
100
AcDbLine
62
7
6
CONTINUOUS
10
135.4500000000
20
199.0750000000
11
135.4500000000
21
198.3250000000
0
LINE
5
626
100
AcDbEntity
8
0
100
AcDbLine
62
7
6
CONTINUOUS
10
136.2000000000
20
213.3250000000
11
136.2000000000
21
201.0750000000
0
LINE
5
627
100
AcDbEntity
8
0
100
AcDbLine
62
7
6
CONTINUOUS
10
136.3323529412
20
199.0750000000
11
136.3323529412
21
198.3250000000
0
LINE
5
628
100
AcDbEntity
8
0
100
AcDbLine
62
7
6
CONTINUOUS
10
136.8547921201
20
199.0750000000
11
136.8547921201
21
198.3250000000
0
LINE
5
629
100
AcDbEntity
8
0
100
AcDbLine
62
7
6
CONTINUOUS
10
137.2000000000
20
179.0750000000
11
137.2000000000
21
198.3250000000
0
LINE
5
62A
100
AcDbEntity
8
0
100
AcDbLine
62
7
6
CONTINUOUS
10
138.4500000000
20
213.3250000000
11
138.4500000000
21
215.3250000000
0
LINE
5
62B
100
AcDbEntity
8
0
100
AcDbLine
62
7
6
CONTINUOUS
10
139.9500000000
20
213.3250000000
11
139.9500000000
21
215.3250000000
0
LINE
5
62C
100
AcDbEntity
8
0
100
AcDbLine
62
7
6
CONTINUOUS
10
140.9000000000
20
201.0750000000
11
140.9000000000
21
199.0750000000
0
LINE
5
62D
100
AcDbEntity
8
0
100
AcDbLine
62
7
6
CONTINUOUS
10
141.5452078799
20
199.0750000000
11
141.5452078799
21
198.3250000000
0
LINE
5
62E
100
AcDbEntity
8
0
100
AcDbLine
62
7
6
CONTINUOUS
10
141.8976552319
20
207.5750000000
11
141.8976552319
21
201.0750000000
0
LINE
5
62F
100
AcDbEntity
8
0
100
AcDbLine
62
7
6
CONTINUOUS
10
142.2000000000
20
213.3250000000
11
142.2000000000
21
207.5750000000
0
LINE
5
630
100
AcDbEntity
8
0
100
AcDbLine
62
7
6
CONTINUOUS
10
142.4500000000
20
199.0750000000
11
142.4500000000
21
198.3250000000
0
LINE
5
631
100
AcDbEntity
8
0
100
AcDbLine
62
7
6
CONTINUOUS
10
142.7968736425
20
201.0750000000
11
142.7968736425
21
207.5750000000
0
LINE
5
632
100
AcDbEntity
8
0
100
AcDbLine
62
7
6
CONTINUOUS
10
142.9000000000
20
199.0750000000
11
142.9000000000
21
198.3250000000
0
LINE
5
633
100
AcDbEntity
8
0
100
AcDbLine
62
7
6
CONTINUOUS
10
143.7000000000
20
213.3250000000
11
143.7000000000
21
207.5750000000
0
LINE
5
634
100
AcDbEntity
8
0
100
AcDbLine
62
7
6
CONTINUOUS
10
145.8749371855
20
201.0750000000
11
145.8749371855
21
207.5750000000
0
LINE
5
635
100
AcDbEntity
8
0
100
AcDbLine
62
7
6
CONTINUOUS
10
145.9000000000
20
207.5750000000
11
145.9000000000
21
199.0750000000
0
LINE
5
636
100
AcDbEntity
8
0
100
AcDbLine
62
7
6
CONTINUOUS
10
232.9625000000
20
85.5125000000
11
232.9625000000
21
109.1125000000
0
LINE
5
637
100
AcDbEntity
8
0
100
AcDbLine
62
7
6
CONTINUOUS
10
238.8625000000
20
111.1125000000
11
232.9625000000
21
109.1125000000
0
LINE
5
638
100
AcDbEntity
8
0
100
AcDbLine
62
7
6
CONTINUOUS
10
254.9625000000
20
81.2625000000
11
252.9625000000
21
81.2625000000
0
LINE
5
639
100
AcDbEntity
8
0
100
AcDbLine
62
7
6
CONTINUOUS
10
240.3625000000
20
109.1125000000
11
240.3625000000
21
111.1125000000
0
LINE
5
63A
100
AcDbEntity
8
0
100
AcDbLine
62
7
6
CONTINUOUS
10
252.9625000000
20
85.5125000000
11
232.9625000000
21
85.5125000000
0
LINE
5
63B
100
AcDbEntity
8
0
100
AcDbLine
62
7
6
CONTINUOUS
10
254.9625000000
20
86.2625000000
11
252.9625000000
21
86.2625000000
0
LINE
5
63C
100
AcDbEntity
8
0
100
AcDbLine
62
7
6
CONTINUOUS
10
252.9625000000
20
86.7625000000
11
252.2125000000
21
86.7625000000
0
LINE
5
63D
100
AcDbEntity
8
0
100
AcDbLine
62
7
6
CONTINUOUS
10
267.2125000000
20
87.0125000000
11
254.9625000000
21
87.0125000000
0
LINE
5
63E
100
AcDbEntity
8
0
100
AcDbLine
62
7
6
CONTINUOUS
10
252.9625000000
20
87.6203252572
11
252.2125000000
21
87.6203252572
0
LINE
5
63F
100
AcDbEntity
8
0
100
AcDbLine
62
7
6
CONTINUOUS
10
261.4625000000
20
88.7000000000
11
254.9625000000
21
88.7000000000
0
LINE
5
640
100
AcDbEntity
8
0
100
AcDbLine
62
7
6
CONTINUOUS
10
254.9625000000
20
89.2625000000
11
261.4625000000
21
89.2625000000
0
LINE
5
641
100
AcDbEntity
8
0
100
AcDbLine
62
7
6
CONTINUOUS
10
267.2125000000
20
89.2625000000
11
269.2125000000
21
89.2625000000
0
LINE
5
642
100
AcDbEntity
8
0
100
AcDbLine
62
7
6
CONTINUOUS
10
254.9625000000
20
90.7625000000
11
261.4625000000
21
90.7625000000
0
LINE
5
643
100
AcDbEntity
8
0
100
AcDbLine
62
7
6
CONTINUOUS
10
267.2125000000
20
90.7625000000
11
269.2125000000
21
90.7625000000
0
LINE
5
644
100
AcDbEntity
8
0
100
AcDbLine
62
7
6
CONTINUOUS
10
261.4625000000
20
91.3250000000
11
254.9625000000
21
91.3250000000
0
LINE
5
645
100
AcDbEntity
8
0
100
AcDbLine
62
7
6
CONTINUOUS
10
232.9625000000
20
91.7125000000
11
252.2125000000
21
91.7125000000
0
LINE
5
646
100
AcDbEntity
8
0
100
AcDbLine
62
7
6
CONTINUOUS
10
252.9625000000
20
92.4046747428
11
252.2125000000
21
92.4046747428
0
LINE
5
647
100
AcDbEntity
8
0
100
AcDbLine
62
7
6
CONTINUOUS
10
267.2125000000
20
92.6625000000
11
271.0375000000
21
92.6625000000
0
LINE
5
648
100
AcDbEntity
8
0
100
AcDbLine
62
7
6
CONTINUOUS
10
267.2125000000
20
93.0125000000
11
254.9625000000
21
93.0125000000
0
LINE
5
649
100
AcDbEntity
8
0
100
AcDbLine
62
7
6
CONTINUOUS
10
252.9625000000
20
93.2625000000
11
252.2125000000
21
93.2625000000
0
LINE
5
64A
100
AcDbEntity
8
0
100
AcDbLine
62
7
6
CONTINUOUS
10
258.9625000000
20
93.8125000000
11
255.9625000000
21
93.8125000000
0
LINE
5
64B
100
AcDbEntity
8
0
100
AcDbLine
62
7
6
CONTINUOUS
10
258.9625000000
20
93.9625000000
11
271.0375000000
21
93.9625000000
0
LINE
5
64C
100
AcDbEntity
8
0
100
AcDbLine
62
7
6
CONTINUOUS
10
252.9625000000
20
94.2625000000
11
252.2125000000
21
94.2625000000
0
LINE
5
64D
100
AcDbEntity
8
0
100
AcDbLine
62
7
6
CONTINUOUS
10
255.9625000000
20
94.8125000000
11
258.9625000000
21
94.8125000000
0
LINE
5
64E
100
AcDbEntity
8
0
100
AcDbLine
62
7
6
CONTINUOUS
10
258.9625000000
20
95.8125000000
11
255.9625000000
21
95.8125000000
0
LINE
5
64F
100
AcDbEntity
8
0
100
AcDbLine
62
7
6
CONTINUOUS
10
252.2125000000
20
86.7625000000
11
252.2125000000
21
94.2625000000
0
LINE
5
650
100
AcDbEntity
8
0
100
AcDbLine
62
7
6
CONTINUOUS
10
252.2125000000
20
103.8513793340
11
252.2125000000
21
110.3625000000
0
LINE
5
651
100
AcDbEntity
8
0
100
AcDbLine
62
7
6
CONTINUOUS
10
271.0375000000
20
96.6625000000
11
258.9625000000
21
96.6625000000
0
LINE
5
652
100
AcDbEntity
8
0
100
AcDbLine
62
7
6
CONTINUOUS
10
255.9625000000
20
96.8125000000
11
258.9625000000
21
96.8125000000
0
LINE
5
653
100
AcDbEntity
8
0
100
AcDbLine
62
7
6
CONTINUOUS
10
252.9625000000
20
81.2625000000
11
252.9625000000
21
113.3625000000
0
LINE
5
654
100
AcDbEntity
8
0
100
AcDbLine
62
7
6
CONTINUOUS
10
258.9625000000
20
97.8125000000
11
255.9625000000
21
97.8125000000
0
LINE
5
655
100
AcDbEntity
8
0
100
AcDbLine
62
7
6
CONTINUOUS
10
271.0375000000
20
97.9625000000
11
258.9625000000
21
97.9625000000
0
LINE
5
656
100
AcDbEntity
8
0
100
AcDbLine
62
7
6
CONTINUOUS
10
258.9625000000
20
98.8125000000
11
255.9625000000
21
98.8125000000
0
LINE
5
657
100
AcDbEntity
8
0
100
AcDbLine
62
7
6
CONTINUOUS
10
254.9625000000
20
113.3625000000
11
254.9625000000
21
108.8625000000
0
LINE
5
658
100
AcDbEntity
8
0
100
AcDbLine
62
7
6
CONTINUOUS
10
254.9625000000
20
107.3625000000
11
254.9625000000
21
90.7625000000
0
LINE
5
659
100
AcDbEntity
8
0
100
AcDbLine
62
7
6
CONTINUOUS
10
254.9625000000
20
89.2625000000
11
254.9625000000
21
81.2625000000
0
LINE
5
65A
100
AcDbEntity
8
0
100
AcDbLine
62
7
6
CONTINUOUS
10
255.9625000000
20
99.8125000000
11
258.9625000000
21
99.8125000000
0
LINE
5
65B
100
AcDbEntity
8
0
100
AcDbLine
62
7
6
CONTINUOUS
10
258.9625000000
20
100.6625000000
11
271.0375000000
21
100.6625000000
0
LINE
5
65C
100
AcDbEntity
8
0
100
AcDbLine
62
7
6
CONTINUOUS
10
255.9625000000
20
100.8125000000
11
258.9625000000
21
100.8125000000
0
LINE
5
65D
100
AcDbEntity
8
0
100
AcDbLine
62
7
6
CONTINUOUS
10
255.9625000000
20
104.3125000000
11
255.9625000000
21
101.8125000000
0
LINE
5
65E
100
AcDbEntity
8
0
100
AcDbLine
62
7
6
CONTINUOUS
10
255.9625000000
20
100.8125000000
11
255.9625000000
21
97.8125000000
0
LINE
5
65F
100
AcDbEntity
8
0
100
AcDbLine
62
7
6
CONTINUOUS
10
255.9625000000
20
96.8125000000
11
255.9625000000
21
93.8125000000
0
LINE
5
660
100
AcDbEntity
8
0
100
AcDbLine
62
7
6
CONTINUOUS
10
258.9625000000
20
101.8125000000
11
255.9625000000
21
101.8125000000
0
LINE
5
661
100
AcDbEntity
8
0
100
AcDbLine
62
7
6
CONTINUOUS
10
258.9625000000
20
101.9625000000
11
271.0375000000
21
101.9625000000
0
LINE
5
662
100
AcDbEntity
8
0
100
AcDbLine
62
7
6
CONTINUOUS
10
255.9625000000
20
102.8125000000
11
258.9625000000
21
102.8125000000
0
LINE
5
663
100
AcDbEntity
8
0
100
AcDbLine
62
7
6
CONTINUOUS
10
232.9625000000
20
102.9125000000
11
252.9625000000
21
102.9125000000
0
LINE
5
664
100
AcDbEntity
8
0
100
AcDbLine
62
7
6
CONTINUOUS
10
252.9625000000
20
103.8513793264
11
252.2125000000
21
103.8513793264
0
LINE
5
665
100
AcDbEntity
8
0
100
AcDbLine
62
7
6
CONTINUOUS
10
258.9625000000
20
93.0125000000
11
258.9625000000
21
94.8123053291
0
LINE
5
666
100
AcDbEntity
8
0
100
AcDbLine
62
7
6
CONTINUOUS
10
258.9625000000
20
95.8125000000
11
258.9625000000
21
98.8125000000
0
LINE
5
667
100
AcDbEntity
8
0
100
AcDbLine
62
7
6
CONTINUOUS
10
258.9625000000
20
99.8126946709
11
258.9625000000
21
102.8123053291
0
LINE
5
668
100
AcDbEntity
8
0
100
AcDbLine
62
7
6
CONTINUOUS
10
254.9625000000
20
104.3125000000
11
255.9625000000
21
104.3125000000
0
LINE
5
669
100
AcDbEntity
8
0
100
AcDbLine
62
7
6
CONTINUOUS
10
252.9625000000
20
104.8625000000
11
252.2125000000
21
104.8625000000
0
LINE
5
66A
100
AcDbEntity
8
0
100
AcDbLine
62
7
6
CONTINUOUS
10
267.2125000000
20
105.1125000000
11
254.9625000000
21
105.1125000000
0
LINE
5
66B
100
AcDbEntity
8
0
100
AcDbLine
62
7
6
CONTINUOUS
10
261.4625000000
20
109.4249999944
11
261.4625000000
21
106.8000000000
0
LINE
5
66C
100
AcDbEntity
8
0
100
AcDbLine
62
7
6
CONTINUOUS
10
261.4625000000
20
91.3250000000
11
261.4625000000
21
88.7000000056
0
LINE
5
66D
100
AcDbEntity
8
0
100
AcDbLine
62
7
6
CONTINUOUS
10
261.4625000000
20
106.8000000000
11
254.9625000000
21
106.8000000000
0
LINE
5
66E
100
AcDbEntity
8
0
100
AcDbLine
62
7
6
CONTINUOUS
10
254.9625000000
20
107.3625000000
11
261.4625000000
21
107.3625000000
0
LINE
5
66F
100
AcDbEntity
8
0
100
AcDbLine
62
7
6
CONTINUOUS
10
267.2125000000
20
107.3625000000
11
269.2125000000
21
107.3625000000
0
LINE
5
670
100
AcDbEntity
8
0
100
AcDbLine
62
7
6
CONTINUOUS
10
261.4625000000
20
108.3625000000
11
252.9625000000
21
108.3625000000
0
LINE
5
671
100
AcDbEntity
8
0
100
AcDbLine
62
7
6
CONTINUOUS
10
254.9625000000
20
108.8625000000
11
261.4625000000
21
108.8625000000
0
LINE
5
672
100
AcDbEntity
8
0
100
AcDbLine
62
7
6
CONTINUOUS
10
267.2125000000
20
108.8625000000
11
269.2125000000
21
108.8625000000
0
LINE
5
673
100
AcDbEntity
8
0
100
AcDbLine
62
7
6
CONTINUOUS
10
232.9625000000
20
109.1125000000
11
252.2125000000
21
109.1125000000
0
LINE
5
674
100
AcDbEntity
8
0
100
AcDbLine
62
7
6
CONTINUOUS
10
261.4625000000
20
109.4250000000
11
254.9625000000
21
109.4250000000
0
LINE
5
675
100
AcDbEntity
8
0
100
AcDbLine
62
7
6
CONTINUOUS
10
252.9625000000
20
110.3625000000
11
252.2125000000
21
110.3625000000
0
LINE
5
676
100
AcDbEntity
8
0
100
AcDbLine
62
7
6
CONTINUOUS
10
267.2125000000
20
111.1125000000
11
254.9625000000
21
111.1125000000
0
LINE
5
677
100
AcDbEntity
8
0
100
AcDbLine
62
7
6
CONTINUOUS
10
240.3625000000
20
111.1125000000
11
238.8625000000
21
111.1125000000
0
LINE
5
678
100
AcDbEntity
8
0
100
AcDbLine
62
7
6
CONTINUOUS
10
267.2125000000
20
87.0127386409
11
267.2125000000
21
93.0122613591
0
LINE
5
679
100
AcDbEntity
8
0
100
AcDbLine
62
7
6
CONTINUOUS
10
267.2125000000
20
105.1127386409
11
267.2125000000
21
111.1122613591
0
LINE
5
67A
100
AcDbEntity
8
0
100
AcDbLine
62
7
6
CONTINUOUS
10
254.9625000000
20
113.3625000000
11
252.9625000000
21
113.3625000000
0
LINE
5
67B
100
AcDbEntity
8
0
100
AcDbLine
62
7
6
CONTINUOUS
10
269.2125000000
20
108.8622416600
11
269.2125000000
21
107.3627583400
0
LINE
5
67C
100
AcDbEntity
8
0
100
AcDbLine
62
7
6
CONTINUOUS
10
269.2125000000
20
90.7622416600
11
269.2125000000
21
89.2627583400
0
LINE
5
67D
100
AcDbEntity
8
0
100
AcDbLine
62
7
6
CONTINUOUS
10
271.0375000000
20
101.9625000000
11
271.0375000000
21
100.6625000000
0
LINE
5
67E
100
AcDbEntity
8
0
100
AcDbLine
62
7
6
CONTINUOUS
10
271.0375000000
20
93.9625000000
11
271.0375000000
21
92.6625000000
0
LINE
5
67F
100
AcDbEntity
8
0
100
AcDbLine
62
7
6
CONTINUOUS
10
271.0375000000
20
96.6625000000
11
271.0375000000
21
97.9625000000
0
ARC
5
680
100
AcDbEntity
8
0
100
AcDbCircle
62
7
6
CONTINUOUS
10
131.0000000000
20
102.9125000000
40
6.2000000000
100
AcDbArc
50
0.0000000000
51
90.0000000000
0
ARC
5
681
100
AcDbEntity
8
0
100
AcDbCircle
62
7
6
CONTINUOUS
10
131.0000000000
20
91.7125000000
40
6.2000000000
100
AcDbArc
50
270.0000000000
51
360.0000000000
0
ARC
5
682
100
AcDbEntity
8
0
100
AcDbCircle
62
7
6
CONTINUOUS
10
100.0000000000
20
91.7125000000
40
6.2000000000
100
AcDbArc
50
180.0000000000
51
270.0000000000
0
ARC
5
683
100
AcDbEntity
8
0
100
AcDbCircle
62
7
6
CONTINUOUS
10
100.0000000000
20
102.9125000000
40
6.2000000000
100
AcDbArc
50
90.0000000000
51
180.0000000000
0
ARC
5
684
100
AcDbEntity
8
0
100
AcDbCircle
62
7
6
CONTINUOUS
10
120.7500000000
20
89.2375000000
40
0.6750000000
100
AcDbArc
50
0.0000000000
51
180.0000000000
0
ARC
5
685
100
AcDbEntity
8
0
100
AcDbCircle
62
7
6
CONTINUOUS
10
113.7500000000
20
105.3875000000
40
0.6750000000
100
AcDbArc
50
180.0000000000
51
360.0000000000
0
CIRCLE
5
686
100
AcDbEntity
8
0
100
AcDbCircle
62
7
6
CONTINUOUS
10
127.5000000000
20
97.3125000000
40
0.6500000000
0
CIRCLE
5
687
100
AcDbEntity
8
0
100
AcDbCircle
62
7
6
CONTINUOUS
10
123.5000000000
20
97.3125000000
40
0.6500000000
0
CIRCLE
5
688
100
AcDbEntity
8
0
100
AcDbCircle
62
7
6
CONTINUOUS
10
119.5000000000
20
97.3125000000
40
0.6500000000
0
CIRCLE
5
689
100
AcDbEntity
8
0
100
AcDbCircle
62
7
6
CONTINUOUS
10
115.5000000000
20
97.3125000000
40
0.6500000000
0
CIRCLE
5
68A
100
AcDbEntity
8
0
100
AcDbCircle
62
7
6
CONTINUOUS
10
111.5000000000
20
97.3125000000
40
0.6500000000
0
CIRCLE
5
68B
100
AcDbEntity
8
0
100
AcDbCircle
62
7
6
CONTINUOUS
10
107.5000000000
20
97.3125000000
40
0.6500000000
0
CIRCLE
5
68C
100
AcDbEntity
8
0
100
AcDbCircle
62
7
6
CONTINUOUS
10
103.5000000000
20
97.3125000000
40
0.6500000000
0
CIRCLE
5
68D
100
AcDbEntity
8
0
100
AcDbCircle
62
7
6
CONTINUOUS
10
129.5000000000
20
93.3125000000
40
0.6500000000
0
CIRCLE
5
68E
100
AcDbEntity
8
0
100
AcDbCircle
62
7
6
CONTINUOUS
10
125.5000000000
20
93.3125000000
40
0.6500000000
0
CIRCLE
5
68F
100
AcDbEntity
8
0
100
AcDbCircle
62
7
6
CONTINUOUS
10
121.5000000000
20
93.3125000000
40
0.6500000000
0
CIRCLE
5
690
100
AcDbEntity
8
0
100
AcDbCircle
62
7
6
CONTINUOUS
10
117.5000000000
20
93.3125000000
40
0.6500000000
0
CIRCLE
5
691
100
AcDbEntity
8
0
100
AcDbCircle
62
7
6
CONTINUOUS
10
113.5000000000
20
93.3125000000
40
0.6500000000
0
CIRCLE
5
692
100
AcDbEntity
8
0
100
AcDbCircle
62
7
6
CONTINUOUS
10
109.5000000000
20
93.3125000000
40
0.6500000000
0
CIRCLE
5
693
100
AcDbEntity
8
0
100
AcDbCircle
62
7
6
CONTINUOUS
10
105.5000000000
20
93.3125000000
40
0.6500000000
0
ARC
5
694
100
AcDbEntity
8
0
100
AcDbCircle
62
7
6
CONTINUOUS
10
131.0000000000
20
102.9125000000
40
4.7000000000
100
AcDbArc
50
0.0000000000
51
90.0000000000
0
CIRCLE
5
695
100
AcDbEntity
8
0
100
AcDbCircle
62
7
6
CONTINUOUS
10
101.5000000000
20
93.3125000000
40
0.6500000000
0
CIRCLE
5
696
100
AcDbEntity
8
0
100
AcDbCircle
62
7
6
CONTINUOUS
10
129.5000000000
20
101.3125000000
40
0.6500000000
0
ARC
5
697
100
AcDbEntity
8
0
100
AcDbCircle
62
7
6
CONTINUOUS
10
131.0000000000
20
91.7125000000
40
4.7000000000
100
AcDbArc
50
270.0000000000
51
360.0000000000
0
CIRCLE
5
698
100
AcDbEntity
8
0
100
AcDbCircle
62
7
6
CONTINUOUS
10
125.5000000000
20
101.3125000000
40
0.6500000000
0
CIRCLE
5
699
100
AcDbEntity
8
0
100
AcDbCircle
62
7
6
CONTINUOUS
10
121.5000000000
20
101.3125000000
40
0.6500000000
0
CIRCLE
5
69A
100
AcDbEntity
8
0
100
AcDbCircle
62
7
6
CONTINUOUS
10
117.5000000000
20
101.3125000000
40
0.6500000000
0
CIRCLE
5
69B
100
AcDbEntity
8
0
100
AcDbCircle
62
7
6
CONTINUOUS
10
113.5000000000
20
101.3125000000
40
0.6500000000
0
ARC
5
69C
100
AcDbEntity
8
0
100
AcDbCircle
62
7
6
CONTINUOUS
10
100.0000000000
20
91.7125000000
40
4.7000000000
100
AcDbArc
50
180.0000000000
51
270.0000000000
0
CIRCLE
5
69D
100
AcDbEntity
8
0
100
AcDbCircle
62
7
6
CONTINUOUS
10
109.5000000000
20
101.3125000000
40
0.6500000000
0
CIRCLE
5
69E
100
AcDbEntity
8
0
100
AcDbCircle
62
7
6
CONTINUOUS
10
105.5000000000
20
101.3125000000
40
0.6500000000
0
ARC
5
69F
100
AcDbEntity
8
0
100
AcDbCircle
62
7
6
CONTINUOUS
10
100.0000000000
20
102.9125000000
40
4.7000000000
100
AcDbArc
50
90.0000000000
51
180.0000000000
0
CIRCLE
5
6A0
100
AcDbEntity
8
0
100
AcDbCircle
62
7
6
CONTINUOUS
10
101.5000000000
20
101.3125000000
40
0.6500000000
0
ARC
5
6A1
100
AcDbEntity
8
0
100
AcDbCircle
62
7
6
CONTINUOUS
10
140.9000000000
20
108.3625000000
40
5.0000000000
100
AcDbArc
50
0.0000000000
51
90.0000000000
0
ARC
5
6A2
100
AcDbEntity
8
0
100
AcDbCircle
62
7
6
CONTINUOUS
10
140.9000000000
20
86.2625000000
40
5.0000000000
100
AcDbArc
50
270.0000000000
51
360.0000000000
0
ARC
5
6A3
100
AcDbEntity
8
0
100
AcDbCircle
62
7
6
CONTINUOUS
10
90.1000000000
20
86.2625000000
40
5.0000000000
100
AcDbArc
50
180.0000000000
51
270.0000000000
0
ARC
5
6A4
100
AcDbEntity
8
0
100
AcDbCircle
62
7
6
CONTINUOUS
10
90.1000000000
20
108.3625000000
40
5.0000000000
100
AcDbArc
50
90.0000000000
51
180.0000000000
0
CIRCLE
5
6A5
100
AcDbEntity
8
0
100
AcDbCircle
62
7
6
CONTINUOUS
10
140.7000000000
20
90.0125000000
40
1.0850000000
0
CIRCLE
5
6A6
100
AcDbEntity
8
0
100
AcDbCircle
62
7
6
CONTINUOUS
10
139.2000000000
20
108.1125000000
40
1.0850000000
0
CIRCLE
5
6A7
100
AcDbEntity
8
0
100
AcDbCircle
62
7
6
CONTINUOUS
10
90.3000000000
20
90.0125000000
40
1.0850000000
0
CIRCLE
5
6A8
100
AcDbEntity
8
0
100
AcDbCircle
62
7
6
CONTINUOUS
10
91.8000000000
20
108.1125000000
40
1.0850000000
0
ARC
5
6A9
100
AcDbEntity
8
0
100
AcDbCircle
62
7
6
CONTINUOUS
10
138.1169671129
20
104.0028114759
40
1.0000000000
100
AcDbArc
50
75.2364128052
51
188.7099304044
0
ARC
5
6AA
100
AcDbEntity
8
0
100
AcDbCircle
62
7
6
CONTINUOUS
10
139.2000000000
20
108.1125000000
40
3.2500000000
100
AcDbArc
50
255.2364128052
51
43.8130614604
0
ARC
5
6AB
100
AcDbEntity
8
0
100
AcDbCircle
62
7
6
CONTINUOUS
10
139.2000000000
20
108.1125000000
40
3.2500000000
100
AcDbArc
50
136.1869385396
51
151.9275130641
0
ARC
5
6AC
100
AcDbEntity
8
0
100
AcDbCircle
62
7
6
CONTINUOUS
10
135.4500000000
20
110.1125000000
40
1.0000000000
100
AcDbArc
50
270.0000000000
51
331.9275130641
0
ARC
5
6AD
100
AcDbEntity
8
0
100
AcDbCircle
62
7
6
CONTINUOUS
10
140.7000000000
20
90.0125000000
40
3.2500000000
100
AcDbArc
50
270.0000000000
51
312.6036668064
0
ARC
5
6AE
100
AcDbEntity
8
0
100
AcDbCircle
62
7
6
CONTINUOUS
10
140.7000000000
20
90.0125000000
40
3.2500000000
100
AcDbArc
50
47.3963331936
51
90.0000000000
0
ARC
5
6AF
100
AcDbEntity
8
0
100
AcDbCircle
62
7
6
CONTINUOUS
10
138.2000000000
20
94.2625000000
40
1.0000000000
100
AcDbArc
50
180.0000000000
51
270.0000000000
0
ARC
5
6B0
100
AcDbEntity
8
0
100
AcDbCircle
62
7
6
CONTINUOUS
10
92.8000000000
20
94.2625000000
40
1.0000000000
100
AcDbArc
50
270.0000000000
51
360.0000000000
0
ARC
5
6B1
100
AcDbEntity
8
0
100
AcDbCircle
62
7
6
CONTINUOUS
10
90.3000000000
20
90.0125000000
40
3.2500000000
100
AcDbArc
50
90.0000000000
51
132.6036668064
0
ARC
5
6B2
100
AcDbEntity
8
0
100
AcDbCircle
62
7
6
CONTINUOUS
10
90.3000000000
20
90.0125000000
40
3.2500000000
100
AcDbArc
50
227.3963331936
51
270.0000000000
0
ARC
5
6B3
100
AcDbEntity
8
0
100
AcDbCircle
62
7
6
CONTINUOUS
10
95.5500000000
20
110.1125000000
40
1.0000000000
100
AcDbArc
50
208.0724869359
51
270.0000000000
0
ARC
5
6B4
100
AcDbEntity
8
0
100
AcDbCircle
62
7
6
CONTINUOUS
10
91.8000000000
20
108.1125000000
40
3.2500000000
100
AcDbArc
50
28.0724869359
51
43.8130614604
0
ARC
5
6B5
100
AcDbEntity
8
0
100
AcDbCircle
62
7
6
CONTINUOUS
10
91.8000000000
20
108.1125000000
40
3.2500000000
100
AcDbArc
50
136.1869385396
51
284.7635871948
0
ARC
5
6B6
100
AcDbEntity
8
0
100
AcDbCircle
62
7
6
CONTINUOUS
10
92.8830328871
20
104.0028114759
40
1.0000000000
100
AcDbArc
50
351.2900695956
51
104.7635871948
0
CIRCLE
5
6B7
100
AcDbEntity
8
0
100
AcDbCircle
62
7
6
CONTINUOUS
10
99.0000000000
20
104.3125000000
40
1.7500000000
0
CIRCLE
5
6B8
100
AcDbEntity
8
0
100
AcDbCircle
62
7
6
CONTINUOUS
10
99.0000000000
20
97.3125000000
40
1.7500000000
0
CIRCLE
5
6B9
100
AcDbEntity
8
0
100
AcDbCircle
62
7
6
CONTINUOUS
10
99.0000000000
20
90.3125000000
40
1.7500000000
0
ARC
5
6BA
100
AcDbEntity
8
0
100
AcDbCircle
62
7
6
CONTINUOUS
10
131.0000000000
20
102.9125000000
40
5.2359418258
100
AcDbArc
50
0.0000000000
51
90.0000000000
0
ARC
5
6BB
100
AcDbEntity
8
0
100
AcDbCircle
62
7
6
CONTINUOUS
10
100.0000000000
20
102.9125000000
40
5.2359418258
100
AcDbArc
50
90.0000000000
51
180.0000000000
0
ARC
5
6BC
100
AcDbEntity
8
0
100
AcDbCircle
62
7
6
CONTINUOUS
10
100.0000000000
20
91.7125000000
40
5.2359418258
100
AcDbArc
50
180.0000000000
51
270.0000000000
0
ARC
5
6BD
100
AcDbEntity
8
0
100
AcDbCircle
62
7
6
CONTINUOUS
10
131.0000000000
20
91.7125000000
40
5.2359418258
100
AcDbArc
50
270.0000000000
51
360.0000000000
0
ARC
5
6BE
100
AcDbEntity
8
0
100
AcDbCircle
62
7
6
CONTINUOUS
10
119.2028169750
20
190.7898613250
40
0.1227311250
100
AcDbArc
50
270.0000000000
51
90.0000000000
0
SPLINE
5
6BF
100
AcDbEntity
8
0
100
AcDbSpline
62
7
6
CONTINUOUS
70
0
71
3
72
13
73
9
74
7
42
0.0000001000
43
0.0000001000
44
0.0000000001
12
4.8023020326
22
0.0000000000
32
0.0000000000
13
1.4246248232
23
4.6124618260
33
0.0000000000
40
0.0000000000
40
0.0000000000
40
0.0000000000
40
0.0000000000
40
0.2249504099
40
0.4307440742
40
0.6154762533
40
0.7803389659
40
0.9305712731
40
1.0000000000
40
1.0000000000
40
1.0000000000
40
1.0000000000
10
306.5799546489
20
197.6609452574
30
0.0000000000
10
306.9400479192
20
197.6609452574
30
0.0000000000
10
307.6308383590
20
197.7045890852
30
0.0000000000
10
308.5976267856
20
197.9160989504
30
0.0000000000
10
309.4220169277
20
198.2655944195
30
0.0000000000
10
310.0734969073
20
198.7458224061
30
0.0000000000
10
310.4473771468
20
199.2484274161
30
0.0000000000
10
310.5789748956
20
199.5777116627
30
0.0000000000
10
310.6119448582
20
199.6844574468
30
0.0000000000
11
306.5799546489
21
197.6609452574
31
0.0000000000
11
307.6576932991
21
197.7349984267
31
0.0000000000
11
308.6213350645
21
197.9543121126
31
0.0000000000
11
309.4338477325
21
198.3104582133
31
0.0000000000
11
310.0640068970
21
198.7897502339
31
0.0000000000
11
310.4875958947
21
199.3737692507
31
0.0000000000
11
310.6119448582
21
199.6844574468
31
0.0000000000
0
SPLINE
5
6C0
100
AcDbEntity
8
0
100
AcDbSpline
62
7
6
CONTINUOUS
70
0
71
3
72
15
73
11
74
9
42
0.0000001000
43
0.0000001000
44
0.0000000001
12
3.9165940238
22
-7.9811840602
32
0.0000000000
13
8.8903885039
23
0.0000000000
33
0.0000000000
40
0.0000000000
40
0.0000000000
40
0.0000000000
40
0.0000000000
40
0.1002572900
40
0.2118780890
40
0.3337760785
40
0.4637218742
40
0.5987441399
40
0.7354542256
40
0.8703319205
40
1.0000000000
40
1.0000000000
40
1.0000000000
40
1.0000000000
10
270.4252239486
20
201.5149265173
30
0.0000000000
10
270.5561129829
20
201.2482025556
30
0.0000000000
10
270.9024877256
20
200.7178914346
30
0.0000000000
10
271.5888992298
20
200.0001102416
30
0.0000000000
10
272.4447141845
20
199.3401555734
30
0.0000000000
10
273.4381946866
20
198.7622978680
30
0.0000000000
10
274.5325983312
20
198.2875541775
30
0.0000000000
10
275.6870999651
20
197.9337017421
30
0.0000000000
10
276.8581822475
20
197.7139824563
30
0.0000000000
10
277.6427943819
20
197.6609452574
30
0.0000000000
10
278.0270609165
20
197.6609452574
30
0.0000000000
11
270.4252239486
21
201.5149265173
31
0.0000000000
11
270.9039172934
21
200.7630520723
31
0.0000000000
11
271.5836690601
21
200.0400717405
31
0.0000000000
11
272.4383567695
21
199.3737692507
31
0.0000000000
11
273.4351352523
21
198.7897502339
31
0.0000000000
11
274.5356988703
21
198.3104582133
31
0.0000000000
11
275.6977535810
21
197.9543121126
31
0.0000000000
11
276.8766422735
21
197.7349984267
31
0.0000000000
11
278.0270609165
21
197.6609452574
31
0.0000000000
0
SPLINE
5
6C1
100
AcDbEntity
8
0
100
AcDbSpline
62
7
6
CONTINUOUS
70
0
71
3
72
9
73
5
74
3
42
0.0000001000
43
0.0000001000
44
0.0000000001
12
0.4490580154
22
-0.9150844193
32
0.0000000000
13
0.0231733044
23
-1.0230079052
33
0.0000000000
40
0.0000000000
40
0.0000000000
40
0.0000000000
40
0.0000000000
40
0.6448374493
40
1.0000000000
40
1.0000000000
40
1.0000000000
40
1.0000000000
10
309.5112786913
20
201.5149265173
30
0.0000000000
10
309.6078018331
20
201.3182329497
30
0.0000000000
10
309.7254730058
20
200.9949897271
30
0.0000000000
10
309.7655890706
20
200.6543969378
30
0.0000000000
10
309.7683325006
20
200.5332855722
30
0.0000000000
11
309.5112786913
21
201.5149265173
31
0.0000000000
11
309.7273107876
21
200.8941400635
31
0.0000000000
11
309.7683325006
21
200.5332855722
31
0.0000000000
0
SPLINE
5
6C2
100
AcDbEntity
8
0
100
AcDbSpline
62
7
6
CONTINUOUS
70
0
71
3
72
15
73
11
74
9
42
0.0000001000
43
0.0000001000
44
0.0000000001
12
7.5079533114
22
0.0000002373
32
0.0000000000
13
3.3075721350
23
-6.7401282998
33
0.0000000000
40
0.0000000000
40
0.0000000000
40
0.0000000000
40
0.0000000000
40
0.1266746787
40
0.2610779771
40
0.3992014526
40
0.5364332502
40
0.6684069740
40
0.7913045313
40
0.9022304652
40
1.0000000000
40
1.0000000000
40
1.0000000000
40
1.0000000000
10
299.6750628879
20
211.7316433502
30
0.0000000000
10
299.9920854123
20
211.7316433603
30
0.0000000000
10
300.6459744478
20
211.6883660612
30
0.0000000000
10
301.6304179856
20
211.5065659867
30
0.0000000000
10
302.6136554946
20
211.2075846547
30
0.0000000000
10
303.5512915278
20
210.8017889121
30
0.0000000000
10
304.4012017633
20
210.3062502657
30
0.0000000000
10
305.1269827355
20
209.7431436482
30
0.0000000000
10
305.7002548789
20
209.1383807029
30
0.0000000000
10
305.9870189639
20
208.6966169165
30
0.0000000000
10
306.0948122269
20
208.4769571803
30
0.0000000000
11
299.6750628879
21
211.7316433502
31
0.0000000000
11
300.6242486824
21
211.6718448869
31
0.0000000000
11
301.6168374150
21
211.4900821804
31
0.0000000000
11
302.6090301024
21
211.1884637067
31
0.0000000000
11
303.5539969127
21
210.7778331055
31
0.0000000000
11
304.4083378576
21
210.2759463272
31
0.0000000000
11
305.1342469103
21
209.7063428053
31
0.0000000000
11
305.7020835751
21
209.0971122347
31
0.0000000000
11
306.0948122269
21
208.4769571803
31
0.0000000000
0
SPLINE
5
6C3
100
AcDbEntity
8
0
100
AcDbSpline
62
7
6
CONTINUOUS
70
0
71
3
72
14
73
10
74
8
42
0.0000001000
43
0.0000001000
44
0.0000000001
12
0.9332261153
22
0.0000000000
32
0.0000000000
13
0.4123063546
23
-0.8394905102
33
0.0000000000
40
0.0000000000
40
0.0000000000
40
0.0000000000
40
0.0000000000
40
0.2007125141
40
0.3864835715
40
0.5558149227
40
0.7072961278
40
0.8408174398
40
0.9596781819
40
1.0000000000
40
1.0000000000
40
1.0000000000
40
1.0000000000
10
291.4924586290
20
221.9658597803
30
0.0000000000
10
291.5548953490
20
221.9658597803
30
0.0000000000
10
291.6751530903
20
221.9634123896
30
0.0000000000
10
291.8476467272
20
221.9500289111
30
0.0000000000
10
292.0035986731
20
221.9258330149
30
0.0000000000
10
292.1402659199
20
221.8882682225
30
0.0000000000
10
292.2551221246
20
221.8352348167
30
0.0000000000
10
292.3247533708
20
221.7729833889
30
0.0000000000
10
292.3503042060
20
221.7302233161
30
0.0000000000
10
292.3558458532
20
221.7189400549
30
0.0000000000
11
291.4924586290
21
221.9658597803
31
0.0000000000
11
291.6797172943
21
221.9614679423
31
0.0000000000
11
291.8525063723
21
221.9473313252
31
0.0000000000
11
292.0084644227
21
221.9218595787
31
0.0000000000
11
292.1443468361
21
221.8828675677
31
0.0000000000
11
292.2560065132
21
221.8275623608
31
0.0000000000
11
292.3365695638
21
221.7513146248
31
0.0000000000
11
292.3558458532
21
221.7189400549
31
0.0000000000
0
SPLINE
5
6C4
100
AcDbEntity
8
0
100
AcDbSpline
62
7
6
CONTINUOUS
70
0
71
3
72
12
73
8
74
6
42
0.0000001000
43
0.0000001000
44
0.0000000001
12
0.2358871411
22
0.0000000000
32
0.0000000000
13
-0.1066668757
23
0.2126285853
33
0.0000000000
40
0.0000000000
40
0.0000000000
40
0.0000000000
40
0.0000000000
40
0.2622335176
40
0.5292910881
40
0.7695006339
40
0.9732852694
40
1.0000000000
40
1.0000000000
40
1.0000000000
40
1.0000000000
10
291.3211073420
20
221.4113662972
30
0.0000000000
10
291.3417265136
20
221.4113662972
30
0.0000000000
10
291.3835894723
20
221.4209099514
30
0.0000000000
10
291.4349812705
20
221.4550612884
30
0.0000000000
10
291.4677297685
20
221.5027151185
30
0.0000000000
10
291.4693136178
20
221.5427681833
30
0.0000000000
10
291.4619773222
20
221.5594888863
30
0.0000000000
10
291.4610274633
20
221.5613823248
30
0.0000000000
11
291.3211073420
21
221.4113662972
31
0.0000000000
11
291.3816090312
21
221.4242464269
31
0.0000000000
11
291.4338598564
21
221.4594355954
31
0.0000000000
11
291.4638592512
21
221.5075048936
31
0.0000000000
11
291.4635689021
21
221.5555741918
31
0.0000000000
11
291.4610274633
21
221.5613823248
31
0.0000000000
0
SPLINE
5
6C5
100
AcDbEntity
8
0
100
AcDbSpline
62
7
6
CONTINUOUS
70
0
71
3
72
9
73
5
74
3
42
0.0000001000
43
0.0000001000
44
0.0000000001
12
-0.0631657058
22
-0.1952850677
32
0.0000000000
13
0.0891909434
23
-0.1817521376
33
0.0000000000
40
0.0000000000
40
0.0000000000
40
0.0000000000
40
0.0000000000
40
0.1918099180
40
1.0000000000
40
1.0000000000
40
1.0000000000
40
1.0000000000
10
297.7789861056
20
208.0084832296
30
0.0000000000
10
297.7749475027
20
207.9959973586
30
0.0000000000
10
297.7595412375
20
207.9293448003
30
0.0000000000
10
297.7777154488
20
207.8586748700
30
0.0000000000
10
297.8017431941
20
207.8097114450
30
0.0000000000
11
297.7789861056
21
208.0084832296
31
0.0000000000
11
297.7702728146
21
207.9702803118
31
0.0000000000
11
297.8017431941
21
207.8097114450
31
0.0000000000
0
SPLINE
5
6C6
100
AcDbEntity
8
0
100
AcDbSpline
62
7
6
CONTINUOUS
70
0
71
3
72
15
73
11
74
9
42
0.0000001000
43
0.0000001000
44
0.0000000001
12
0.5636537223
22
1.5699539784
32
0.0000000000
13
0.7229528666
23
-1.4732238930
33
0.0000000000
40
0.0000000000
40
0.0000000000
40
0.0000000000
40
0.0000000000
40
0.0466047336
40
0.1493754644
40
0.2748168010
40
0.4210101979
40
0.5786019440
40
0.7351371298
40
0.8784274783
40
1.0000000000
40
1.0000000000
40
1.0000000000
40
1.0000000000
10
315.3010796035
20
240.3363861867
30
0.0000000000
10
315.3098359141
20
240.3607752824
30
0.0000000000
10
315.3492563255
20
240.4349274193
30
0.0000000000
10
315.4773211499
20
240.5251702974
30
0.0000000000
10
315.6786997139
20
240.5749158318
30
0.0000000000
10
315.9155792868
20
240.5718994289
30
0.0000000000
10
316.1628912987
20
240.5168133078
30
0.0000000000
10
316.3937126688
20
240.4157355039
30
0.0000000000
10
316.5823142690
20
240.2803029584
30
0.0000000000
10
316.6751094557
20
240.1646312515
30
0.0000000000
10
316.7044065234
20
240.1049300702
30
0.0000000000
11
315.3010796035
21
240.3363861867
31
0.0000000000
11
315.3373726669
21
240.4046024172
31
0.0000000000
11
315.4700824365
21
240.5086775311
31
0.0000000000
11
315.6683497372
21
240.5640547426
31
0.0000000000
11
315.9082606065
21
240.5640547426
31
0.0000000000
11
316.1608782526
21
240.5086775311
31
0.0000000000
11
316.3957332594
21
240.4046024172
31
0.0000000000
11
316.5844986468
21
240.2643823956
31
0.0000000000
11
316.7044065234
21
240.1049300702
31
0.0000000000
0
SPLINE
5
6C7
100
AcDbEntity
8
0
100
AcDbSpline
62
7
6
CONTINUOUS
70
0
71
3
72
12
73
8
74
6
42
0.0000001000
43
0.0000001000
44
0.0000000001
12
2.0387340744
22
2.8484698824
32
0.0000000000
13
3.4871767137
23
-0.0000001245
33
0.0000000000
40
0.0000000000
40
0.0000000000
40
0.0000000000
40
0.0000000000
40
0.0927063687
40
0.2877218385
40
0.5052482452
40
0.7443127593
40
1.0000000000
40
1.0000000000
40
1.0000000000
40
1.0000000000
10
267.9708241288
20
210.5312428411
30
0.0000000000
10
268.0338253397
20
210.6192666074
30
0.0000000000
10
268.2525649839
20
210.8761537744
30
0.0000000000
10
268.7319629057
20
211.2273433326
30
0.0000000000
10
269.4357590374
20
211.5217205694
30
0.0000000000
10
270.2488845183
20
211.6959869415
30
0.0000000000
10
270.8249602915
20
211.7316433609
30
0.0000000000
10
271.1221691554
20
211.7316433502
30
0.0000000000
11
267.9708241288
21
210.5312428411
31
0.0000000000
11
268.1804181150
21
210.7789020718
31
0.0000000000
11
268.7227039630
21
211.1892661696
31
0.0000000000
11
269.4188682525
21
211.4905267980
31
0.0000000000
11
270.2325407985
21
211.6719829316
31
0.0000000000
11
271.1221691554
21
211.7316433502
31
0.0000000000
0
SPLINE
5
6C8
100
AcDbEntity
8
0
100
AcDbSpline
62
7
6
CONTINUOUS
70
0
71
3
72
13
73
9
74
7
42
0.0000001000
43
0.0000001000
44
0.0000000001
12
3.8728242199
22
0.0000000000
32
0.0000000000
13
1.1488909864
23
3.7197272790
33
0.0000000000
40
0.0000000000
40
0.0000000000
40
0.0000000000
40
0.0000000000
40
0.2249504099
40
0.4307440742
40
0.6154762533
40
0.7803389659
40
0.9305712731
40
1.0000000000
40
1.0000000000
40
1.0000000000
40
1.0000000000
10
321.8362085766
20
210.6856420293
30
0.0000000000
10
322.1266063752
20
210.6856420293
30
0.0000000000
10
322.6836954395
20
210.7208386646
30
0.0000000000
10
323.4633635255
20
210.8914111365
30
0.0000000000
10
324.1281942853
20
211.1732623213
30
0.0000000000
10
324.6535813656
20
211.5605429556
30
0.0000000000
10
324.9550976878
20
211.9658695767
30
0.0000000000
10
325.0612249045
20
212.2314213884
30
0.0000000000
10
325.0878135840
20
212.3175066981
30
0.0000000000
11
321.8362085766
21
210.6856420293
31
0.0000000000
11
322.7053526493
21
210.7453623271
31
0.0000000000
11
323.4824831053
21
210.9222282028
31
0.0000000000
11
324.1377352569
21
211.2094428002
31
0.0000000000
11
324.6459281315
21
211.5959686232
31
0.0000000000
11
324.9875321619
21
212.0669517013
31
0.0000000000
11
325.0878135840
21
212.3175066981
31
0.0000000000
0
SPLINE
5
6C9
100
AcDbEntity
8
0
100
AcDbSpline
62
7
6
CONTINUOUS
70
0
71
3
72
15
73
11
74
9
42
0.0000001000
43
0.0000001000
44
0.0000000001
12
6.8138470218
22
0.0000000000
32
0.0000000000
13
3.6715975967
23
-5.7400245926
33
0.0000000000
40
0.0000000000
40
0.0000000000
40
0.0000000000
40
0.0000000000
40
0.1276476598
40
0.2602568507
40
0.3949592436
40
0.5287046528
40
0.6585188638
40
0.7817056145
40
0.8960802830
40
1.0000000000
40
1.0000000000
40
1.0000000000
40
1.0000000000
10
312.5285038711
20
232.2059730738
30
0.0000000000
10
312.8184277466
20
232.2059730738
30
0.0000000000
10
313.4099806853
20
232.1685297137
30
0.0000000000
10
314.2950233550
20
232.0125594608
30
0.0000000000
10
315.1721294032
20
231.7605074644
30
0.0000000000
10
316.0122615519
20
231.4206899426
30
0.0000000000
10
316.7878056663
20
231.0043395198
30
0.0000000000
10
317.4734579285
20
230.5249249621
30
0.0000000000
10
318.0463391596
20
229.9985154901
30
0.0000000000
10
318.3562285531
20
229.6075625213
30
0.0000000000
10
318.4834123474
20
229.4087286110
30
0.0000000000
11
312.5285038711
21
232.2059730738
31
0.0000000000
11
313.3966928548
21
232.1535271898
31
0.0000000000
11
314.2867896431
21
231.9980207657
31
0.0000000000
11
315.1689846648
21
231.7447127310
31
0.0000000000
11
316.0134828788
21
231.4021805567
31
0.0000000000
11
316.7918405043
21
230.9819899876
31
0.0000000000
11
317.4778495847
21
230.4983133768
31
0.0000000000
11
318.0484152439
21
229.9674533133
31
0.0000000000
11
318.4834123474
21
229.4087286110
31
0.0000000000
0
SPLINE
5
6CA
100
AcDbEntity
8
0
100
AcDbSpline
62
7
6
CONTINUOUS
70
0
71
3
72
10
73
6
74
4
42
0.0000001000
43
0.0000001000
44
0.0000000001
12
0.6684072883
22
-1.3620716272
32
0.0000000000
13
-0.4500952153
23
-1.4572587567
33
0.0000000000
40
0.0000000000
40
0.0000000000
40
0.0000000000
40
0.0000000000
40
0.4227290574
40
0.8073390794
40
1.0000000000
40
1.0000000000
40
1.0000000000
40
1.0000000000
10
325.4004379891
20
215.3603453089
30
0.0000000000
10
325.4946230501
20
215.1684162239
30
0.0000000000
10
325.6353625841
20
214.7793916441
30
0.0000000000
10
325.6628306012
20
214.2657770590
30
0.0000000000
10
325.6008510517
20
213.9777461792
30
0.0000000000
10
325.5719457989
20
213.8841605746
30
0.0000000000
11
325.4004379891
21
215.3603453089
31
0.0000000000
11
325.6095017037
21
214.7539949500
31
0.0000000000
11
325.6335519116
21
214.1709462953
31
0.0000000000
11
325.5719457989
21
213.8841605746
31
0.0000000000
0
SPLINE
5
6CB
100
AcDbEntity
8
0
100
AcDbSpline
62
7
6
CONTINUOUS
70
0
71
3
72
11
73
7
74
5
42
0.0000001000
43
0.0000001000
44
0.0000000001
12
-0.9255553881
22
1.8860846606
32
0.0000000000
13
-1.8958734969
23
0.9093220709
33
0.0000000000
40
0.0000000000
40
0.0000000000
40
0.0000000000
40
0.0000000000
40
0.2557668078
40
0.5462636324
40
0.8657168986
40
1.0000000000
40
1.0000000000
40
1.0000000000
40
1.0000000000
10
318.2926617568
20
238.5382761938
30
0.0000000000
10
318.2137529745
20
238.6990754781
30
0.0000000000
10
317.9925792050
20
239.0171302336
30
0.0000000000
10
317.5460895363
20
239.4319018577
30
0.0000000000
10
317.1076677010
20
239.7178787307
30
0.0000000000
10
316.8248923582
20
239.8636946030
30
0.0000000000
10
316.7400311006
20
239.9043967990
30
0.0000000000
11
318.2926617568
21
238.5382761938
31
0.0000000000
11
317.9933649387
21
238.9845591383
31
0.0000000000
11
317.5508759962
21
239.4049057403
31
0.0000000000
11
316.9909107783
21
239.7748869831
31
0.0000000000
11
316.7400311006
21
239.9043967990
31
0.0000000000
0
SPLINE
5
6CC
100
AcDbEntity
8
0
100
AcDbSpline
62
7
6
CONTINUOUS
70
0
71
3
72
10
73
6
74
4
42
0.0000001000
43
0.0000001000
44
0.0000000001
12
-1.3632936579
22
0.6538796045
32
0.0000000000
13
-1.4945389961
23
0.2292946210
33
0.0000000000
40
0.0000000000
40
0.0000000000
40
0.0000000000
40
0.0000000000
40
0.2835315796
40
0.7622235390
40
1.0000000000
40
1.0000000000
40
1.0000000000
40
1.0000000000
10
316.7400311006
20
239.9043967990
30
0.0000000000
10
316.6111854991
20
239.9661953047
30
0.0000000000
10
316.2575316879
20
240.1171339946
30
0.0000000000
10
315.7739369976
20
240.2631365024
30
0.0000000000
10
315.4190079713
20
240.3310294315
30
0.0000000000
10
315.3005525736
20
240.3492030526
30
0.0000000000
11
316.7400311006
21
239.9043967990
31
0.0000000000
11
316.3460124280
21
240.0730009017
31
0.0000000000
11
315.6536600933
21
240.2819221988
31
0.0000000000
11
315.3005525736
21
240.3492030526
31
0.0000000000
0
SPLINE
5
6CD
100
AcDbEntity
8
0
100
AcDbSpline
62
7
6
CONTINUOUS
70
0
71
3
72
13
73
9
74
7
42
0.0000001000
43
0.0000001000
44
0.0000000001
12
-2.9771608796
22
0.4567608991
32
0.0000000000
13
-0.8960740211
23
-2.8885143732
33
0.0000000000
40
0.0000000000
40
0.0000000000
40
0.0000000000
40
0.0000000000
40
0.1158249275
40
0.3371696667
40
0.5377507584
40
0.7139288116
40
0.8672831071
40
1.0000000000
40
1.0000000000
40
1.0000000000
40
1.0000000000
10
315.3005525736
20
240.3492030526
30
0.0000000000
10
315.1856094259
20
240.3668378186
30
0.0000000000
10
314.8491864599
20
240.4062274594
30
0.0000000000
10
314.3074663315
20
240.4097036225
30
0.0000000000
10
313.7122178378
20
240.3088608590
30
0.0000000000
10
313.2146798275
20
240.1061767508
30
0.0000000000
10
312.8466951867
20
239.8094516681
30
0.0000000000
10
312.7028240292
20
239.5516380753
30
0.0000000000
10
312.6631826425
20
239.4238531911
30
0.0000000000
11
315.3005525736
21
240.3492030526
31
0.0000000000
11
314.9540907754
21
240.3895091280
31
0.0000000000
11
314.2879609001
21
240.3895091280
31
0.0000000000
11
313.6939835146
21
240.2819221988
31
0.0000000000
11
313.2066784254
21
240.0730009017
31
0.0000000000
11
312.8543660331
21
239.7748869831
31
0.0000000000
11
312.6631826425
21
239.4238531911
31
0.0000000000
0
SPLINE
5
6CE
100
AcDbEntity
8
0
100
AcDbSpline
62
7
6
CONTINUOUS
70
0
71
3
72
18
73
14
74
12
42
0.0000001000
43
0.0000001000
44
0.0000000001
12
-2.9169066269
22
5.9440341619
32
0.0000000000
13
-1.9714641721
23
-6.3550582470
33
0.0000000000
40
0.0000000000
40
0.0000000000
40
0.0000000000
40
0.0000000000
40
0.0811566421
40
0.1733333675
40
0.2746981795
40
0.3820007799
40
0.4912242770
40
0.5981228958
40
0.6987289698
40
0.7898975074
40
0.8699743248
40
0.9396772401
40
1.0000000000
40
1.0000000000
40
1.0000000000
40
1.0000000000
10
325.1955072289
20
227.2871373545
30
0.0000000000
10
325.1165984465
20
227.4479366388
30
0.0000000000
10
324.8954246770
20
227.7659913943
30
0.0000000000
10
324.4489350083
20
228.1807630184
30
0.0000000000
10
323.8904071915
20
228.5450834644
30
0.0000000000
10
323.2506844537
20
228.8387303991
30
0.0000000000
10
322.5652044592
20
229.0456842805
30
0.0000000000
10
321.8722771315
20
229.1543170188
30
0.0000000000
10
321.2103118035
20
229.1585647832
30
0.0000000000
10
320.6150633098
20
229.0577220197
30
0.0000000000
10
320.1175252995
20
228.8550379116
30
0.0000000000
10
319.7495406587
20
228.5583128288
30
0.0000000000
10
319.6056695012
20
228.3004992361
30
0.0000000000
10
319.5660281145
20
228.1727143518
30
0.0000000000
11
325.1955072289
21
227.2871373545
31
0.0000000000
11
324.8962104108
21
227.7334202990
31
0.0000000000
11
324.4537214683
21
228.1537669010
31
0.0000000000
11
323.8937562503
21
228.5237481438
31
0.0000000000
11
323.2488579000
21
228.8218620624
31
0.0000000000
11
322.5565055654
21
229.0307833595
31
0.0000000000
11
321.8569362474
21
229.1383702887
31
0.0000000000
11
321.1908063722
21
229.1383702887
31
0.0000000000
11
320.5968289866
21
229.0307833595
31
0.0000000000
11
320.1095238975
21
228.8218620624
31
0.0000000000
11
319.7572115051
21
228.5237481438
31
0.0000000000
11
319.5660281145
21
228.1727143518
31
0.0000000000
0
SPLINE
5
6CF
100
AcDbEntity
8
0
100
AcDbSpline
62
7
6
CONTINUOUS
70
0
71
3
72
18
73
14
74
12
42
0.0000001000
43
0.0000001000
44
0.0000000001
12
-2.9169066269
22
5.9440341619
32
0.0000000000
13
-1.9714641721
23
-6.3550582470
33
0.0000000000
40
0.0000000000
40
0.0000000000
40
0.0000000000
40
0.0000000000
40
0.0811566421
40
0.1733333675
40
0.2746981795
40
0.3820007799
40
0.4912242770
40
0.5981228958
40
0.6987289698
40
0.7898975074
40
0.8699743248
40
0.9396772401
40
1.0000000000
40
1.0000000000
40
1.0000000000
40
1.0000000000
10
274.6343661788
20
238.5382761938
30
0.0000000000
10
274.5554573965
20
238.6990754781
30
0.0000000000
10
274.3342836269
20
239.0171302336
30
0.0000000000
10
273.8877939583
20
239.4319018577
30
0.0000000000
10
273.3292661415
20
239.7962223037
30
0.0000000000
10
272.6895434037
20
240.0898692383
30
0.0000000000
10
272.0040634092
20
240.2968231198
30
0.0000000000
10
271.3111360815
20
240.4054558581
30
0.0000000000
10
270.6491707535
20
240.4097036225
30
0.0000000000
10
270.0539222598
20
240.3088608590
30
0.0000000000
10
269.5563842495
20
240.1061767508
30
0.0000000000
10
269.1883996086
20
239.8094516681
30
0.0000000000
10
269.0445284512
20
239.5516380753
30
0.0000000000
10
269.0048870645
20
239.4238531911
30
0.0000000000
11
274.6343661788
21
238.5382761938
31
0.0000000000
11
274.3350693607
21
238.9845591383
31
0.0000000000
11
273.8925804182
21
239.4049057403
31
0.0000000000
11
273.3326152003
21
239.7748869831
31
0.0000000000
11
272.6877168500
21
240.0730009017
31
0.0000000000
11
271.9953645153
21
240.2819221988
31
0.0000000000
11
271.2957951974
21
240.3895091280
31
0.0000000000
11
270.6296653221
21
240.3895091280
31
0.0000000000
11
270.0356879366
21
240.2819221988
31
0.0000000000
11
269.5483828474
21
240.0730009017
31
0.0000000000
11
269.1960704551
21
239.7748869831
31
0.0000000000
11
269.0048870645
21
239.4238531911
31
0.0000000000
0
SPLINE
5
6D0
100
AcDbEntity
8
0
100
AcDbSpline
62
7
6
CONTINUOUS
70
0
71
3
72
10
73
6
74
4
42
0.0000001000
43
0.0000001000
44
0.0000000001
12
0.1924487046
22
-0.3008663853
32
0.0000000000
13
0.1573403498
23
-0.3206261063
33
0.0000000000
40
0.0000000000
40
0.0000000000
40
0.0000000000
40
0.0000000000
40
0.3398662630
40
0.6731663705
40
1.0000000000
40
1.0000000000
40
1.0000000000
40
1.0000000000
10
320.0568420457
20
234.5003537095
30
0.0000000000
10
320.0786443197
20
234.4662689314
30
0.0000000000
10
320.1206469895
20
234.3979925249
30
0.0000000000
10
320.1792602167
20
234.2943416822
30
0.0000000000
10
320.2153058806
20
234.2244792338
30
0.0000000000
10
320.2324472531
20
234.1895487691
30
0.0000000000
11
320.0568420457
21
234.5003537095
31
0.0000000000
11
320.1204076565
21
234.3969447431
31
0.0000000000
11
320.1789644840
21
234.2933045861
31
0.0000000000
11
320.2324472531
21
234.1895487691
31
0.0000000000
0
SPLINE
5
6D1
100
AcDbEntity
8
0
100
AcDbSpline
62
7
6
CONTINUOUS
70
0
71
3
72
10
73
6
74
4
42
0.0000001000
43
0.0000001000
44
0.0000000001
12
0.8301333710
22
-0.6851307094
32
0.0000000000
13
1.0763482256
23
-0.0000000000
33
0.0000000000
40
0.0000000000
40
0.0000000000
40
0.0000000000
40
0.0000000000
40
0.3228655964
40
0.6666173699
40
1.0000000000
40
1.0000000000
40
1.0000000000
40
1.0000000000
10
316.2219364797
20
234.8500092638
30
0.0000000000
10
316.3112769817
20
234.7762742188
30
0.0000000000
10
316.5178477911
20
234.6501634931
30
0.0000000000
10
316.8586561369
20
234.5316197864
30
0.0000000000
10
317.1021455552
20
234.5003537095
30
0.0000000000
10
317.2217574893
20
234.5003537095
30
0.0000000000
11
316.2219364797
21
234.8500092638
31
0.0000000000
11
316.5162121527
21
234.6651604938
31
0.0000000000
11
316.8654672282
21
234.5430196542
31
0.0000000000
11
317.2217574893
21
234.5003537095
31
0.0000000000
0
SPLINE
5
6D2
100
AcDbEntity
8
0
100
AcDbSpline
62
7
6
CONTINUOUS
70
0
71
3
72
10
73
6
74
4
42
0.0000001000
43
0.0000001000
44
0.0000000001
12
0.8301333760
22
-0.6851307135
32
0.0000000000
13
1.0763482321
23
0.0000000000
33
0.0000000000
40
0.0000000000
40
0.0000000000
40
0.0000000000
40
0.0000000000
40
0.3228656005
40
0.6666173719
40
1.0000000000
40
1.0000000000
40
1.0000000000
40
1.0000000000
10
323.1247819463
20
223.5988704280
30
0.0000000000
10
323.2141224499
20
223.5251353816
30
0.0000000000
10
323.4206932611
20
223.3990246546
30
0.0000000000
10
323.7615016089
20
223.2804809470
30
0.0000000000
10
324.0049910272
20
223.2492148702
30
0.0000000000
10
324.1246029613
20
223.2492148702
30
0.0000000000
11
323.1247819463
21
223.5988704280
31
0.0000000000
11
323.4190576247
21
223.4140216545
31
0.0000000000
11
323.7683127002
21
223.2918808149
31
0.0000000000
11
324.1246029613
21
223.2492148702
31
0.0000000000
0
SPLINE
5
6D3
100
AcDbEntity
8
0
100
AcDbSpline
62
7
6
CONTINUOUS
70
0
71
3
72
10
73
6
74
4
42
0.0000001000
43
0.0000001000
44
0.0000000001
12
0.7578121198
22
0.0000000000
32
0.0000000000
13
0.2579404695
23
0.7166247974
33
0.0000000000
40
0.0000000000
40
0.0000000000
40
0.0000000000
40
0.0000000000
40
0.4187015893
40
0.7616248843
40
1.0000000000
40
1.0000000000
40
1.0000000000
40
1.0000000000
10
266.9375812092
20
234.5003537095
30
0.0000000000
10
267.0433469222
20
234.5003537095
30
0.0000000000
10
267.2369269455
20
234.5222673854
30
0.0000000000
10
267.4728883040
20
234.6317240472
30
0.0000000000
10
267.5635544839
20
234.7585467730
30
0.0000000000
10
267.5840500137
20
234.8154886127
30
0.0000000000
11
266.9375812092
21
234.5003537095
31
0.0000000000
11
267.2519966852
21
234.5430196542
31
0.0000000000
11
267.4813757927
21
234.6651604938
31
0.0000000000
11
267.5840500137
21
234.8154886127
31
0.0000000000
0
SPLINE
5
6D4
100
AcDbEntity
8
0
100
AcDbSpline
62
7
6
CONTINUOUS
70
0
71
3
72
12
73
8
74
6
42
0.0000001000
43
0.0000001000
44
0.0000000001
12
1.2773731492
22
0.2489094277
32
0.0000000000
13
1.0079892463
23
-0.8276694167
33
0.0000000000
40
0.0000000000
40
0.0000000000
40
0.0000000000
40
0.0000000000
40
0.2249026141
40
0.4718243023
40
0.7238632376
40
0.9629618883
40
1.0000000000
40
1.0000000000
40
1.0000000000
40
1.0000000000
10
269.9616708888
20
224.8348368905
30
0.0000000000
10
270.0574324090
20
224.8534970175
30
0.0000000000
10
270.2641848179
20
224.8638075673
30
0.0000000000
10
270.5760612803
20
224.8148300015
30
0.0000000000
10
270.8796997080
20
224.7075674094
30
0.0000000000
10
271.0787685267
20
224.5908008708
30
0.0000000000
10
271.1731010378
20
224.5165062950
30
0.0000000000
10
271.1855457106
20
224.5062878576
30
0.0000000000
11
269.9616708888
21
224.8348368905
31
0.0000000000
11
270.2537483863
21
224.8537302005
31
0.0000000000
11
270.5714799702
21
224.8056854755
31
0.0000000000
11
270.8805608387
21
224.6958900020
31
0.0000000000
11
271.1476201891
21
224.5361981634
31
0.0000000000
11
271.1855457106
21
224.5062878576
31
0.0000000000
0
SPLINE
5
6D5
100
AcDbEntity
8
0
100
AcDbSpline
62
7
6
CONTINUOUS
70
0
71
3
72
10
73
6
74
4
42
0.0000001000
43
0.0000001000
44
0.0000000001
12
1.8779701278
22
0.0000000000
32
0.0000000000
13
1.4010922676
23
1.2504848094
33
0.0000000000
40
0.0000000000
40
0.0000000000
40
0.0000000000
40
0.0000000000
40
0.3763541881
40
0.7103682057
40
1.0000000000
40
1.0000000000
40
1.0000000000
40
1.0000000000
10
319.7927177111
20
213.5170011691
30
0.0000000000
10
320.0283116853
20
213.5170011691
30
0.0000000000
10
320.4745333779
20
213.5521035537
30
0.0000000000
10
321.0809651638
20
213.7246087680
30
0.0000000000
10
321.4221127185
20
213.9295071051
30
0.0000000000
10
321.5573796743
20
214.0502338248
30
0.0000000000
11
319.7927177111
21
213.5170011691
31
0.0000000000
11
320.4967980321
21
213.5787392268
31
0.0000000000
11
321.0972518864
21
213.7601799843
31
0.0000000000
11
321.5573796743
21
214.0502338248
31
0.0000000000
0
SPLINE
5
6D6
100
AcDbEntity
8
0
100
AcDbSpline
62
7
6
CONTINUOUS
70
0
71
3
72
13
73
9
74
7
42
0.0000001000
43
0.0000001000
44
0.0000000001
12
3.2700607172
22
-0.5349060804
32
0.0000000000
13
0.9907821653
23
3.1866353306
33
0.0000000000
40
0.0000000000
40
0.0000000000
40
0.0000000000
40
0.0000000000
40
0.2211141293
40
0.4263331692
40
0.6103381663
40
0.7713417616
40
0.9129024854
40
1.0000000000
40
1.0000000000
40
1.0000000000
40
1.0000000000
10
312.0943178970
20
224.8348368905
30
0.0000000000
10
312.3353367731
20
224.7954117931
30
0.0000000000
10
312.8060472570
20
224.7507435612
30
0.0000000000
10
313.4819887112
20
224.7908321911
30
0.0000000000
10
314.0759808629
20
224.9384168841
30
0.0000000000
10
314.5585768745
20
225.1893010249
30
0.0000000000
10
314.8665546245
20
225.5035205603
30
0.0000000000
10
314.9745797992
20
225.7366856942
30
0.0000000000
10
315.0033446872
20
225.8292016999
30
0.0000000000
11
312.0943178970
21
224.8348368905
31
0.0000000000
11
312.8239863379
21
224.7686258737
31
0.0000000000
11
313.5024589672
21
224.8141410687
31
0.0000000000
11
314.0922047451
21
224.9688647135
31
0.0000000000
11
314.5606007312
21
225.2242379672
31
0.0000000000
11
314.8817366858
21
225.5661343591
31
0.0000000000
11
315.0033446872
21
225.8292016999
31
0.0000000000
0
SPLINE
5
6D7
100
AcDbEntity
8
0
100
AcDbSpline
62
7
6
CONTINUOUS
70
0
71
3
72
17
73
13
74
11
42
0.0000001000
43
0.0000001000
44
0.0000000001
12
-1.0540752260
22
2.1479807049
32
0.0000000000
13
-0.7028726634
23
-2.3082872363
33
0.0000000000
40
0.0000000000
40
0.0000000000
40
0.0000000000
40
0.0000000000
40
0.0971099841
40
0.2092933247
40
0.3328070950
40
0.4616252499
40
0.5888083669
40
0.7076899456
40
0.8131153610
40
0.9029980804
40
0.9803916924
40
1.0000000000
40
1.0000000000
40
1.0000000000
40
1.0000000000
10
269.2395425837
20
226.7883721204
30
0.0000000000
10
269.2054221742
20
226.8579022444
30
0.0000000000
10
269.1046344528
20
226.9944745080
30
0.0000000000
10
268.8994853903
20
227.1654599547
30
0.0000000000
10
268.6440254388
20
227.3074528922
30
0.0000000000
10
268.3576759094
20
227.4094542207
30
0.0000000000
10
268.0622917191
20
227.4638089880
30
0.0000000000
10
267.7803230758
20
227.4663359233
30
0.0000000000
10
267.5324608350
20
227.4163413951
30
0.0000000000
10
267.3354678652
20
227.3154550894
30
0.0000000000
10
267.2359843492
20
227.1969815140
30
0.0000000000
10
267.2084199450
20
227.1239520845
30
0.0000000000
10
267.2038258972
20
227.1088648824
30
0.0000000000
11
269.2395425837
21
226.7883721204
31
0.0000000000
11
269.1058167575
21
226.9783857194
31
0.0000000000
11
268.9019631050
21
227.1530055467
31
0.0000000000
11
268.6444966369
21
227.2980849423
31
0.0000000000
11
268.3542757551
21
227.4018704365
31
0.0000000000
11
268.0548124295
21
227.4559539457
31
0.0000000000
11
267.7703673977
21
227.4559539457
31
0.0000000000
11
267.5239847046
21
227.4018704365
31
0.0000000000
11
267.3356248107
21
227.2980849423
31
0.0000000000
11
267.2205475143
21
227.1530055467
31
0.0000000000
11
267.2038258972
21
227.1088648824
31
0.0000000000
0
SPLINE
5
6D8
100
AcDbEntity
8
0
100
AcDbSpline
62
7
6
CONTINUOUS
70
0
71
3
72
17
73
13
74
11
42
0.0000001000
43
0.0000001000
44
0.0000000001
12
-1.0540752260
22
2.1479807049
32
0.0000000000
13
-0.7028726634
23
-2.3082872363
33
0.0000000000
40
0.0000000000
40
0.0000000000
40
0.0000000000
40
0.0000000000
40
0.0971099841
40
0.2092933247
40
0.3328070950
40
0.4616252499
40
0.5888083669
40
0.7076899456
40
0.8131153610
40
0.9029980804
40
0.9803916924
40
1.0000000000
40
1.0000000000
40
1.0000000000
40
1.0000000000
10
312.8978381617
20
226.7883721204
30
0.0000000000
10
312.8637177522
20
226.8579022444
30
0.0000000000
10
312.7629300308
20
226.9944745080
30
0.0000000000
10
312.5577809683
20
227.1654599547
30
0.0000000000
10
312.3023210168
20
227.3074528922
30
0.0000000000
10
312.0159714875
20
227.4094542207
30
0.0000000000
10
311.7205872971
20
227.4638089880
30
0.0000000000
10
311.4386186538
20
227.4663359233
30
0.0000000000
10
311.1907564130
20
227.4163413951
30
0.0000000000
10
310.9937634432
20
227.3154550894
30
0.0000000000
10
310.8942799273
20
227.1969815140
30
0.0000000000
10
310.8667155230
20
227.1239520845
30
0.0000000000
10
310.8621214752
20
227.1088648824
30
0.0000000000
11
312.8978381617
21
226.7883721204
31
0.0000000000
11
312.7641123355
21
226.9783857194
31
0.0000000000
11
312.5602586830
21
227.1530055467
31
0.0000000000
11
312.3027922149
21
227.2980849423
31
0.0000000000
11
312.0125713331
21
227.4018704365
31
0.0000000000
11
311.7131080075
21
227.4559539457
31
0.0000000000
11
311.4286629757
21
227.4559539457
31
0.0000000000
11
311.1822802826
21
227.4018704365
31
0.0000000000
11
310.9939203887
21
227.2980849423
31
0.0000000000
11
310.8788430923
21
227.1530055467
31
0.0000000000
11
310.8621214752
21
227.1088648824
31
0.0000000000
0
SPLINE
5
6D9
100
AcDbEntity
8
0
100
AcDbSpline
62
7
6
CONTINUOUS
70
0
71
3
72
17
73
13
74
11
42
0.0000001000
43
0.0000001000
44
0.0000000001
12
-1.0540752260
22
2.1479807049
32
0.0000000000
13
-0.7028726634
23
-2.3082872363
33
0.0000000000
40
0.0000000000
40
0.0000000000
40
0.0000000000
40
0.0000000000
40
0.0971099841
40
0.2092933247
40
0.3328070950
40
0.4616252499
40
0.5888083669
40
0.7076899456
40
0.8131153610
40
0.9029980804
40
0.9803916924
40
1.0000000000
40
1.0000000000
40
1.0000000000
40
1.0000000000
10
319.8006836337
20
215.5372332811
30
0.0000000000
10
319.7665632242
20
215.6067634051
30
0.0000000000
10
319.6657755029
20
215.7433356687
30
0.0000000000
10
319.4606264404
20
215.9143211154
30
0.0000000000
10
319.2051664888
20
216.0563140529
30
0.0000000000
10
318.9188169595
20
216.1583153814
30
0.0000000000
10
318.6234327691
20
216.2126701487
30
0.0000000000
10
318.3414641258
20
216.2151970840
30
0.0000000000
10
318.0936018850
20
216.1652025558
30
0.0000000000
10
317.8966089152
20
216.0643162501
30
0.0000000000
10
317.7971253993
20
215.9458426747
30
0.0000000000
10
317.7695609950
20
215.8728132452
30
0.0000000000
10
317.7649669472
20
215.8577260431
30
0.0000000000
11
319.8006836337
21
215.5372332811
31
0.0000000000
11
319.6669578075
21
215.7272468801
31
0.0000000000
11
319.4631041551
21
215.9018667074
31
0.0000000000
11
319.2056376869
21
216.0469461030
31
0.0000000000
11
318.9154168051
21
216.1507315972
31
0.0000000000
11
318.6159534795
21
216.2048151064
31
0.0000000000
11
318.3315084478
21
216.2048151064
31
0.0000000000
11
318.0851257547
21
216.1507315972
31
0.0000000000
11
317.8967658607
21
216.0469461030
31
0.0000000000
11
317.7816885643
21
215.9018667074
31
0.0000000000
11
317.7649669472
21
215.8577260431
31
0.0000000000
0
SPLINE
5
6DA
100
AcDbEntity
8
0
100
AcDbSpline
62
7
6
CONTINUOUS
70
0
71
3
72
13
73
9
74
7
42
0.0000001000
43
0.0000001000
44
0.0000000001
12
1.1248894240
22
0.0000000000
32
0.0000000000
13
-0.3517315837
23
-1.0834355937
33
0.0000000000
40
0.0000000000
40
0.0000000000
40
0.0000000000
40
0.0000000000
40
0.2188044084
40
0.4435940231
40
0.6518107741
40
0.8265980656
40
0.9666684135
40
1.0000000000
40
1.0000000000
40
1.0000000000
40
1.0000000000
10
283.6073844692
20
237.7116009667
30
0.0000000000
10
283.6894280575
20
237.7116009667
30
0.0000000000
10
283.8561065272
20
237.6890599467
30
0.0000000000
10
284.0873025608
20
237.6044867690
30
0.0000000000
10
284.2800478654
20
237.4783441586
30
0.0000000000
10
284.4101244071
20
237.3271337997
30
0.0000000000
10
284.4450138178
20
237.1922334309
30
0.0000000000
10
284.4301239054
20
237.1281986717
30
0.0000000000
10
284.4262159815
20
237.1161611293
30
0.0000000000
11
283.6073844692
21
237.7116009667
31
0.0000000000
11
283.8515860447
21
237.6808447641
31
0.0000000000
11
284.0887960308
21
237.5932585095
31
0.0000000000
11
284.2829013574
21
237.4621764160
31
0.0000000000
11
284.4043512481
21
237.3075545443
31
0.0000000000
11
284.4346560580
21
237.1529326725
31
0.0000000000
11
284.4262159815
21
237.1161611293
31
0.0000000000
0
SPLINE
5
6DB
100
AcDbEntity
8
0
100
AcDbSpline
62
7
6
CONTINUOUS
70
0
71
3
72
10
73
6
74
4
42
0.0000001000
43
0.0000001000
44
0.0000000001
12
-0.5000130772
22
0.0000000000
32
0.0000000000
13
-0.1563446040
23
-0.4815868596
33
0.0000000000
40
0.0000000000
40
0.0000000000
40
0.0000000000
40
0.0000000000
40
0.4324174545
40
0.7819638311
40
1.0000000000
40
1.0000000000
40
1.0000000000
40
1.0000000000
10
283.6073844692
20
237.7116009667
30
0.0000000000
10
283.5353130085
20
237.7116009667
30
0.0000000000
10
283.4043178734
20
237.6962102878
30
0.0000000000
10
283.2490650751
20
237.6190912426
30
0.0000000000
10
283.1964700263
20
237.5339490772
30
0.0000000000
10
283.1851071001
20
237.4989479592
30
0.0000000000
11
283.6073844692
21
237.7116009667
31
0.0000000000
11
283.3933687805
21
237.6808447641
31
0.0000000000
11
283.2421209271
21
237.5932585095
31
0.0000000000
11
283.1851071001
21
237.4989479592
31
0.0000000000
0
SPLINE
5
6DC
100
AcDbEntity
8
0
100
AcDbSpline
62
7
6
CONTINUOUS
70
0
71
3
72
13
73
9
74
7
42
0.0000001000
43
0.0000001000
44
0.0000000001
12
1.1248894240
22
0.0000000000
32
0.0000000000
13
-0.3517315837
23
-1.0834355937
33
0.0000000000
40
0.0000000000
40
0.0000000000
40
0.0000000000
40
0.0000000000
40
0.2188044084
40
0.4435940231
40
0.6518107741
40
0.8265980656
40
0.9666684135
40
1.0000000000
40
1.0000000000
40
1.0000000000
40
1.0000000000
10
287.2916288218
20
237.7116009667
30
0.0000000000
10
287.3736724101
20
237.7116009667
30
0.0000000000
10
287.5403508798
20
237.6890599467
30
0.0000000000
10
287.7715469134
20
237.6044867690
30
0.0000000000
10
287.9642922179
20
237.4783441586
30
0.0000000000
10
288.0943687596
20
237.3271337997
30
0.0000000000
10
288.1292581704
20
237.1922334309
30
0.0000000000
10
288.1143682580
20
237.1281986717
30
0.0000000000
10
288.1104603341
20
237.1161611293
30
0.0000000000
11
287.2916288218
21
237.7116009667
31
0.0000000000
11
287.5358303973
21
237.6808447641
31
0.0000000000
11
287.7730403834
21
237.5932585095
31
0.0000000000
11
287.9671457100
21
237.4621764160
31
0.0000000000
11
288.0885956007
21
237.3075545443
31
0.0000000000
11
288.1189004106
21
237.1529326725
31
0.0000000000
11
288.1104603341
21
237.1161611293
31
0.0000000000
0
SPLINE
5
6DD
100
AcDbEntity
8
0
100
AcDbSpline
62
7
6
CONTINUOUS
70
0
71
3
72
10
73
6
74
4
42
0.0000001000
43
0.0000001000
44
0.0000000001
12
-0.5000130772
22
0.0000000000
32
0.0000000000
13
-0.1563446040
23
-0.4815868596
33
0.0000000000
40
0.0000000000
40
0.0000000000
40
0.0000000000
40
0.0000000000
40
0.4324174545
40
0.7819638311
40
1.0000000000
40
1.0000000000
40
1.0000000000
40
1.0000000000
10
287.2916288218
20
237.7116009667
30
0.0000000000
10
287.2195573611
20
237.7116009667
30
0.0000000000
10
287.0885622259
20
237.6962102878
30
0.0000000000
10
286.9333094277
20
237.6190912426
30
0.0000000000
10
286.8807143789
20
237.5339490772
30
0.0000000000
10
286.8693514527
20
237.4989479592
30
0.0000000000
11
287.2916288218
21
237.7116009667
31
0.0000000000
11
287.0776131331
21
237.6808447641
31
0.0000000000
11
286.9263652797
21
237.5932585095
31
0.0000000000
11
286.8693514527
21
237.4989479592
31
0.0000000000
0
SPLINE
5
6DE
100
AcDbEntity
8
0
100
AcDbSpline
62
7
6
CONTINUOUS
70
0
71
3
72
13
73
9
74
7
42
0.0000001000
43
0.0000001000
44
0.0000000001
12
1.1248894240
22
0.0000000000
32
0.0000000000
13
-0.3517315837
23
-1.0834355937
33
0.0000000000
40
0.0000000000
40
0.0000000000
40
0.0000000000
40
0.0000000000
40
0.2188044084
40
0.4435940231
40
0.6518107741
40
0.8265980656
40
0.9666684135
40
1.0000000000
40
1.0000000000
40
1.0000000000
40
1.0000000000
10
290.9758731744
20
237.7116009667
30
0.0000000000
10
291.0579167627
20
237.7116009667
30
0.0000000000
10
291.2245952324
20
237.6890599467
30
0.0000000000
10
291.4557912660
20
237.6044867690
30
0.0000000000
10
291.6485365705
20
237.4783441586
30
0.0000000000
10
291.7786131122
20
237.3271337997
30
0.0000000000
10
291.8135025230
20
237.1922334309
30
0.0000000000
10
291.7986126106
20
237.1281986717
30
0.0000000000
10
291.7947046867
20
237.1161611293
30
0.0000000000
11
290.9758731744
21
237.7116009667
31
0.0000000000
11
291.2200747499
21
237.6808447641
31
0.0000000000
11
291.4572847359
21
237.5932585095
31
0.0000000000
11
291.6513900625
21
237.4621764160
31
0.0000000000
11
291.7728399533
21
237.3075545443
31
0.0000000000
11
291.8031447632
21
237.1529326725
31
0.0000000000
11
291.7947046867
21
237.1161611293
31
0.0000000000
0
SPLINE
5
6DF
100
AcDbEntity
8
0
100
AcDbSpline
62
7
6
CONTINUOUS
70
0
71
3
72
9
73
5
74
3
42
0.0000001000
43
0.0000001000
44
0.0000000001
12
0.0963241234
22
0.3163357407
32
0.0000000000
13
-0.1444541486
23
0.2943667740
33
0.0000000000
40
0.0000000000
40
0.0000000000
40
0.0000000000
40
0.0000000000
40
0.3985873779
40
1.0000000000
40
1.0000000000
40
1.0000000000
40
1.0000000000
10
319.8376977589
20
215.2167405190
30
0.0000000000
10
319.8504956189
20
215.2587696635
30
0.0000000000
10
319.8635638632
20
215.3705382442
30
0.0000000000
10
319.8296424831
20
215.4782213166
30
0.0000000000
10
319.8006836337
20
215.5372332811
30
0.0000000000
11
319.8376977589
21
215.2167405190
31
0.0000000000
11
319.8534479625
21
215.3472196821
31
0.0000000000
11
319.8006836337
21
215.5372332811
31
0.0000000000
0
SPLINE
5
6E0
100
AcDbEntity
8
0
100
AcDbSpline
62
7
6
CONTINUOUS
70
0
71
3
72
10
73
6
74
4
42
0.0000001000
43
0.0000001000
44
0.0000000001
12
-0.5000130772
22
0.0000000000
32
0.0000000000
13
-0.1563446040
23
-0.4815868596
33
0.0000000000
40
0.0000000000
40
0.0000000000
40
0.0000000000
40
0.0000000000
40
0.4324174545
40
0.7819638311
40
1.0000000000
40
1.0000000000
40
1.0000000000
40
1.0000000000
10
290.9758731744
20
237.7116009667
30
0.0000000000
10
290.9038017137
20
237.7116009667
30
0.0000000000
10
290.7728065785
20
237.6962102878
30
0.0000000000
10
290.6175537803
20
237.6190912426
30
0.0000000000
10
290.5649587314
20
237.5339490772
30
0.0000000000
10
290.5535958053
20
237.4989479592
30
0.0000000000
11
290.9758731744
21
237.7116009667
31
0.0000000000
11
290.7618574856
21
237.6808447641
31
0.0000000000
11
290.6106096322
21
237.5932585095
31
0.0000000000
11
290.5535958053
21
237.4989479592
31
0.0000000000
0
SPLINE
5
6E1
100
AcDbEntity
8
0
100
AcDbSpline
62
7
6
CONTINUOUS
70
0
71
3
72
13
73
9
74
7
42
0.0000001000
43
0.0000001000
44
0.0000000001
12
1.1248894240
22
0.0000000000
32
0.0000000000
13
-0.3517315837
23
-1.0834355937
33
0.0000000000
40
0.0000000000
40
0.0000000000
40
0.0000000000
40
0.0000000000
40
0.2188044084
40
0.4435940231
40
0.6518107741
40
0.8265980656
40
0.9666684135
40
1.0000000000
40
1.0000000000
40
1.0000000000
40
1.0000000000
10
294.6601175269
20
237.7116009667
30
0.0000000000
10
294.7421611153
20
237.7116009667
30
0.0000000000
10
294.9088395849
20
237.6890599467
30
0.0000000000
10
295.1400356186
20
237.6044867690
30
0.0000000000
10
295.3327809231
20
237.4783441586
30
0.0000000000
10
295.4628574648
20
237.3271337997
30
0.0000000000
10
295.4977468755
20
237.1922334309
30
0.0000000000
10
295.4828569631
20
237.1281986717
30
0.0000000000
10
295.4789490392
20
237.1161611293
30
0.0000000000
11
294.6601175269
21
237.7116009667
31
0.0000000000
11
294.9043191024
21
237.6808447641
31
0.0000000000
11
295.1415290885
21
237.5932585095
31
0.0000000000
11
295.3356344151
21
237.4621764160
31
0.0000000000
11
295.4570843058
21
237.3075545443
31
0.0000000000
11
295.4873891158
21
237.1529326725
31
0.0000000000
11
295.4789490392
21
237.1161611293
31
0.0000000000
0
SPLINE
5
6E2
100
AcDbEntity
8
0
100
AcDbSpline
62
7
6
CONTINUOUS
70
0
71
3
72
9
73
5
74
3
42
0.0000001000
43
0.0000001000
44
0.0000000001
12
0.0963241234
22
0.3163357407
32
0.0000000000
13
-0.1444541486
23
0.2943667740
33
0.0000000000
40
0.0000000000
40
0.0000000000
40
0.0000000000
40
0.0000000000
40
0.3985873779
40
1.0000000000
40
1.0000000000
40
1.0000000000
40
1.0000000000
10
312.9348522869
20
226.4678793583
30
0.0000000000
10
312.9476501468
20
226.5099085028
30
0.0000000000
10
312.9607183912
20
226.6216770835
30
0.0000000000
10
312.9267970111
20
226.7293601559
30
0.0000000000
10
312.8978381617
20
226.7883721204
30
0.0000000000
11
312.9348522869
21
226.4678793583
31
0.0000000000
11
312.9506024905
21
226.5983585214
31
0.0000000000
11
312.8978381617
21
226.7883721204
31
0.0000000000
0
SPLINE
5
6E3
100
AcDbEntity
8
0
100
AcDbSpline
62
7
6
CONTINUOUS
70
0
71
3
72
10
73
6
74
4
42
0.0000001000
43
0.0000001000
44
0.0000000001
12
-0.5000130772
22
0.0000000000
32
0.0000000000
13
-0.1563446040
23
-0.4815868596
33
0.0000000000
40
0.0000000000
40
0.0000000000
40
0.0000000000
40
0.0000000000
40
0.4324174545
40
0.7819638311
40
1.0000000000
40
1.0000000000
40
1.0000000000
40
1.0000000000
10
294.6601175269
20
237.7116009667
30
0.0000000000
10
294.5880460663
20
237.7116009667
30
0.0000000000
10
294.4570509311
20
237.6962102878
30
0.0000000000
10
294.3017981329
20
237.6190912426
30
0.0000000000
10
294.2492030840
20
237.5339490772
30
0.0000000000
10
294.2378401579
20
237.4989479592
30
0.0000000000
11
294.6601175269
21
237.7116009667
31
0.0000000000
11
294.4461018382
21
237.6808447641
31
0.0000000000
11
294.2948539848
21
237.5932585095
31
0.0000000000
11
294.2378401579
21
237.4989479592
31
0.0000000000
0
SPLINE
5
6E4
100
AcDbEntity
8
0
100
AcDbSpline
62
7
6
CONTINUOUS
70
0
71
3
72
13
73
9
74
7
42
0.0000001000
43
0.0000001000
44
0.0000000001
12
1.1248894240
22
0.0000000000
32
0.0000000000
13
-0.3517315837
23
-1.0834355937
33
0.0000000000
40
0.0000000000
40
0.0000000000
40
0.0000000000
40
0.0000000000
40
0.2188044084
40
0.4435940231
40
0.6518107741
40
0.8265980656
40
0.9666684135
40
1.0000000000
40
1.0000000000
40
1.0000000000
40
1.0000000000
10
298.3443618795
20
237.7116009667
30
0.0000000000
10
298.4264054678
20
237.7116009667
30
0.0000000000
10
298.5930839375
20
237.6890599467
30
0.0000000000
10
298.8242799711
20
237.6044867690
30
0.0000000000
10
299.0170252757
20
237.4783441586
30
0.0000000000
10
299.1471018174
20
237.3271337997
30
0.0000000000
10
299.1819912281
20
237.1922334309
30
0.0000000000
10
299.1671013157
20
237.1281986717
30
0.0000000000
10
299.1631933918
20
237.1161611293
30
0.0000000000
11
298.3443618795
21
237.7116009667
31
0.0000000000
11
298.5885634550
21
237.6808447641
31
0.0000000000
11
298.8257734411
21
237.5932585095
31
0.0000000000
11
299.0198787677
21
237.4621764160
31
0.0000000000
11
299.1413286584
21
237.3075545443
31
0.0000000000
11
299.1716334683
21
237.1529326725
31
0.0000000000
11
299.1631933918
21
237.1161611293
31
0.0000000000
0
SPLINE
5
6E5
100
AcDbEntity
8
0
100
AcDbSpline
62
7
6
CONTINUOUS
70
0
71
3
72
9
73
5
74
3
42
0.0000001000
43
0.0000001000
44
0.0000000001
12
0.0963241234
22
0.3163357407
32
0.0000000000
13
-0.1444541486
23
0.2943667740
33
0.0000000000
40
0.0000000000
40
0.0000000000
40
0.0000000000
40
0.0000000000
40
0.3985873779
40
1.0000000000
40
1.0000000000
40
1.0000000000
40
1.0000000000
10
269.2765567089
20
226.4678793583
30
0.0000000000
10
269.2893545688
20
226.5099085028
30
0.0000000000
10
269.3024228131
20
226.6216770835
30
0.0000000000
10
269.2685014331
20
226.7293601559
30
0.0000000000
10
269.2395425837
20
226.7883721204
30
0.0000000000
11
269.2765567089
21
226.4678793583
31
0.0000000000
11
269.2923069125
21
226.5983585214
31
0.0000000000
11
269.2395425837
21
226.7883721204
31
0.0000000000
0
SPLINE
5
6E6
100
AcDbEntity
8
0
100
AcDbSpline
62
7
6
CONTINUOUS
70
0
71
3
72
10
73
6
74
4
42
0.0000001000
43
0.0000001000
44
0.0000000001
12
-0.5000130772
22
0.0000000000
32
0.0000000000
13
-0.1563446040
23
-0.4815868596
33
0.0000000000
40
0.0000000000
40
0.0000000000
40
0.0000000000
40
0.0000000000
40
0.4324174545
40
0.7819638311
40
1.0000000000
40
1.0000000000
40
1.0000000000
40
1.0000000000
10
298.3443618795
20
237.7116009667
30
0.0000000000
10
298.2722904188
20
237.7116009667
30
0.0000000000
10
298.1412952837
20
237.6962102878
30
0.0000000000
10
297.9860424854
20
237.6190912426
30
0.0000000000
10
297.9334474366
20
237.5339490772
30
0.0000000000
10
297.9220845104
20
237.4989479592
30
0.0000000000
11
298.3443618795
21
237.7116009667
31
0.0000000000
11
298.1303461908
21
237.6808447641
31
0.0000000000
11
297.9790983374
21
237.5932585095
31
0.0000000000
11
297.9220845104
21
237.4989479592
31
0.0000000000
0
SPLINE
5
6E7
100
AcDbEntity
8
0
100
AcDbSpline
62
7
6
CONTINUOUS
70
0
71
3
72
13
73
9
74
7
42
0.0000001000
43
0.0000001000
44
0.0000000001
12
1.1248894240
22
0.0000000000
32
0.0000000000
13
-0.3517315837
23
-1.0834355937
33
0.0000000000
40
0.0000000000
40
0.0000000000
40
0.0000000000
40
0.0000000000
40
0.2188044084
40
0.4435940231
40
0.6518107741
40
0.8265980656
40
0.9666684135
40
1.0000000000
40
1.0000000000
40
1.0000000000
40
1.0000000000
10
302.0286062321
20
237.7116009667
30
0.0000000000
10
302.1106498204
20
237.7116009667
30
0.0000000000
10
302.2773282901
20
237.6890599467
30
0.0000000000
10
302.5085243237
20
237.6044867690
30
0.0000000000
10
302.7012696282
20
237.4783441586
30
0.0000000000
10
302.8313461699
20
237.3271337997
30
0.0000000000
10
302.8662355807
20
237.1922334309
30
0.0000000000
10
302.8513456683
20
237.1281986717
30
0.0000000000
10
302.8474377444
20
237.1161611293
30
0.0000000000
11
302.0286062321
21
237.7116009667
31
0.0000000000
11
302.2728078076
21
237.6808447641
31
0.0000000000
11
302.5100177937
21
237.5932585095
31
0.0000000000
11
302.7041231203
21
237.4621764160
31
0.0000000000
11
302.8255730110
21
237.3075545443
31
0.0000000000
11
302.8558778209
21
237.1529326725
31
0.0000000000
11
302.8474377444
21
237.1161611293
31
0.0000000000
0
SPLINE
5
6E8
100
AcDbEntity
8
0
100
AcDbSpline
62
7
6
CONTINUOUS
70
0
71
3
72
12
73
8
74
6
42
0.0000001000
43
0.0000001000
44
0.0000000001
12
0.2997147766
22
0.9764901386
32
0.0000000000
13
1.0034920793
23
-0.1641480270
33
0.0000000000
40
0.0000000000
40
0.0000000000
40
0.0000000000
40
0.0000000000
40
0.0072889389
40
0.1981742247
40
0.4236939004
40
0.6939558503
40
1.0000000000
40
1.0000000000
40
1.0000000000
40
1.0000000000
10
311.1991983272
20
224.5291087515
30
0.0000000000
10
311.1999265281
20
224.5314812771
30
0.0000000000
10
311.2205082581
20
224.5957367018
30
0.0000000000
10
311.3104901039
20
224.7176232154
30
0.0000000000
10
311.5243068361
20
224.8228007480
30
0.0000000000
10
311.7954366581
20
224.8654059767
30
0.0000000000
10
311.9919469369
20
224.8515824050
30
0.0000000000
10
312.0943178970
20
224.8348368905
30
0.0000000000
11
311.1991983272
21
224.5291087515
31
0.0000000000
11
311.2014696316
21
224.5361981634
31
0.0000000000
11
311.3117983275
21
224.6958900020
31
0.0000000000
11
311.5131196726
21
224.8056854755
31
0.0000000000
11
311.7836974304
21
224.8537302005
31
0.0000000000
11
312.0943178970
21
224.8348368905
31
0.0000000000
0
SPLINE
5
6E9
100
AcDbEntity
8
0
100
AcDbSpline
62
7
6
CONTINUOUS
70
0
71
3
72
10
73
6
74
4
42
0.0000001000
43
0.0000001000
44
0.0000000001
12
-0.5000130772
22
0.0000000000
32
0.0000000000
13
-0.1563446040
23
-0.4815868596
33
0.0000000000
40
0.0000000000
40
0.0000000000
40
0.0000000000
40
0.0000000000
40
0.4324174545
40
0.7819638311
40
1.0000000000
40
1.0000000000
40
1.0000000000
40
1.0000000000
10
302.0286062321
20
237.7116009667
30
0.0000000000
10
301.9565347714
20
237.7116009667
30
0.0000000000
10
301.8255396362
20
237.6962102878
30
0.0000000000
10
301.6702868380
20
237.6190912426
30
0.0000000000
10
301.6176917892
20
237.5339490772
30
0.0000000000
10
301.6063288630
20
237.4989479592
30
0.0000000000
11
302.0286062321
21
237.7116009667
31
0.0000000000
11
301.8145905434
21
237.6808447641
31
0.0000000000
11
301.6633426900
21
237.5932585095
31
0.0000000000
11
301.6063288630
21
237.4989479592
31
0.0000000000
0
SPLINE
5
6EA
100
AcDbEntity
8
0
100
AcDbSpline
62
7
6
CONTINUOUS
70
0
71
3
72
13
73
9
74
7
42
0.0000001000
43
0.0000001000
44
0.0000000001
12
1.1248894240
22
0.0000000000
32
0.0000000000
13
-0.3517315837
23
-1.0834355937
33
0.0000000000
40
0.0000000000
40
0.0000000000
40
0.0000000000
40
0.0000000000
40
0.2188044084
40
0.4435940231
40
0.6518107741
40
0.8265980656
40
0.9666684135
40
1.0000000000
40
1.0000000000
40
1.0000000000
40
1.0000000000
10
305.7128505847
20
237.7116009667
30
0.0000000000
10
305.7948941730
20
237.7116009667
30
0.0000000000
10
305.9615726427
20
237.6890599467
30
0.0000000000
10
306.1927686763
20
237.6044867690
30
0.0000000000
10
306.3855139808
20
237.4783441586
30
0.0000000000
10
306.5155905225
20
237.3271337997
30
0.0000000000
10
306.5504799333
20
237.1922334309
30
0.0000000000
10
306.5355900209
20
237.1281986717
30
0.0000000000
10
306.5316820970
20
237.1161611293
30
0.0000000000
11
305.7128505847
21
237.7116009667
31
0.0000000000
11
305.9570521602
21
237.6808447641
31
0.0000000000
11
306.1942621462
21
237.5932585095
31
0.0000000000
11
306.3883674728
21
237.4621764160
31
0.0000000000
11
306.5098173636
21
237.3075545443
31
0.0000000000
11
306.5401221735
21
237.1529326725
31
0.0000000000
11
306.5316820970
21
237.1161611293
31
0.0000000000
0
SPLINE
5
6EB
100
AcDbEntity
8
0
100
AcDbSpline
62
7
6
CONTINUOUS
70
0
71
3
72
17
73
13
74
11
42
0.0000001000
43
0.0000001000
44
0.0000000001
12
-1.8839555696
22
-6.1348345132
32
0.0000000000
13
6.2590657053
23
1.2196439731
33
0.0000000000
40
0.0000000000
40
0.0000000000
40
0.0000000000
40
0.0000000000
40
0.0593136876
40
0.1345705288
40
0.2205648702
40
0.3185158627
40
0.4270597841
40
0.5431626683
40
0.6628211384
40
0.7816221276
40
0.8952490363
40
1.0000000000
40
1.0000000000
40
1.0000000000
40
1.0000000000
10
265.1352647997
20
227.7482401550
30
0.0000000000
10
265.0980166823
20
227.6269469357
30
0.0000000000
10
265.0632683293
20
227.3363523790
30
0.0000000000
10
265.1799345683
20
226.8724916661
30
0.0000000000
10
265.4682899199
20
226.3961217033
30
0.0000000000
10
265.9028986144
20
225.9459527002
30
0.0000000000
10
266.4609215251
20
225.5423770057
30
0.0000000000
10
267.1134051574
20
225.2055302311
30
0.0000000000
10
267.8258867258
20
224.9530884842
30
0.0000000000
10
268.5605521521
20
224.7984976456
30
0.0000000000
10
269.2779570474
20
224.7499310261
30
0.0000000000
10
269.7431231674
20
224.7922505967
30
0.0000000000
10
269.9616708888
20
224.8348368905
30
0.0000000000
11
265.1352647997
21
227.7482401550
31
0.0000000000
11
265.0879640435
21
227.3722539140
31
0.0000000000
11
265.1947502386
21
226.9043887417
31
0.0000000000
11
265.4700009594
21
226.4301058832
31
0.0000000000
11
265.8984901742
21
225.9756412220
31
0.0000000000
11
266.4565151644
21
225.5661343591
31
0.0000000000
11
267.1132076869
21
225.2242379672
31
0.0000000000
11
267.8322415111
21
224.9688647135
31
0.0000000000
11
268.5738418755
21
224.8141410687
31
0.0000000000
11
269.2969857063
21
224.7686258737
31
0.0000000000
11
269.9616708888
21
224.8348368905
31
0.0000000000
0
SPLINE
5
6EC
100
AcDbEntity
8
0
100
AcDbSpline
62
7
6
CONTINUOUS
70
0
71
3
72
10
73
6
74
4
42
0.0000001000
43
0.0000001000
44
0.0000000001
12
-0.5000130772
22
0.0000000000
32
0.0000000000
13
-0.1563446040
23
-0.4815868596
33
0.0000000000
40
0.0000000000
40
0.0000000000
40
0.0000000000
40
0.0000000000
40
0.4324174545
40
0.7819638311
40
1.0000000000
40
1.0000000000
40
1.0000000000
40
1.0000000000
10
305.7128505847
20
237.7116009667
30
0.0000000000
10
305.6407791240
20
237.7116009667
30
0.0000000000
10
305.5097839888
20
237.6962102878
30
0.0000000000
10
305.3545311906
20
237.6190912426
30
0.0000000000
10
305.3019361417
20
237.5339490772
30
0.0000000000
10
305.2905732156
20
237.4989479592
30
0.0000000000
11
305.7128505847
21
237.7116009667
31
0.0000000000
11
305.4988348959
21
237.6808447641
31
0.0000000000
11
305.3475870425
21
237.5932585095
31
0.0000000000
11
305.2905732156
21
237.4989479592
31
0.0000000000
0
SPLINE
5
6ED
100
AcDbEntity
8
0
100
AcDbSpline
62
7
6
CONTINUOUS
70
0
71
3
72
13
73
9
74
7
42
0.0000001000
43
0.0000001000
44
0.0000000001
12
1.1248894240
22
0.0000000000
32
0.0000000000
13
-0.3517315837
23
-1.0834355937
33
0.0000000000
40
0.0000000000
40
0.0000000000
40
0.0000000000
40
0.0000000000
40
0.2188044084
40
0.4435940231
40
0.6518107741
40
0.8265980656
40
0.9666684135
40
1.0000000000
40
1.0000000000
40
1.0000000000
40
1.0000000000
10
309.3970949372
20
237.7116009667
30
0.0000000000
10
309.4791385256
20
237.7116009667
30
0.0000000000
10
309.6458169952
20
237.6890599467
30
0.0000000000
10
309.8770130289
20
237.6044867690
30
0.0000000000
10
310.0697583334
20
237.4783441586
30
0.0000000000
10
310.1998348751
20
237.3271337997
30
0.0000000000
10
310.2347242858
20
237.1922334309
30
0.0000000000
10
310.2198343734
20
237.1281986717
30
0.0000000000
10
310.2159264495
20
237.1161611293
30
0.0000000000
11
309.3970949372
21
237.7116009667
31
0.0000000000
11
309.6412965127
21
237.6808447641
31
0.0000000000
11
309.8785064988
21
237.5932585095
31
0.0000000000
11
310.0726118254
21
237.4621764160
31
0.0000000000
11
310.1940617161
21
237.3075545443
31
0.0000000000
11
310.2243665261
21
237.1529326725
31
0.0000000000
11
310.2159264495
21
237.1161611293
31
0.0000000000
0
SPLINE
5
6EE
100
AcDbEntity
8
0
100
AcDbSpline
62
7
6
CONTINUOUS
70
0
71
3
72
10
73
6
74
4
42
0.0000001000
43
0.0000001000
44
0.0000000001
12
0.2704876274
22
0.8719228335
32
0.0000000000
13
-0.4002036476
23
0.8155297571
33
0.0000000000
40
0.0000000000
40
0.0000000000
40
0.0000000000
40
0.0000000000
40
0.0216634112
40
0.4855512098
40
1.0000000000
40
1.0000000000
40
1.0000000000
40
1.0000000000
10
274.7374787643
20
237.6526991965
30
0.0000000000
10
274.7394319925
20
237.6589954708
30
0.0000000000
10
274.7817356289
20
237.8005615109
30
0.0000000000
10
274.7996576223
20
238.1116955154
30
0.0000000000
10
274.7029942729
20
238.3984267615
30
0.0000000000
10
274.6343661788
20
238.5382761938
30
0.0000000000
11
274.7374787643
21
237.6526991965
31
0.0000000000
11
274.7431399535
21
237.6716466473
31
0.0000000000
11
274.7730768294
21
238.0919932493
31
0.0000000000
11
274.6343661788
21
238.5382761938
31
0.0000000000
0
SPLINE
5
6EF
100
AcDbEntity
8
0
100
AcDbSpline
62
7
6
CONTINUOUS
70
0
71
3
72
10
73
6
74
4
42
0.0000001000
43
0.0000001000
44
0.0000000001
12
-0.5000130772
22
0.0000000000
32
0.0000000000
13
-0.1563446040
23
-0.4815868596
33
0.0000000000
40
0.0000000000
40
0.0000000000
40
0.0000000000
40
0.0000000000
40
0.4324174545
40
0.7819638311
40
1.0000000000
40
1.0000000000
40
1.0000000000
40
1.0000000000
10
309.3970949372
20
237.7116009667
30
0.0000000000
10
309.3250234766
20
237.7116009667
30
0.0000000000
10
309.1940283414
20
237.6962102878
30
0.0000000000
10
309.0387755432
20
237.6190912426
30
0.0000000000
10
308.9861804943
20
237.5339490772
30
0.0000000000
10
308.9748175682
20
237.4989479592
30
0.0000000000
11
309.3970949372
21
237.7116009667
31
0.0000000000
11
309.1830792485
21
237.6808447641
31
0.0000000000
11
309.0318313951
21
237.5932585095
31
0.0000000000
11
308.9748175682
21
237.4989479592
31
0.0000000000
0
SPLINE
5
6F0
100
AcDbEntity
8
0
100
AcDbSpline
62
7
6
CONTINUOUS
70
0
71
3
72
9
73
5
74
3
42
0.0000001000
43
0.0000001000
44
0.0000000001
12
0.1220765941
22
-0.1678024800
32
0.0000000000
13
-0.0016469780
23
-0.2071336565
33
0.0000000000
40
0.0000000000
40
0.0000000000
40
0.0000000000
40
0.0000000000
40
0.3625039226
40
1.0000000000
40
1.0000000000
40
1.0000000000
40
1.0000000000
10
286.8057109901
20
232.3993209954
30
0.0000000000
10
286.8204620715
20
232.3790446430
30
0.0000000000
10
286.8567537158
20
232.3197555094
30
0.0000000000
10
286.8771456892
20
232.2499339485
30
0.0000000000
10
286.8767957085
20
232.2059183173
30
0.0000000000
11
286.8057109901
21
232.3993209954
31
0.0000000000
11
286.8446844370
21
232.3346754993
31
0.0000000000
11
286.8767957085
21
232.2059183173
31
0.0000000000
0
SPLINE
5
6F1
100
AcDbEntity
8
0
100
AcDbSpline
62
7
6
CONTINUOUS
70
0
71
3
72
10
73
6
74
4
42
0.0000001000
43
0.0000001000
44
0.0000000001
12
0.2704876274
22
0.8719228335
32
0.0000000000
13
-0.4002036476
23
0.8155297571
33
0.0000000000
40
0.0000000000
40
0.0000000000
40
0.0000000000
40
0.0000000000
40
0.0216634112
40
0.4855512098
40
1.0000000000
40
1.0000000000
40
1.0000000000
40
1.0000000000
10
325.2986198143
20
226.4015603572
30
0.0000000000
10
325.3005730425
20
226.4078566315
30
0.0000000000
10
325.3428766789
20
226.5494226716
30
0.0000000000
10
325.3607986724
20
226.8605566761
30
0.0000000000
10
325.2641353230
20
227.1472879222
30
0.0000000000
10
325.1955072289
20
227.2871373545
30
0.0000000000
11
325.2986198143
21
226.4015603572
31
0.0000000000
11
325.3042810035
21
226.4205078080
31
0.0000000000
11
325.3342178794
21
226.8408544100
31
0.0000000000
11
325.1955072289
21
227.2871373545
31
0.0000000000
0
SPLINE
5
6F2
100
AcDbEntity
8
0
100
AcDbSpline
62
7
6
CONTINUOUS
70
0
71
3
72
10
73
6
74
4
42
0.0000001000
43
0.0000001000
44
0.0000000001
12
0.2704876274
22
0.8719228335
32
0.0000000000
13
-0.4002036476
23
0.8155297571
33
0.0000000000
40
0.0000000000
40
0.0000000000
40
0.0000000000
40
0.0000000000
40
0.0216634112
40
0.4855512098
40
1.0000000000
40
1.0000000000
40
1.0000000000
40
1.0000000000
10
318.3957743423
20
237.6526991965
30
0.0000000000
10
318.3977275705
20
237.6589954708
30
0.0000000000
10
318.4400312069
20
237.8005615109
30
0.0000000000
10
318.4579532003
20
238.1116955154
30
0.0000000000
10
318.3612898509
20
238.3984267615
30
0.0000000000
10
318.2926617568
20
238.5382761938
30
0.0000000000
11
318.3957743423
21
237.6526991965
31
0.0000000000
11
318.4014355315
21
237.6716466473
31
0.0000000000
11
318.4313724074
21
238.0919932493
31
0.0000000000
11
318.2926617568
21
238.5382761938
31
0.0000000000
0
SPLINE
5
6F3
100
AcDbEntity
8
0
100
AcDbSpline
62
7
6
CONTINUOUS
70
0
71
3
72
9
73
5
74
3
42
0.0000001000
43
0.0000001000
44
0.0000000001
12
0.1220765941
22
-0.1678024800
32
0.0000000000
13
-0.0016469780
23
-0.2071336565
33
0.0000000000
40
0.0000000000
40
0.0000000000
40
0.0000000000
40
0.0000000000
40
0.3625039226
40
1.0000000000
40
1.0000000000
40
1.0000000000
40
1.0000000000
10
290.4899553427
20
232.3993209954
30
0.0000000000
10
290.5047064241
20
232.3790446430
30
0.0000000000
10
290.5409980683
20
232.3197555094
30
0.0000000000
10
290.5613900418
20
232.2499339485
30
0.0000000000
10
290.5610400611
20
232.2059183173
30
0.0000000000
11
290.4899553427
21
232.3993209954
31
0.0000000000
11
290.5289287895
21
232.3346754993
31
0.0000000000
11
290.5610400611
21
232.2059183173
31
0.0000000000
0
SPLINE
5
6F4
100
AcDbEntity
8
0
100
AcDbSpline
62
7
6
CONTINUOUS
70
0
71
3
72
10
73
6
74
4
42
0.0000001000
43
0.0000001000
44
0.0000000001
12
-0.4500952153
22
-1.4572587567
32
0.0000000000
13
0.6684072883
23
-1.3620716272
33
0.0000000000
40
0.0000000000
40
0.0000000000
40
0.0000000000
40
0.0000000000
40
0.1926609206
40
0.5772709426
40
1.0000000000
40
1.0000000000
40
1.0000000000
40
1.0000000000
10
262.0028633711
20
229.0074545285
30
0.0000000000
10
261.9739581183
20
228.9138689239
30
0.0000000000
10
261.9119785688
20
228.6258380441
30
0.0000000000
10
261.9394465859
20
228.1122234589
30
0.0000000000
10
262.0801861199
20
227.7231988792
30
0.0000000000
10
262.1743711809
20
227.5312697942
30
0.0000000000
11
262.0028633711
21
229.0074545285
31
0.0000000000
11
261.9412572585
21
228.7206688078
31
0.0000000000
11
261.9653074663
21
228.1376201531
31
0.0000000000
11
262.1743711809
21
227.5312697942
31
0.0000000000
0
SPLINE
5
6F5
100
AcDbEntity
8
0
100
AcDbSpline
62
7
6
CONTINUOUS
70
0
71
3
72
13
73
9
74
7
42
0.0000001000
43
0.0000001000
44
0.0000000001
12
1.1513175361
22
3.7143356604
32
0.0000000000
13
3.8741376415
23
0.0000000000
33
0.0000000000
40
0.0000000000
40
0.0000000000
40
0.0000000000
40
0.0000000000
40
0.1160350878
40
0.2598638964
40
0.4180813149
40
0.5942093698
40
0.7887535563
40
1.0000000000
40
1.0000000000
40
1.0000000000
40
1.0000000000
10
262.4866794072
20
230.5738884090
30
0.0000000000
10
262.5312104843
20
230.7175528305
30
0.0000000000
10
262.6756139687
20
231.0258056704
30
0.0000000000
10
263.0401202069
20
231.4342151038
30
0.0000000000
10
263.5612841175
20
231.7758027756
30
0.0000000000
10
264.2017489961
20
232.0243800557
30
0.0000000000
10
264.9409414272
20
232.1747802641
30
0.0000000000
10
265.4658013270
20
232.2059730738
30
0.0000000000
10
265.7386005934
20
232.2059730738
30
0.0000000000
11
262.4866794072
21
230.5738884090
31
0.0000000000
11
262.6765505875
21
230.9819899876
31
0.0000000000
11
263.0425092859
21
231.4021805567
31
0.0000000000
11
263.5508269390
21
231.7447127310
31
0.0000000000
11
264.1844110460
21
231.9980207657
31
0.0000000000
11
264.9218849837
21
232.1535271898
31
0.0000000000
11
265.7386005934
21
232.2059730738
31
0.0000000000
0
SPLINE
5
6F6
100
AcDbEntity
8
0
100
AcDbSpline
62
7
6
CONTINUOUS
70
0
71
3
72
9
73
5
74
3
42
0.0000001000
43
0.0000001000
44
0.0000000001
12
0.1220765941
22
-0.1678024800
32
0.0000000000
13
-0.0016469780
23
-0.2071336565
33
0.0000000000
40
0.0000000000
40
0.0000000000
40
0.0000000000
40
0.0000000000
40
0.3625039226
40
1.0000000000
40
1.0000000000
40
1.0000000000
40
1.0000000000
10
294.1741996953
20
232.3993209954
30
0.0000000000
10
294.1889507767
20
232.3790446430
30
0.0000000000
10
294.2252424209
20
232.3197555094
30
0.0000000000
10
294.2456343944
20
232.2499339485
30
0.0000000000
10
294.2452844137
20
232.2059183173
30
0.0000000000
11
294.1741996953
21
232.3993209954
31
0.0000000000
11
294.2131731421
21
232.3346754993
31
0.0000000000
11
294.2452844137
21
232.2059183173
31
0.0000000000
0
SPLINE
5
6F7
100
AcDbEntity
8
0
100
AcDbSpline
62
7
6
CONTINUOUS
70
0
71
3
72
10
73
6
74
4
42
0.0000001000
43
0.0000001000
44
0.0000000001
12
-0.5581180670
22
-1.8070008583
32
0.0000000000
13
0.8288250375
23
-1.6889688177
33
0.0000000000
40
0.0000000000
40
0.0000000000
40
0.0000000000
40
0.0000000000
40
0.1926609206
40
0.5772709426
40
1.0000000000
40
1.0000000000
40
1.0000000000
40
1.0000000000
10
266.7960878001
20
210.3074262508
30
0.0000000000
10
266.7602452865
20
210.1913801011
30
0.0000000000
10
266.6833906452
20
209.8342218102
30
0.0000000000
10
266.7174509864
20
209.1973397245
30
0.0000000000
10
266.8919680086
20
208.7149492457
30
0.0000000000
10
267.0087574842
20
208.4769571803
30
0.0000000000
11
266.7960878001
21
210.3074262508
31
0.0000000000
11
266.7196962204
21
209.9518119571
31
0.0000000000
11
266.7495184781
21
209.2288316253
31
0.0000000000
11
267.0087574842
21
208.4769571803
31
0.0000000000
0
SPLINE
5
6F8
100
AcDbEntity
8
0
100
AcDbSpline
62
7
6
CONTINUOUS
70
0
71
3
72
9
73
5
74
3
42
0.0000001000
43
0.0000001000
44
0.0000000001
12
0.1220765941
22
-0.1678024800
32
0.0000000000
13
-0.0016469780
23
-0.2071336565
33
0.0000000000
40
0.0000000000
40
0.0000000000
40
0.0000000000
40
0.0000000000
40
0.3625039226
40
1.0000000000
40
1.0000000000
40
1.0000000000
40
1.0000000000
10
297.8584440478
20
232.3993209954
30
0.0000000000
10
297.8731951292
20
232.3790446430
30
0.0000000000
10
297.9094867735
20
232.3197555094
30
0.0000000000
10
297.9298787469
20
232.2499339485
30
0.0000000000
10
297.9295287663
20
232.2059183173
30
0.0000000000
11
297.8584440478
21
232.3993209954
31
0.0000000000
11
297.8974174947
21
232.3346754993
31
0.0000000000
11
297.9295287663
21
232.2059183173
31
0.0000000000
0
SPLINE
5
6F9
100
AcDbEntity
8
0
100
AcDbSpline
62
7
6
CONTINUOUS
70
0
71
3
72
9
73
5
74
3
42
0.0000001000
43
0.0000001000
44
0.0000000001
12
0.1220765941
22
-0.1678024800
32
0.0000000000
13
-0.0016469780
23
-0.2071336565
33
0.0000000000
40
0.0000000000
40
0.0000000000
40
0.0000000000
40
0.0000000000
40
0.3625039226
40
1.0000000000
40
1.0000000000
40
1.0000000000
40
1.0000000000
10
301.5426884004
20
232.3993209954
30
0.0000000000
10
301.5574394818
20
232.3790446430
30
0.0000000000
10
301.5937311261
20
232.3197555094
30
0.0000000000
10
301.6141230995
20
232.2499339485
30
0.0000000000
10
301.6137731188
20
232.2059183173
30
0.0000000000
11
301.5426884004
21
232.3993209954
31
0.0000000000
11
301.5816618473
21
232.3346754993
31
0.0000000000
11
301.6137731188
21
232.2059183173
31
0.0000000000
0
SPLINE
5
6FA
100
AcDbEntity
8
0
100
AcDbSpline
62
7
6
CONTINUOUS
70
0
71
3
72
9
73
5
74
3
42
0.0000001000
43
0.0000001000
44
0.0000000001
12
0.1220765941
22
-0.1678024800
32
0.0000000000
13
-0.0016469780
23
-0.2071336565
33
0.0000000000
40
0.0000000000
40
0.0000000000
40
0.0000000000
40
0.0000000000
40
0.3625039226
40
1.0000000000
40
1.0000000000
40
1.0000000000
40
1.0000000000
10
305.2269327530
20
232.3993209954
30
0.0000000000
10
305.2416838344
20
232.3790446430
30
0.0000000000
10
305.2779754786
20
232.3197555094
30
0.0000000000
10
305.2983674521
20
232.2499339485
30
0.0000000000
10
305.2980174714
20
232.2059183173
30
0.0000000000
11
305.2269327530
21
232.3993209954
31
0.0000000000
11
305.2659061998
21
232.3346754993
31
0.0000000000
11
305.2980174714
21
232.2059183173
31
0.0000000000
0
SPLINE
5
6FB
100
AcDbEntity
8
0
100
AcDbSpline
62
7
6
CONTINUOUS
70
0
71
3
72
9
73
5
74
3
42
0.0000001000
43
0.0000001000
44
0.0000000001
12
0.1220765941
22
-0.1678024800
32
0.0000000000
13
-0.0016469780
23
-0.2071336565
33
0.0000000000
40
0.0000000000
40
0.0000000000
40
0.0000000000
40
0.0000000000
40
0.3625039226
40
1.0000000000
40
1.0000000000
40
1.0000000000
40
1.0000000000
10
308.9111771056
20
232.3993209954
30
0.0000000000
10
308.9259281870
20
232.3790446430
30
0.0000000000
10
308.9622198312
20
232.3197555094
30
0.0000000000
10
308.9826118047
20
232.2499339485
30
0.0000000000
10
308.9822618240
20
232.2059183173
30
0.0000000000
11
308.9111771056
21
232.3993209954
31
0.0000000000
11
308.9501505524
21
232.3346754993
31
0.0000000000
11
308.9822618240
21
232.2059183173
31
0.0000000000
0
SPLINE
5
6FC
100
AcDbEntity
8
0
100
AcDbSpline
62
7
6
CONTINUOUS
70
0
71
3
72
8
73
4
74
2
42
0.0000001000
43
0.0000001000
44
0.0000000001
12
-0.0332420277
22
0.0677401691
32
0.0000000000
13
-0.0446713137
23
0.0612417893
33
0.0000000000
40
0.0000000000
40
0.0000000000
40
0.0000000000
40
0.0000000000
40
1.0000000000
40
1.0000000000
40
1.0000000000
40
1.0000000000
10
287.4666400188
20
234.8211150218
30
0.0000000000
10
287.4555593429
20
234.8436950781
30
0.0000000000
10
287.4423095166
20
234.8651805090
30
0.0000000000
10
287.4274190788
20
234.8855944388
30
0.0000000000
11
287.4666400188
21
234.8211150218
31
0.0000000000
11
287.4274190788
21
234.8855944388
31
0.0000000000
0
SPLINE
5
6FD
100
AcDbEntity
8
0
100
AcDbSpline
62
7
6
CONTINUOUS
70
0
71
3
72
9
73
5
74
3
42
0.0000001000
43
0.0000001000
44
0.0000000001
12
0.0858875751
22
-0.1750205769
32
0.0000000000
13
-0.0608262352
23
-0.1880522874
33
0.0000000000
40
0.0000000000
40
0.0000000000
40
0.0000000000
40
0.0000000000
40
0.8081900820
40
1.0000000000
40
1.0000000000
40
1.0000000000
40
1.0000000000
10
287.4666400188
20
234.8211150218
30
0.0000000000
10
287.4897778476
20
234.7739650570
30
0.0000000000
10
287.5072789400
20
234.7059125315
30
0.0000000000
10
287.4924432772
20
234.6417285864
30
0.0000000000
10
287.4885542522
20
234.6297051551
30
0.0000000000
11
287.4666400188
21
234.8211150218
31
0.0000000000
11
287.4969448287
21
234.6664931500
31
0.0000000000
11
287.4885542522
21
234.6297051551
31
0.0000000000
0
SPLINE
5
6FE
100
AcDbEntity
8
0
100
AcDbSpline
62
7
6
CONTINUOUS
70
0
71
3
72
8
73
4
74
2
42
0.0000001000
43
0.0000001000
44
0.0000000001
12
-0.0332420277
22
0.0677401691
32
0.0000000000
13
-0.0446713137
23
0.0612417893
33
0.0000000000
40
0.0000000000
40
0.0000000000
40
0.0000000000
40
0.0000000000
40
1.0000000000
40
1.0000000000
40
1.0000000000
40
1.0000000000
10
291.1508843714
20
234.8211150218
30
0.0000000000
10
291.1398036955
20
234.8436950781
30
0.0000000000
10
291.1265538692
20
234.8651805090
30
0.0000000000
10
291.1116634313
20
234.8855944388
30
0.0000000000
11
291.1508843714
21
234.8211150218
31
0.0000000000
11
291.1116634313
21
234.8855944388
31
0.0000000000
0
SPLINE
5
6FF
100
AcDbEntity
8
0
100
AcDbSpline
62
7
6
CONTINUOUS
70
0
71
3
72
9
73
5
74
3
42
0.0000001000
43
0.0000001000
44
0.0000000001
12
0.0858875751
22
-0.1750205769
32
0.0000000000
13
-0.0608262352
23
-0.1880522874
33
0.0000000000
40
0.0000000000
40
0.0000000000
40
0.0000000000
40
0.0000000000
40
0.8081900820
40
1.0000000000
40
1.0000000000
40
1.0000000000
40
1.0000000000
10
291.1508843714
20
234.8211150218
30
0.0000000000
10
291.1740222002
20
234.7739650570
30
0.0000000000
10
291.1915232926
20
234.7059125315
30
0.0000000000
10
291.1766876298
20
234.6417285864
30
0.0000000000
10
291.1727986047
20
234.6297051551
30
0.0000000000
11
291.1508843714
21
234.8211150218
31
0.0000000000
11
291.1811891813
21
234.6664931500
31
0.0000000000
11
291.1727986047
21
234.6297051551
31
0.0000000000
0
SPLINE
5
700
100
AcDbEntity
8
0
100
AcDbSpline
62
7
6
CONTINUOUS
70
0
71
3
72
8
73
4
74
2
42
0.0000001000
43
0.0000001000
44
0.0000000001
12
-0.0332420277
22
0.0677401691
32
0.0000000000
13
-0.0446713137
23
0.0612417893
33
0.0000000000
40
0.0000000000
40
0.0000000000
40
0.0000000000
40
0.0000000000
40
1.0000000000
40
1.0000000000
40
1.0000000000
40
1.0000000000
10
294.8351287240
20
234.8211150218
30
0.0000000000
10
294.8240480481
20
234.8436950781
30
0.0000000000
10
294.8107982218
20
234.8651805090
30
0.0000000000
10
294.7959077839
20
234.8855944388
30
0.0000000000
11
294.8351287240
21
234.8211150218
31
0.0000000000
11
294.7959077839
21
234.8855944388
31
0.0000000000
0
SPLINE
5
701
100
AcDbEntity
8
0
100
AcDbSpline
62
7
6
CONTINUOUS
70
0
71
3
72
9
73
5
74
3
42
0.0000001000
43
0.0000001000
44
0.0000000001
12
0.0858875751
22
-0.1750205769
32
0.0000000000
13
-0.0608262352
23
-0.1880522874
33
0.0000000000
40
0.0000000000
40
0.0000000000
40
0.0000000000
40
0.0000000000
40
0.8081900820
40
1.0000000000
40
1.0000000000
40
1.0000000000
40
1.0000000000
10
294.8351287240
20
234.8211150218
30
0.0000000000
10
294.8582665528
20
234.7739650570
30
0.0000000000
10
294.8757676451
20
234.7059125315
30
0.0000000000
10
294.8609319824
20
234.6417285864
30
0.0000000000
10
294.8570429573
20
234.6297051551
30
0.0000000000
11
294.8351287240
21
234.8211150218
31
0.0000000000
11
294.8654335339
21
234.6664931500
31
0.0000000000
11
294.8570429573
21
234.6297051551
31
0.0000000000
0
SPLINE
5
702
100
AcDbEntity
8
0
100
AcDbSpline
62
7
6
CONTINUOUS
70
0
71
3
72
8
73
4
74
2
42
0.0000001000
43
0.0000001000
44
0.0000000001
12
-0.0332420277
22
0.0677401691
32
0.0000000000
13
-0.0446713137
23
0.0612417893
33
0.0000000000
40
0.0000000000
40
0.0000000000
40
0.0000000000
40
0.0000000000
40
1.0000000000
40
1.0000000000
40
1.0000000000
40
1.0000000000
10
298.5193730766
20
234.8211150218
30
0.0000000000
10
298.5082924007
20
234.8436950781
30
0.0000000000
10
298.4950425744
20
234.8651805090
30
0.0000000000
10
298.4801521365
20
234.8855944388
30
0.0000000000
11
298.5193730766
21
234.8211150218
31
0.0000000000
11
298.4801521365
21
234.8855944388
31
0.0000000000
0
SPLINE
5
703
100
AcDbEntity
8
0
100
AcDbSpline
62
7
6
CONTINUOUS
70
0
71
3
72
9
73
5
74
3
42
0.0000001000
43
0.0000001000
44
0.0000000001
12
0.0858875751
22
-0.1750205769
32
0.0000000000
13
-0.0608262352
23
-0.1880522874
33
0.0000000000
40
0.0000000000
40
0.0000000000
40
0.0000000000
40
0.0000000000
40
0.8081900820
40
1.0000000000
40
1.0000000000
40
1.0000000000
40
1.0000000000
10
298.5193730766
20
234.8211150218
30
0.0000000000
10
298.5425109054
20
234.7739650570
30
0.0000000000
10
298.5600119977
20
234.7059125315
30
0.0000000000
10
298.5451763350
20
234.6417285864
30
0.0000000000
10
298.5412873099
20
234.6297051551
30
0.0000000000
11
298.5193730766
21
234.8211150218
31
0.0000000000
11
298.5496778865
21
234.6664931500
31
0.0000000000
11
298.5412873099
21
234.6297051551
31
0.0000000000
0
SPLINE
5
704
100
AcDbEntity
8
0
100
AcDbSpline
62
7
6
CONTINUOUS
70
0
71
3
72
8
73
4
74
2
42
0.0000001000
43
0.0000001000
44
0.0000000001
12
-0.0332420277
22
0.0677401691
32
0.0000000000
13
-0.0446713137
23
0.0612417893
33
0.0000000000
40
0.0000000000
40
0.0000000000
40
0.0000000000
40
0.0000000000
40
1.0000000000
40
1.0000000000
40
1.0000000000
40
1.0000000000
10
302.2036174291
20
234.8211150218
30
0.0000000000
10
302.1925367532
20
234.8436950781
30
0.0000000000
10
302.1792869269
20
234.8651805090
30
0.0000000000
10
302.1643964891
20
234.8855944388
30
0.0000000000
11
302.2036174291
21
234.8211150218
31
0.0000000000
11
302.1643964891
21
234.8855944388
31
0.0000000000
0
SPLINE
5
705
100
AcDbEntity
8
0
100
AcDbSpline
62
7
6
CONTINUOUS
70
0
71
3
72
9
73
5
74
3
42
0.0000001000
43
0.0000001000
44
0.0000000001
12
0.0858875751
22
-0.1750205769
32
0.0000000000
13
-0.0608262352
23
-0.1880522874
33
0.0000000000
40
0.0000000000
40
0.0000000000
40
0.0000000000
40
0.0000000000
40
0.8081900820
40
1.0000000000
40
1.0000000000
40
1.0000000000
40
1.0000000000
10
302.2036174291
20
234.8211150218
30
0.0000000000
10
302.2267552579
20
234.7739650570
30
0.0000000000
10
302.2442563503
20
234.7059125315
30
0.0000000000
10
302.2294206875
20
234.6417285864
30
0.0000000000
10
302.2255316625
20
234.6297051551
30
0.0000000000
11
302.2036174291
21
234.8211150218
31
0.0000000000
11
302.2339222390
21
234.6664931500
31
0.0000000000
11
302.2255316625
21
234.6297051551
31
0.0000000000
0
SPLINE
5
706
100
AcDbEntity
8
0
100
AcDbSpline
62
7
6
CONTINUOUS
70
0
71
3
72
8
73
4
74
2
42
0.0000001000
43
0.0000001000
44
0.0000000001
12
-0.0332420277
22
0.0677401691
32
0.0000000000
13
-0.0446713137
23
0.0612417893
33
0.0000000000
40
0.0000000000
40
0.0000000000
40
0.0000000000
40
0.0000000000
40
1.0000000000
40
1.0000000000
40
1.0000000000
40
1.0000000000
10
305.8878617817
20
234.8211150218
30
0.0000000000
10
305.8767811058
20
234.8436950781
30
0.0000000000
10
305.8635312795
20
234.8651805090
30
0.0000000000
10
305.8486408416
20
234.8855944388
30
0.0000000000
11
305.8878617817
21
234.8211150218
31
0.0000000000
11
305.8486408416
21
234.8855944388
31
0.0000000000
0
SPLINE
5
707
100
AcDbEntity
8
0
100
AcDbSpline
62
7
6
CONTINUOUS
70
0
71
3
72
9
73
5
74
3
42
0.0000001000
43
0.0000001000
44
0.0000000001
12
0.0858875751
22
-0.1750205769
32
0.0000000000
13
-0.0608262352
23
-0.1880522874
33
0.0000000000
40
0.0000000000
40
0.0000000000
40
0.0000000000
40
0.0000000000
40
0.8081900820
40
1.0000000000
40
1.0000000000
40
1.0000000000
40
1.0000000000
10
305.8878617817
20
234.8211150218
30
0.0000000000
10
305.9109996105
20
234.7739650570
30
0.0000000000
10
305.9285007029
20
234.7059125315
30
0.0000000000
10
305.9136650401
20
234.6417285864
30
0.0000000000
10
305.9097760150
20
234.6297051551
30
0.0000000000
11
305.8878617817
21
234.8211150218
31
0.0000000000
11
305.9181665916
21
234.6664931500
31
0.0000000000
11
305.9097760150
21
234.6297051551
31
0.0000000000
0
SPLINE
5
708
100
AcDbEntity
8
0
100
AcDbSpline
62
7
6
CONTINUOUS
70
0
71
3
72
8
73
4
74
2
42
0.0000001000
43
0.0000001000
44
0.0000000001
12
-0.0332420277
22
0.0677401691
32
0.0000000000
13
-0.0446713137
23
0.0612417893
33
0.0000000000
40
0.0000000000
40
0.0000000000
40
0.0000000000
40
0.0000000000
40
1.0000000000
40
1.0000000000
40
1.0000000000
40
1.0000000000
10
309.5721061343
20
234.8211150218
30
0.0000000000
10
309.5610254584
20
234.8436950781
30
0.0000000000
10
309.5477756321
20
234.8651805090
30
0.0000000000
10
309.5328851942
20
234.8855944388
30
0.0000000000
11
309.5721061343
21
234.8211150218
31
0.0000000000
11
309.5328851942
21
234.8855944388
31
0.0000000000
0
SPLINE
5
709
100
AcDbEntity
8
0
100
AcDbSpline
62
7
6
CONTINUOUS
70
0
71
3
72
9
73
5
74
3
42
0.0000001000
43
0.0000001000
44
0.0000000001
12
0.0858875751
22
-0.1750205769
32
0.0000000000
13
-0.0608262352
23
-0.1880522874
33
0.0000000000
40
0.0000000000
40
0.0000000000
40
0.0000000000
40
0.0000000000
40
0.8081900820
40
1.0000000000
40
1.0000000000
40
1.0000000000
40
1.0000000000
10
309.5721061343
20
234.8211150218
30
0.0000000000
10
309.5952439631
20
234.7739650570
30
0.0000000000
10
309.6127450554
20
234.7059125315
30
0.0000000000
10
309.5979093927
20
234.6417285864
30
0.0000000000
10
309.5940203676
20
234.6297051551
30
0.0000000000
11
309.5721061343
21
234.8211150218
31
0.0000000000
11
309.6024109442
21
234.6664931500
31
0.0000000000
11
309.5940203676
21
234.6297051551
31
0.0000000000
0
SPLINE
5
70A
100
AcDbEntity
8
0
100
AcDbSpline
62
7
6
CONTINUOUS
70
0
71
3
72
9
73
5
74
3
42
0.0000001000
43
0.0000001000
44
0.0000000001
12
0.0946213329
22
-0.1928181143
32
0.0000000000
13
-0.0565161958
23
-0.2106433575
33
0.0000000000
40
0.0000000000
40
0.0000000000
40
0.0000000000
40
0.0000000000
40
0.7616787982
40
1.0000000000
40
1.0000000000
40
1.0000000000
40
1.0000000000
10
316.7044065234
20
240.1049300702
30
0.0000000000
10
316.7284302111
20
240.0559749137
30
0.0000000000
10
316.7490453570
20
239.9830734914
30
0.0000000000
10
316.7371860192
20
239.9111334795
30
0.0000000000
10
316.7326963500
20
239.8943998868
30
0.0000000000
11
316.7044065234
21
240.1049300702
31
0.0000000000
11
316.7409942294
21
239.9454777449
31
0.0000000000
11
316.7326963500
21
239.8943998868
31
0.0000000000
0
SPLINE
5
70B
100
AcDbEntity
8
0
100
AcDbSpline
62
7
6
CONTINUOUS
70
0
71
3
72
14
73
10
74
8
42
0.0000001000
43
0.0000001000
44
0.0000000001
12
-0.3890580484
22
-1.2589934753
32
0.0000000000
13
-1.3177369752
23
0.0000000000
33
0.0000000000
40
0.0000000000
40
0.0000000000
40
0.0000000000
40
0.0000000000
40
0.0621993348
40
0.1201511141
40
0.2313599256
40
0.4615198100
40
0.5863961067
40
0.7180185099
40
1.0000000000
40
1.0000000000
40
1.0000000000
40
1.0000000000
10
292.3621071990
20
221.5075048936
30
0.0000000000
10
292.3540408151
20
221.4814020414
30
0.0000000000
10
292.3340679850
20
221.4321756112
30
0.0000000000
10
292.2793561669
20
221.3459994965
30
0.0000000000
10
292.1509207522
20
221.2228205363
30
0.0000000000
10
291.9577985921
20
221.1406360794
30
0.0000000000
10
291.7500106187
20
221.0914718214
30
0.0000000000
10
291.5154859616
20
221.0579156763
30
0.0000000000
10
291.3335261624
20
221.0507449389
30
0.0000000000
10
291.2096670171
20
221.0507449389
30
0.0000000000
11
292.3621071990
21
221.5075048936
31
0.0000000000
11
292.3310999777
21
221.4316340743
31
0.0000000000
11
292.2902597211
21
221.3671071995
31
0.0000000000
11
292.1858257749
21
221.2643030948
31
0.0000000000
11
291.9122852930
21
221.1333048350
31
0.0000000000
11
291.7523704582
21
221.0945066152
31
0.0000000000
11
291.5807873817
21
221.0691695376
31
0.0000000000
11
291.2096670171
21
221.0507449389
31
0.0000000000
0
SPLINE
5
70C
100
AcDbEntity
8
0
100
AcDbSpline
62
7
6
CONTINUOUS
70
0
71
3
72
11
73
7
74
5
42
0.0000001000
43
0.0000001000
44
0.0000000001
12
-2.1372312231
22
1.0168110511
32
0.0000000000
13
-2.3667830519
23
-0.0000000000
33
0.0000000000
40
0.0000000000
40
0.0000000000
40
0.0000000000
40
0.0000000000
40
0.2528280201
40
0.5076463374
40
0.7585733171
40
1.0000000000
40
1.0000000000
40
1.0000000000
40
1.0000000000
10
320.2795034003
20
217.6117279411
30
0.0000000000
10
320.0993860874
20
217.6974207160
30
0.0000000000
10
319.7278578297
20
217.8494098972
30
0.0000000000
10
319.1521064095
20
218.0165890350
30
0.0000000000
10
318.5706842818
20
218.1200970285
30
0.0000000000
10
318.1819647694
20
218.1449605968
30
0.0000000000
10
317.9914965757
20
218.1449605968
30
0.0000000000
11
320.2795034003
21
217.6117279411
31
0.0000000000
11
319.7258985310
21
217.8388647531
31
0.0000000000
11
319.1466915241
21
218.0069375378
31
0.0000000000
11
318.5618401270
21
218.1101550078
31
0.0000000000
11
317.9914965757
21
218.1449605968
31
0.0000000000
0
SPLINE
5
70D
100
AcDbEntity
8
0
100
AcDbSpline
62
7
6
CONTINUOUS
70
0
71
3
72
12
73
8
74
6
42
0.0000001000
43
0.0000001000
44
0.0000000001
12
0.6309200092
22
-1.2856805404
32
0.0000000000
13
1.4321433273
23
-0.0000000000
33
0.0000000000
40
0.0000000000
40
0.0000000000
40
0.0000000000
40
0.0000000000
40
0.1657000987
40
0.3589848199
40
0.5713388279
40
0.7897596313
40
1.0000000000
40
1.0000000000
40
1.0000000000
40
1.0000000000
10
314.4627411186
20
218.7665704774
30
0.0000000000
10
314.4975889545
20
218.6955580133
30
0.0000000000
10
314.6039053175
20
218.5568555743
30
0.0000000000
10
314.8205336306
20
218.3881631875
30
0.0000000000
10
315.0886175057
20
218.2540724501
30
0.0000000000
10
315.3835106967
20
218.1671725172
30
0.0000000000
10
315.5884790749
20
218.1449605968
30
0.0000000000
10
315.6888438553
20
218.1449605968
30
0.0000000000
11
314.4627411186
21
218.7665704774
31
0.0000000000
11
314.6020841103
21
218.5744824604
31
0.0000000000
11
314.8179471159
21
218.4011973569
31
0.0000000000
11
315.0891999603
21
218.2636775201
31
0.0000000000
11
315.3892905253
21
218.1753843499
31
0.0000000000
11
315.6888438553
21
218.1449605968
31
0.0000000000
0
SPLINE
5
70E
100
AcDbEntity
8
0
100
AcDbSpline
62
7
6
CONTINUOUS
70
0
71
3
72
10
73
6
74
4
42
0.0000001000
43
0.0000001000
44
0.0000000001
12
-0.3498395576
22
-0.3758269181
32
0.0000000000
13
-0.1516685461
23
-0.4906454257
33
0.0000000000
40
0.0000000000
40
0.0000000000
40
0.0000000000
40
0.0000000000
40
0.3481267182
40
0.6857541353
40
1.0000000000
40
1.0000000000
40
1.0000000000
40
1.0000000000
10
309.2336130305
20
228.7744895555
30
0.0000000000
10
309.1930168648
20
228.7308777583
30
0.0000000000
10
309.1188078024
20
228.6393128777
30
0.0000000000
10
309.0319494125
20
228.4911130412
30
0.0000000000
10
308.9908129592
20
228.3868374555
30
0.0000000000
10
308.9749258881
20
228.3354430235
30
0.0000000000
11
309.2336130305
21
228.7744895555
31
0.0000000000
11
309.1214459828
21
228.6353173918
31
0.0000000000
11
309.0340722571
21
228.4855908946
31
0.0000000000
11
308.9749258881
21
228.3354430235
31
0.0000000000
0
SPLINE
5
70F
100
AcDbEntity
8
0
100
AcDbSpline
62
7
6
CONTINUOUS
70
0
71
3
72
9
73
5
74
3
42
0.0000001000
43
0.0000001000
44
0.0000000001
12
-0.3477212112
22
-0.3735512133
32
0.0000000000
13
-0.1507756692
23
-0.4909796144
33
0.0000000000
40
0.0000000000
40
0.0000000000
40
0.0000000000
40
0.0000000000
40
0.8774392928
40
1.0000000000
40
1.0000000000
40
1.0000000000
40
1.0000000000
10
265.3937678719
20
228.1869943518
30
0.0000000000
10
265.2920664540
20
228.0777381810
30
0.0000000000
10
265.1965768946
20
227.9304432135
30
0.0000000000
10
265.1414245239
20
227.7682984245
30
0.0000000000
10
265.1352647997
20
227.7482401550
30
0.0000000000
11
265.3937678719
21
228.1869943518
31
0.0000000000
11
265.1555494610
21
227.8078205235
31
0.0000000000
11
265.1352647997
21
227.7482401550
31
0.0000000000
0
SPLINE
5
710
100
AcDbEntity
8
0
100
AcDbSpline
62
7
6
CONTINUOUS
70
0
71
3
72
10
73
6
74
4
42
0.0000001000
43
0.0000001000
44
0.0000000001
12
-0.6565352057
22
0.5125228923
32
0.0000000000
13
-0.7380741438
23
0.3859595182
33
0.0000000000
40
0.0000000000
40
0.0000000000
40
0.0000000000
40
0.0000000000
40
0.3239044447
40
0.6577690136
40
1.0000000000
40
1.0000000000
40
1.0000000000
40
1.0000000000
10
270.4149351374
20
227.7390695849
30
0.0000000000
10
270.3440502469
20
227.7944057325
30
0.0000000000
10
270.1962996444
20
227.9019862081
30
0.0000000000
10
269.9621005176
20
228.0513610731
30
0.0000000000
10
269.7981245962
20
228.1429652496
30
0.0000000000
10
269.7139273155
20
228.1869943518
30
0.0000000000
11
270.4149351374
21
227.7390695849
31
0.0000000000
11
270.1970096687
21
227.8980956909
31
0.0000000000
11
269.9626858414
21
228.0478221882
31
0.0000000000
11
269.7139273155
21
228.1869943518
31
0.0000000000
0
SPLINE
5
711
100
AcDbEntity
8
0
100
AcDbSpline
62
7
6
CONTINUOUS
70
0
71
3
72
10
73
6
74
4
42
0.0000001000
43
0.0000001000
44
0.0000000001
12
-1.0437325019
22
0.0000000000
32
0.0000000000
13
-0.8227268776
23
0.6422600878
33
0.0000000000
40
0.0000000000
40
0.0000000000
40
0.0000000000
40
0.0000000000
40
0.3320741903
40
0.6751555534
40
1.0000000000
40
1.0000000000
40
1.0000000000
40
1.0000000000
10
271.3891287350
20
227.4099820010
30
0.0000000000
10
271.2735965265
20
227.4099820010
30
0.0000000000
10
271.0382023655
20
227.4392145902
30
0.0000000000
10
270.7066775460
20
227.5507936339
30
0.0000000000
10
270.5040212231
20
227.6695247106
30
0.0000000000
10
270.4149351374
20
227.7390695849
30
0.0000000000
11
271.3891287350
21
227.4099820010
31
0.0000000000
11
271.0448373789
21
227.4498904322
31
0.0000000000
11
270.7055858212
21
227.5644913449
31
0.0000000000
11
270.4149351374
21
227.7390695849
31
0.0000000000
0
SPLINE
5
712
100
AcDbEntity
8
0
100
AcDbSpline
62
7
6
CONTINUOUS
70
0
71
3
72
10
73
6
74
4
42
0.0000001000
43
0.0000001000
44
0.0000000001
12
0.6189653811
22
0.0000000000
32
0.0000000000
13
0.4203324111
23
0.4615947400
33
0.0000000000
40
0.0000000000
40
0.0000000000
40
0.0000000000
40
0.0000000000
40
0.3810787534
40
0.7146367606
40
1.0000000000
40
1.0000000000
40
1.0000000000
40
1.0000000000
10
308.3210157325
20
227.9974772047
30
0.0000000000
10
308.3996405844
20
227.9974772047
30
0.0000000000
10
308.5476713806
20
228.0099903421
30
0.0000000000
10
308.7464199742
20
228.0728225240
30
0.0000000000
10
308.8536905020
20
228.1468640451
30
0.0000000000
10
308.8936729748
20
228.1907714352
30
0.0000000000
11
308.3210157325
21
227.9974772047
31
0.0000000000
11
308.5558094098
21
228.0200323638
31
0.0000000000
11
308.7514271599
21
228.0860610101
31
0.0000000000
11
308.8936729748
21
228.1907714352
31
0.0000000000
0
SPLINE
5
713
100
AcDbEntity
8
0
100
AcDbSpline
62
7
6
CONTINUOUS
70
0
71
3
72
8
73
4
74
2
42
0.0000001000
43
0.0000001000
44
0.0000000001
12
0.1045543099
22
0.1148179827
32
0.0000000000
13
0.0455967313
23
0.1471134494
33
0.0000000000
40
0.0000000000
40
0.0000000000
40
0.0000000000
40
0.0000000000
40
1.0000000000
40
1.0000000000
40
1.0000000000
40
1.0000000000
10
308.8936729748
20
228.1907714352
30
0.0000000000
10
308.9285244114
20
228.2290440961
30
0.0000000000
10
308.9561757338
20
228.2747395935
30
0.0000000000
10
308.9713746442
20
228.3237774099
30
0.0000000000
11
308.8936729748
21
228.1907714352
31
0.0000000000
11
308.9713746442
21
228.3237774099
31
0.0000000000
0
SPLINE
5
714
100
AcDbEntity
8
0
100
AcDbSpline
62
7
6
CONTINUOUS
70
0
71
3
72
11
73
7
74
5
42
0.0000001000
43
0.0000001000
44
0.0000000001
12
0.8234483742
22
-0.6428233226
32
0.0000000000
13
1.0446478110
23
0.0000000000
33
0.0000000000
40
0.0000000000
40
0.0000000000
40
0.0000000000
40
0.0000000000
40
0.2408613675
40
0.4959248721
40
0.7531046203
40
1.0000000000
40
1.0000000000
40
1.0000000000
40
1.0000000000
10
270.5964847179
20
228.3265647885
30
0.0000000000
10
270.6625970184
20
228.2749543537
30
0.0000000000
10
270.8095415199
20
228.1822064729
30
0.0000000000
10
271.0518595276
20
228.0794009564
30
0.0000000000
10
271.3089527317
20
228.0138537407
30
0.0000000000
10
271.4847054095
20
227.9974772047
30
0.0000000000
10
271.5706783155
20
227.9974772047
30
0.0000000000
11
270.5964847179
21
228.3265647885
31
0.0000000000
11
270.8083111198
21
228.1907714352
31
0.0000000000
11
271.0533257023
21
228.0860610101
31
0.0000000000
11
271.3137477220
21
228.0200323638
31
0.0000000000
11
271.5706783155
21
227.9974772047
31
0.0000000000
0
SPLINE
5
715
100
AcDbEntity
8
0
100
AcDbSpline
62
7
6
CONTINUOUS
70
0
71
3
72
11
73
7
74
5
42
0.0000001000
43
0.0000001000
44
0.0000000001
12
-1.4305098799
22
0.0000000000
32
0.0000000000
13
-0.6302004062
23
1.2842141428
33
0.0000000000
40
0.0000000000
40
0.0000000000
40
0.0000000000
40
0.0000000000
40
0.2647047187
40
0.5366502071
40
0.7885462128
40
1.0000000000
40
1.0000000000
40
1.0000000000
40
1.0000000000
10
315.5072942747
20
217.5574653931
30
0.0000000000
10
315.3810733696
20
217.5574653931
30
0.0000000000
10
315.1246593284
20
217.5920487301
30
0.0000000000
10
314.7689086059
20
217.7225884197
30
0.0000000000
10
314.4725869142
20
217.9152667594
30
0.0000000000
10
314.3256109589
20
218.0885579590
30
0.0000000000
10
314.2811915380
20
218.1790752737
30
0.0000000000
11
315.5072942747
21
217.5574653931
31
0.0000000000
11
315.1315995432
21
217.6047826278
31
0.0000000000
11
314.7666611031
21
217.7395307119
31
0.0000000000
11
314.4680375237
21
217.9411954710
31
0.0000000000
11
314.2811915380
21
218.1790752737
31
0.0000000000
0
SPLINE
5
716
100
AcDbEntity
8
0
100
AcDbSpline
62
7
6
CONTINUOUS
70
0
71
3
72
10
73
6
74
4
42
0.0000001000
43
0.0000001000
44
0.0000000001
12
-2.1363835159
22
1.0164077452
32
0.0000000000
13
-2.3658442957
23
0.0000000000
33
0.0000000000
40
0.0000000000
40
0.0000000000
40
0.0000000000
40
0.0000000000
40
0.3378451471
40
0.6757344457
40
1.0000000000
40
1.0000000000
40
1.0000000000
40
1.0000000000
10
320.0979538197
20
217.0242327374
30
0.0000000000
10
319.8573648853
20
217.1386955454
30
0.0000000000
10
319.3584687133
20
217.3321452536
30
0.0000000000
10
318.5884895559
20
217.5127727706
30
0.0000000000
10
318.0656675991
20
217.5574653931
30
0.0000000000
10
317.8099469951
20
217.5574653931
30
0.0000000000
11
320.0979538197
21
217.0242327374
31
0.0000000000
11
319.3531506930
21
217.3142865779
31
0.0000000000
11
318.5746205580
21
217.4957273354
31
0.0000000000
11
317.8099469951
21
217.5574653931
31
0.0000000000
0
SPLINE
5
717
100
AcDbEntity
8
0
100
AcDbSpline
62
7
6
CONTINUOUS
70
0
71
3
72
10
73
6
74
4
42
0.0000001000
43
0.0000001000
44
0.0000000001
12
-0.6565352057
22
0.5125228923
32
0.0000000000
13
-0.7380741438
23
0.3859595182
33
0.0000000000
40
0.0000000000
40
0.0000000000
40
0.0000000000
40
0.0000000000
40
0.3239044447
40
0.6577690136
40
1.0000000000
40
1.0000000000
40
1.0000000000
40
1.0000000000
10
270.5964847179
20
228.3265647885
30
0.0000000000
10
270.5255998275
20
228.3819009361
30
0.0000000000
10
270.3778492249
20
228.4894814117
30
0.0000000000
10
270.1436500982
20
228.6388562768
30
0.0000000000
10
269.9796741768
20
228.7304604533
30
0.0000000000
10
269.8954768960
20
228.7744895555
30
0.0000000000
11
270.5964847179
21
228.3265647885
31
0.0000000000
11
270.3785592493
21
228.4855908946
31
0.0000000000
11
270.1442354219
21
228.6353173918
31
0.0000000000
11
269.8954768960
21
228.7744895555
31
0.0000000000
0
SPLINE
5
718
100
AcDbEntity
8
0
100
AcDbSpline
62
7
6
CONTINUOUS
70
0
71
3
72
10
73
6
74
4
42
0.0000001000
43
0.0000001000
44
0.0000000001
12
-0.3498395576
22
-0.3758269181
32
0.0000000000
13
-0.1516685461
23
-0.4906454257
33
0.0000000000
40
0.0000000000
40
0.0000000000
40
0.0000000000
40
0.0000000000
40
0.3481267182
40
0.6857541353
40
1.0000000000
40
1.0000000000
40
1.0000000000
40
1.0000000000
10
309.0520634499
20
228.1869943518
30
0.0000000000
10
309.0114672842
20
228.1433825546
30
0.0000000000
10
308.9372582218
20
228.0518176741
30
0.0000000000
10
308.8503998319
20
227.9036178376
30
0.0000000000
10
308.8092633787
20
227.7993422518
30
0.0000000000
10
308.7933763075
20
227.7479478198
30
0.0000000000
11
309.0520634499
21
228.1869943518
31
0.0000000000
11
308.9398964022
21
228.0478221882
31
0.0000000000
11
308.8525226765
21
227.8980956909
31
0.0000000000
11
308.7933763075
21
227.7479478198
31
0.0000000000
0
SPLINE
5
719
100
AcDbEntity
8
0
100
AcDbSpline
62
7
6
CONTINUOUS
70
0
71
3
72
13
73
9
74
7
42
0.0000001000
43
0.0000001000
44
0.0000000001
12
-4.8023020326
22
0.0000000000
32
0.0000000000
13
-1.4246248232
23
-4.6124618260
33
0.0000000000
40
0.0000000000
40
0.0000000000
40
0.0000000000
40
0.0000000000
40
0.2249504099
40
0.4307440742
40
0.6154762533
40
0.7803389659
40
0.9305712731
40
1.0000000000
40
1.0000000000
40
1.0000000000
40
1.0000000000
10
270.8280780093
20
212.3309384401
30
0.0000000000
10
270.4679847390
20
212.3309384401
30
0.0000000000
10
269.7771942993
20
212.2872946124
30
0.0000000000
10
268.8104058726
20
212.0757847472
30
0.0000000000
10
267.9860157306
20
211.7262892781
30
0.0000000000
10
267.3345357509
20
211.2460612915
30
0.0000000000
10
266.9606555114
20
210.7434562814
30
0.0000000000
10
266.8290577627
20
210.4141720349
30
0.0000000000
10
266.7960878001
20
210.3074262508
30
0.0000000000
11
270.8280780093
21
212.3309384401
31
0.0000000000
11
269.7503393592
21
212.2568852709
31
0.0000000000
11
268.7866975938
21
212.0375715850
31
0.0000000000
11
267.9741849257
21
211.6814254842
31
0.0000000000
11
267.3440257612
21
211.2021334637
31
0.0000000000
11
266.9204367636
21
210.6181144469
31
0.0000000000
11
266.7960878001
21
210.3074262508
31
0.0000000000
0
SPLINE
5
71A
100
AcDbEntity
8
0
100
AcDbSpline
62
7
6
CONTINUOUS
70
0
71
3
72
9
73
5
74
3
42
0.0000001000
43
0.0000001000
44
0.0000000001
12
-0.2395735528
22
0.3337940752
32
0.0000000000
13
0.1211056725
23
0.3945701186
33
0.0000000000
40
0.0000000000
40
0.0000000000
40
0.0000000000
40
0.0000000000
40
0.5495452658
40
1.0000000000
40
1.0000000000
40
1.0000000000
40
1.0000000000
10
311.2903276110
20
224.1396174119
30
0.0000000000
10
311.2464421071
20
224.2007623965
30
0.0000000000
10
311.1805201926
20
224.3256297407
30
0.0000000000
10
311.1810141193
20
224.4698634255
30
0.0000000000
10
311.1991983272
20
224.5291087515
30
0.0000000000
11
311.2903276110
21
224.1396174119
31
0.0000000000
11
311.1940455390
21
224.3438515471
31
0.0000000000
11
311.1991983272
21
224.5291087515
31
0.0000000000
0
SPLINE
5
71B
100
AcDbEntity
8
0
100
AcDbSpline
62
7
6
CONTINUOUS
70
0
71
3
72
17
73
13
74
11
42
0.0000001000
43
0.0000001000
44
0.0000000001
12
1.0540752260
22
-2.1479807049
32
0.0000000000
13
0.7028726634
23
2.3082872363
33
0.0000000000
40
0.0000000000
40
0.0000000000
40
0.0000000000
40
0.0000000000
40
0.0971099841
40
0.2092933247
40
0.3328070950
40
0.4616252499
40
0.5888083669
40
0.7076899456
40
0.8131153610
40
0.9029980804
40
0.9803916924
40
1.0000000000
40
1.0000000000
40
1.0000000000
40
1.0000000000
10
267.2408400224
20
226.7883721204
30
0.0000000000
10
267.2749604319
20
226.7188419964
30
0.0000000000
10
267.3757481533
20
226.5822697328
30
0.0000000000
10
267.5808972158
20
226.4112842861
30
0.0000000000
10
267.8363571673
20
226.2692913486
30
0.0000000000
10
268.1227066966
20
226.1672900201
30
0.0000000000
10
268.4180908870
20
226.1129352527
30
0.0000000000
10
268.7000595303
20
226.1104083175
30
0.0000000000
10
268.9479217711
20
226.1604028457
30
0.0000000000
10
269.1449147409
20
226.2612891514
30
0.0000000000
10
269.2443982568
20
226.3797627268
30
0.0000000000
10
269.2719626611
20
226.4527921563
30
0.0000000000
10
269.2765567089
20
226.4678793583
30
0.0000000000
11
267.2408400224
21
226.7883721204
31
0.0000000000
11
267.3745658486
21
226.5983585214
31
0.0000000000
11
267.5784195011
21
226.4237386941
31
0.0000000000
11
267.8358859692
21
226.2786592985
31
0.0000000000
11
268.1261068510
21
226.1748738043
31
0.0000000000
11
268.4255701766
21
226.1207902951
31
0.0000000000
11
268.7100152084
21
226.1207902951
31
0.0000000000
11
268.9563979015
21
226.1748738043
31
0.0000000000
11
269.1447577954
21
226.2786592985
31
0.0000000000
11
269.2598350918
21
226.4237386941
31
0.0000000000
11
269.2765567089
21
226.4678793583
31
0.0000000000
0
SPLINE
5
71C
100
AcDbEntity
8
0
100
AcDbSpline
62
7
6
CONTINUOUS
70
0
71
3
72
17
73
13
74
11
42
0.0000001000
43
0.0000001000
44
0.0000000001
12
1.0540752260
22
-2.1479807049
32
0.0000000000
13
0.7028726634
23
2.3082872363
33
0.0000000000
40
0.0000000000
40
0.0000000000
40
0.0000000000
40
0.0000000000
40
0.0971099841
40
0.2092933247
40
0.3328070950
40
0.4616252499
40
0.5888083669
40
0.7076899456
40
0.8131153610
40
0.9029980804
40
0.9803916924
40
1.0000000000
40
1.0000000000
40
1.0000000000
40
1.0000000000
10
310.8991356004
20
226.7883721204
30
0.0000000000
10
310.9332560099
20
226.7188419964
30
0.0000000000
10
311.0340437313
20
226.5822697328
30
0.0000000000
10
311.2391927938
20
226.4112842861
30
0.0000000000
10
311.4946527453
20
226.2692913486
30
0.0000000000
10
311.7810022747
20
226.1672900201
30
0.0000000000
10
312.0763864650
20
226.1129352527
30
0.0000000000
10
312.3583551083
20
226.1104083175
30
0.0000000000
10
312.6062173491
20
226.1604028457
30
0.0000000000
10
312.8032103189
20
226.2612891514
30
0.0000000000
10
312.9026938349
20
226.3797627268
30
0.0000000000
10
312.9302582391
20
226.4527921563
30
0.0000000000
10
312.9348522869
20
226.4678793583
30
0.0000000000
11
310.8991356004
21
226.7883721204
31
0.0000000000
11
311.0328614266
21
226.5983585214
31
0.0000000000
11
311.2367150791
21
226.4237386941
31
0.0000000000
11
311.4941815472
21
226.2786592985
31
0.0000000000
11
311.7844024290
21
226.1748738043
31
0.0000000000
11
312.0838657546
21
226.1207902951
31
0.0000000000
11
312.3683107864
21
226.1207902951
31
0.0000000000
11
312.6146934795
21
226.1748738043
31
0.0000000000
11
312.8030533734
21
226.2786592985
31
0.0000000000
11
312.9181306698
21
226.4237386941
31
0.0000000000
11
312.9348522869
21
226.4678793583
31
0.0000000000
0
SPLINE
5
71D
100
AcDbEntity
8
0
100
AcDbSpline
62
7
6
CONTINUOUS
70
0
71
3
72
17
73
13
74
11
42
0.0000001000
43
0.0000001000
44
0.0000000001
12
1.0540752260
22
-2.1479807049
32
0.0000000000
13
0.7028726634
23
2.3082872363
33
0.0000000000
40
0.0000000000
40
0.0000000000
40
0.0000000000
40
0.0000000000
40
0.0971099841
40
0.2092933247
40
0.3328070950
40
0.4616252499
40
0.5888083669
40
0.7076899456
40
0.8131153610
40
0.9029980804
40
0.9803916924
40
1.0000000000
40
1.0000000000
40
1.0000000000
40
1.0000000000
10
317.8019810724
20
215.5372332811
30
0.0000000000
10
317.8361014819
20
215.4677031571
30
0.0000000000
10
317.9368892033
20
215.3311308935
30
0.0000000000
10
318.1420382658
20
215.1601454468
30
0.0000000000
10
318.3974982173
20
215.0181525093
30
0.0000000000
10
318.6838477467
20
214.9161511808
30
0.0000000000
10
318.9792319370
20
214.8617964135
30
0.0000000000
10
319.2612005803
20
214.8592694782
30
0.0000000000
10
319.5090628211
20
214.9092640064
30
0.0000000000
10
319.7060557910
20
215.0101503121
30
0.0000000000
10
319.8055393069
20
215.1286238875
30
0.0000000000
10
319.8331037111
20
215.2016533170
30
0.0000000000
10
319.8376977589
20
215.2167405190
30
0.0000000000
11
317.8019810724
21
215.5372332811
31
0.0000000000
11
317.9357068986
21
215.3472196821
31
0.0000000000
11
318.1395605511
21
215.1725998548
31
0.0000000000
11
318.3970270192
21
215.0275204592
31
0.0000000000
11
318.6872479010
21
214.9237349650
31
0.0000000000
11
318.9867112266
21
214.8696514558
31
0.0000000000
11
319.2711562584
21
214.8696514558
31
0.0000000000
11
319.5175389515
21
214.9237349650
31
0.0000000000
11
319.7058988454
21
215.0275204592
31
0.0000000000
11
319.8209761418
21
215.1725998548
31
0.0000000000
11
319.8376977589
21
215.2167405190
31
0.0000000000
0
SPLINE
5
71E
100
AcDbEntity
8
0
100
AcDbSpline
62
7
6
CONTINUOUS
70
0
71
3
72
14
73
10
74
8
42
0.0000001000
43
0.0000001000
44
0.0000000001
12
-4.8041898827
22
0.0000000000
32
0.0000000000
13
-1.4215915058
23
-4.6053668007
33
0.0000000000
40
0.0000000000
40
0.0000000000
40
0.0000000000
40
0.0000000000
40
0.2040884516
40
0.3926411778
40
0.5641067670
40
0.7187204136
40
0.8592869093
40
0.9914737241
40
1.0000000000
40
1.0000000000
40
1.0000000000
40
1.0000000000
10
275.4878505772
20
227.4099820010
30
0.0000000000
10
275.1610240191
20
227.4099820010
30
0.0000000000
10
274.5313319270
20
227.3738012611
30
0.0000000000
10
273.6416814824
20
227.1998231425
30
0.0000000000
10
272.8647075147
20
226.9122543160
30
0.0000000000
10
272.2234681970
20
226.5169690950
30
0.0000000000
10
271.7396190399
20
226.0212576123
30
0.0000000000
10
271.5284979419
20
225.6151098340
30
0.0000000000
10
271.4595992731
20
225.3997872971
30
0.0000000000
10
271.4555589793
20
225.3866984210
30
0.0000000000
11
275.4878505772
21
227.4099820010
31
0.0000000000
11
274.5092425989
21
227.3494277559
31
0.0000000000
11
273.6213822881
21
227.1698287863
31
0.0000000000
11
272.8514930276
21
226.8768442455
31
0.0000000000
11
272.2237625051
21
226.4797343079
31
0.0000000000
11
271.7577751745
21
225.9909635158
31
0.0000000000
11
271.4680836819
21
225.4258369369
31
0.0000000000
11
271.4555589793
21
225.3866984210
31
0.0000000000
0
SPLINE
5
71F
100
AcDbEntity
8
0
100
AcDbSpline
62
7
6
CONTINUOUS
70
0
71
3
72
9
73
5
74
3
42
0.0000001000
43
0.0000001000
44
0.0000000001
12
-0.0963241234
22
-0.3163357407
32
0.0000000000
13
0.1444541486
23
-0.2943667740
33
0.0000000000
40
0.0000000000
40
0.0000000000
40
0.0000000000
40
0.0000000000
40
0.3985873779
40
1.0000000000
40
1.0000000000
40
1.0000000000
40
1.0000000000
10
317.7649669472
20
215.8577260431
30
0.0000000000
10
317.7521690873
20
215.8156968987
30
0.0000000000
10
317.7391008430
20
215.7039283180
30
0.0000000000
10
317.7730222230
20
215.5962452456
30
0.0000000000
10
317.8019810724
20
215.5372332811
30
0.0000000000
11
317.7649669472
21
215.8577260431
31
0.0000000000
11
317.7492167436
21
215.7272468801
31
0.0000000000
11
317.8019810724
21
215.5372332811
31
0.0000000000
0
SPLINE
5
720
100
AcDbEntity
8
0
100
AcDbSpline
62
7
6
CONTINUOUS
70
0
71
3
72
9
73
5
74
3
42
0.0000001000
43
0.0000001000
44
0.0000000001
12
-0.0426709647
22
0.0850598350
32
0.0000000000
13
-0.0943641762
23
0.0000000000
33
0.0000000000
40
0.0000000000
40
0.0000000000
40
0.0000000000
40
0.0000000000
40
0.4267222467
40
1.0000000000
40
1.0000000000
40
1.0000000000
40
1.0000000000
10
291.4610274633
20
221.5613823248
30
0.0000000000
10
291.4549579133
20
221.5734812994
30
0.0000000000
10
291.4312051594
20
221.5975784118
30
0.0000000000
10
291.3985577277
20
221.6036434900
30
0.0000000000
10
291.3805254334
20
221.6036434900
30
0.0000000000
11
291.4610274633
21
221.5613823248
31
0.0000000000
11
291.4330666077
21
221.5907633603
31
0.0000000000
11
291.3805254334
21
221.6036434900
31
0.0000000000
0
SPLINE
5
721
100
AcDbEntity
8
0
100
AcDbSpline
62
7
6
CONTINUOUS
70
0
71
3
72
8
73
4
74
2
42
0.0000001000
43
0.0000001000
44
0.0000000001
12
-0.0502830073
22
0.0405445593
32
0.0000000000
13
-0.0634841354
23
0.0000000000
33
0.0000000000
40
0.0000000000
40
0.0000000000
40
0.0000000000
40
0.0000000000
40
1.0000000000
40
1.0000000000
40
1.0000000000
40
1.0000000000
10
291.4489224798
20
221.5697424049
30
0.0000000000
10
291.4321614774
20
221.5832572580
30
0.0000000000
10
291.4093128531
20
221.5881032430
30
0.0000000000
10
291.3881514746
20
221.5881032430
30
0.0000000000
11
291.4489224798
21
221.5697424049
31
0.0000000000
11
291.3881514746
21
221.5881032430
31
0.0000000000
0
SPLINE
5
722
100
AcDbEntity
8
0
100
AcDbSpline
62
7
6
CONTINUOUS
70
0
71
3
72
9
73
5
74
3
42
0.0000001000
43
0.0000001000
44
0.0000000001
12
-0.0963241234
22
-0.3163357407
32
0.0000000000
13
0.1444541486
23
-0.2943667740
33
0.0000000000
40
0.0000000000
40
0.0000000000
40
0.0000000000
40
0.0000000000
40
0.3985873779
40
1.0000000000
40
1.0000000000
40
1.0000000000
40
1.0000000000
10
310.8621214752
20
227.1088648824
30
0.0000000000
10
310.8493236153
20
227.0668357380
30
0.0000000000
10
310.8362553710
20
226.9550671573
30
0.0000000000
10
310.8701767510
20
226.8473840849
30
0.0000000000
10
310.8991356004
20
226.7883721204
30
0.0000000000
11
310.8621214752
21
227.1088648824
31
0.0000000000
11
310.8463712716
21
226.9783857194
31
0.0000000000
11
310.8991356004
21
226.7883721204
31
0.0000000000
0
SPLINE
5
723
100
AcDbEntity
8
0
100
AcDbSpline
62
7
6
CONTINUOUS
70
0
71
3
72
9
73
5
74
3
42
0.0000001000
43
0.0000001000
44
0.0000000001
12
-0.0963241234
22
-0.3163357407
32
0.0000000000
13
0.1444541486
23
-0.2943667740
33
0.0000000000
40
0.0000000000
40
0.0000000000
40
0.0000000000
40
0.0000000000
40
0.3985873779
40
1.0000000000
40
1.0000000000
40
1.0000000000
40
1.0000000000
10
267.2038258972
20
227.1088648824
30
0.0000000000
10
267.1910280373
20
227.0668357380
30
0.0000000000
10
267.1779597929
20
226.9550671573
30
0.0000000000
10
267.2118811730
20
226.8473840849
30
0.0000000000
10
267.2408400224
20
226.7883721204
30
0.0000000000
11
267.2038258972
21
227.1088648824
31
0.0000000000
11
267.1880756936
21
226.9783857194
31
0.0000000000
11
267.2408400224
21
226.7883721204
31
0.0000000000
0
SPLINE
5
724
100
AcDbEntity
8
0
100
AcDbSpline
62
7
6
CONTINUOUS
70
0
71
3
72
10
73
6
74
4
42
0.0000001000
43
0.0000001000
44
0.0000000001
12
0.0952276218
22
-0.1938914691
32
0.0000000000
13
-0.0636378451
23
-0.2059323335
33
0.0000000000
40
0.0000000000
40
0.0000000000
40
0.0000000000
40
0.0000000000
40
0.0775816588
40
0.3435798153
40
1.0000000000
40
1.0000000000
40
1.0000000000
40
1.0000000000
10
292.3558458532
20
221.7189400549
30
0.0000000000
10
292.3583084922
20
221.7139259143
30
0.0000000000
10
292.3684007880
20
221.6913249669
30
0.0000000000
10
292.3865827454
20
221.6210487105
30
0.0000000000
10
292.3760315877
20
221.5525642738
30
0.0000000000
10
292.3621071990
20
221.5075048936
30
0.0000000000
11
292.3558458532
21
221.7189400549
31
0.0000000000
11
292.3626701875
21
221.7036403977
31
0.0000000000
11
292.3772120357
21
221.6481817253
31
0.0000000000
11
292.3621071990
21
221.5075048936
31
0.0000000000
0
SPLINE
5
725
100
AcDbEntity
8
0
100
AcDbSpline
62
7
6
CONTINUOUS
70
0
71
3
72
13
73
9
74
7
42
0.0000001000
43
0.0000001000
44
0.0000000001
12
0.9207064525
22
2.9612520424
32
0.0000000000
13
-2.7286082463
23
1.4268652181
33
0.0000000000
40
0.0000000000
40
0.0000000000
40
0.0000000000
40
0.0000000000
40
0.0486023987
40
0.1963059370
40
0.3622644004
40
0.5524898857
40
0.7666412840
40
1.0000000000
40
1.0000000000
40
1.0000000000
40
1.0000000000
10
315.0033446872
20
225.8292016999
30
0.0000000000
10
315.0182608679
20
225.8771763508
30
0.0000000000
10
315.0650589125
20
226.0749672711
30
0.0000000000
10
315.0434774324
20
226.4557699927
30
0.0000000000
10
314.8376700218
20
226.9385343161
30
0.0000000000
10
314.4755071065
20
227.4045960856
30
0.0000000000
10
313.9776074573
20
227.8345804301
30
0.0000000000
10
313.5844710658
20
228.0760038734
30
0.0000000000
10
313.3722228935
20
228.1869943518
30
0.0000000000
11
315.0033446872
21
225.8292016999
31
0.0000000000
11
315.0378483459
21
225.9756412220
31
0.0000000000
11
315.0203000899
21
226.4301058832
31
0.0000000000
11
314.8300626337
21
226.9043887417
31
0.0000000000
11
314.4776593342
21
227.3722539140
31
0.0000000000
11
313.9825840688
21
227.8078205235
31
0.0000000000
11
313.3722228935
21
228.1869943518
31
0.0000000000
0
SPLINE
5
726
100
AcDbEntity
8
0
100
AcDbSpline
62
7
6
CONTINUOUS
70
0
71
3
72
13
73
9
74
7
42
0.0000001000
43
0.0000001000
44
0.0000000001
12
0.9097193698
22
2.9599048237
32
0.0000000000
13
-2.7301672332
23
1.4276804558
33
0.0000000000
40
0.0000000000
40
0.0000000000
40
0.0000000000
40
0.0000000000
40
0.1087990444
40
0.2493663385
40
0.4076734597
40
0.5867657128
40
0.7855323157
40
1.0000000000
40
1.0000000000
40
1.0000000000
40
1.0000000000
10
315.1849837707
20
226.4160608192
30
0.0000000000
10
315.2179759701
20
226.5234057579
30
0.0000000000
10
315.2545781048
20
226.7818753970
30
0.0000000000
10
315.1721964832
20
227.2000226865
30
0.0000000000
10
314.9419850075
20
227.6393227396
30
0.0000000000
10
314.5834312792
20
228.0618140519
30
0.0000000000
10
314.1131221273
20
228.4514920245
30
0.0000000000
10
313.7489500221
20
228.6724257817
30
0.0000000000
10
313.5537724741
20
228.7744895555
30
0.0000000000
11
315.1849837707
21
226.4160608192
31
0.0000000000
11
315.2333551144
21
226.7484340908
31
0.0000000000
11
315.1572983852
21
227.1747802318
31
0.0000000000
11
314.9380996411
21
227.6104801465
31
0.0000000000
11
314.5859551378
21
228.0352668037
31
0.0000000000
11
314.1172452406
21
228.4293808133
31
0.0000000000
11
313.5537724741
21
228.7744895555
31
0.0000000000
0
SPLINE
5
727
100
AcDbEntity
8
0
100
AcDbSpline
62
7
6
CONTINUOUS
70
0
71
3
72
8
73
4
74
2
42
0.0000001000
43
0.0000001000
44
0.0000000001
12
0.0259189804
22
-0.0418122041
32
0.0000000000
13
0.0285705327
23
-0.0398068753
33
0.0000000000
40
0.0000000000
40
0.0000000000
40
0.0000000000
40
0.0000000000
40
1.0000000000
40
1.0000000000
40
1.0000000000
40
1.0000000000
10
311.4445768089
20
224.7679277833
30
0.0000000000
10
311.4532164690
20
224.7539903819
30
0.0000000000
10
311.4623536829
20
224.7403815693
30
0.0000000000
10
311.4718771938
20
224.7271126108
30
0.0000000000
11
311.4445768089
21
224.7679277833
31
0.0000000000
11
311.4718771938
21
224.7271126108
31
0.0000000000
0
SPLINE
5
728
100
AcDbEntity
8
0
100
AcDbSpline
62
7
6
CONTINUOUS
70
0
71
3
72
10
73
6
74
4
42
0.0000001000
43
0.0000001000
44
0.0000000001
12
-0.2284876116
22
-0.7357834826
32
0.0000000000
13
-0.7702991423
23
-0.0000000000
33
0.0000000000
40
0.0000000000
40
0.0000000000
40
0.0000000000
40
0.0000000000
40
0.2706605600
40
0.6005165130
40
1.0000000000
40
1.0000000000
40
1.0000000000
40
1.0000000000
10
308.7898098057
20
227.7362348978
30
0.0000000000
10
308.7691956108
20
227.6698523746
30
0.0000000000
10
308.6711383493
20
227.5376405645
30
0.0000000000
10
308.4304713824
20
227.4307494084
30
0.0000000000
10
308.2420400810
20
227.4099820010
30
0.0000000000
10
308.1394661519
20
227.4099820010
30
0.0000000000
11
308.7898098057
21
227.7362348978
31
0.0000000000
11
308.6713648063
21
227.5644913449
31
0.0000000000
11
308.4445891035
21
227.4498904322
31
0.0000000000
11
308.1394661519
21
227.4099820010
31
0.0000000000
0
SPLINE
5
729
100
AcDbEntity
8
0
100
AcDbSpline
62
7
6
CONTINUOUS
70
0
71
3
72
10
73
6
74
4
42
0.0000001000
43
0.0000001000
44
0.0000000001
12
0.4500952153
22
1.4572587567
32
0.0000000000
13
-0.6684072883
23
1.3620716272
33
0.0000000000
40
0.0000000000
40
0.0000000000
40
0.0000000000
40
0.0000000000
40
0.1926609206
40
0.5772709426
40
1.0000000000
40
1.0000000000
40
1.0000000000
40
1.0000000000
10
325.0878135840
20
212.3175066981
30
0.0000000000
10
325.1167188369
20
212.4110923027
30
0.0000000000
10
325.1786983863
20
212.6991231825
30
0.0000000000
10
325.1512303693
20
213.2127377677
30
0.0000000000
10
325.0104908352
20
213.6017623474
30
0.0000000000
10
324.9163057743
20
213.7936914324
30
0.0000000000
11
325.0878135840
21
212.3175066981
31
0.0000000000
11
325.1494196967
21
212.6042924189
31
0.0000000000
11
325.1253694888
21
213.1873410735
31
0.0000000000
11
324.9163057743
21
213.7936914324
31
0.0000000000
0
SPLINE
5
72A
100
AcDbEntity
8
0
100
AcDbSpline
62
7
6
CONTINUOUS
70
0
71
3
72
15
73
11
74
9
42
0.0000001000
43
0.0000001000
44
0.0000000001
12
-4.7873385854
22
6.6701237953
32
0.0000000000
13
-8.2103082875
23
-0.0000000000
33
0.0000000000
40
0.0000000000
40
0.0000000000
40
0.0000000000
40
0.0000000000
40
0.1061139379
40
0.2218280193
40
0.3455761040
40
0.4752344941
40
0.6082654250
40
0.7419119353
40
0.8733538322
40
1.0000000000
40
1.0000000000
40
1.0000000000
40
1.0000000000
10
311.2903276110
20
224.1396174119
30
0.0000000000
10
311.1209931612
20
224.3755484459
30
0.0000000000
10
310.7211677162
20
224.8365665257
30
0.0000000000
10
310.0026568862
20
225.4554722315
30
0.0000000000
10
309.1592981896
20
226.0158945991
30
0.0000000000
10
308.2170523114
20
226.5005639978
30
0.0000000000
10
307.2045630160
20
226.8948442929
30
0.0000000000
10
306.1528300196
20
227.1865865625
30
0.0000000000
10
305.0941656688
20
227.3668294710
30
0.0000000000
10
304.3873456701
20
227.4099820010
30
0.0000000000
10
304.0407443097
20
227.4099820010
30
0.0000000000
11
311.2903276110
21
224.1396174119
31
0.0000000000
11
310.7244227557
21
224.8020298006
31
0.0000000000
11
310.0078640394
21
225.4258369369
31
0.0000000000
11
309.1635251748
21
225.9909635158
31
0.0000000000
11
308.2178303850
21
226.4797343079
31
0.0000000000
11
307.2003535801
21
226.8768442455
31
0.0000000000
11
306.1429126249
21
227.1698287863
31
0.0000000000
11
305.0787836688
21
227.3494277559
31
0.0000000000
11
304.0407443097
21
227.4099820010
31
0.0000000000
0
SPLINE
5
72B
100
AcDbEntity
8
0
100
AcDbSpline
62
7
6
CONTINUOUS
70
0
71
3
72
12
73
8
74
6
42
0.0000001000
43
0.0000001000
44
0.0000000001
12
-1.5799061895
22
-2.9636319668
32
0.0000000000
13
-3.3456042771
23
-0.0000005617
33
0.0000000000
40
0.0000000000
40
0.0000000000
40
0.0000000000
40
0.0000000000
40
0.1511308637
40
0.3335449866
40
0.5370182473
40
0.7606713344
40
1.0000000000
40
1.0000000000
40
1.0000000000
40
1.0000000000
10
309.5494475171
20
201.4209787970
30
0.0000000000
10
309.4698566548
20
201.2716800441
30
0.0000000000
10
309.2409920996
20
200.9708553201
30
0.0000000000
10
308.7521407039
20
200.6127214020
30
0.0000000000
10
308.1205023537
20
200.3485917753
30
0.0000000000
10
307.3906529417
20
200.1917527163
30
0.0000000000
10
306.8734240600
20
200.1600139996
30
0.0000000000
10
306.6065243909
20
200.1600139548
30
0.0000000000
11
309.5494475171
21
201.4209787970
31
0.0000000000
11
309.2471080609
21
201.0151626554
31
0.0000000000
11
308.7604506677
21
200.6469060378
31
0.0000000000
11
308.1357076454
21
200.3765276354
31
0.0000000000
11
307.4054376176
21
200.2134607182
31
0.0000000000
11
306.6065243909
21
200.1600139548
31
0.0000000000
0
SPLINE
5
72C
100
AcDbEntity
8
0
100
AcDbSpline
62
7
6
CONTINUOUS
70
0
71
3
72
10
73
6
74
4
42
0.0000001000
43
0.0000001000
44
0.0000000001
12
0.5581180670
22
1.8070008583
32
0.0000000000
13
-0.8288250375
23
1.6889688177
33
0.0000000000
40
0.0000000000
40
0.0000000000
40
0.0000000000
40
0.0000000000
40
0.1926609206
40
0.5772709426
40
1.0000000000
40
1.0000000000
40
1.0000000000
40
1.0000000000
10
310.6119448582
20
199.6844574468
30
0.0000000000
10
310.6477873717
20
199.8005035964
30
0.0000000000
10
310.7246420130
20
200.1576618874
30
0.0000000000
10
310.6905816719
20
200.7945439730
30
0.0000000000
10
310.5160646496
20
201.2769344519
30
0.0000000000
10
310.3992751740
20
201.5149265173
30
0.0000000000
11
310.6119448582
21
199.6844574468
31
0.0000000000
11
310.6883364379
21
200.0400717405
31
0.0000000000
11
310.6585141801
21
200.7630520723
31
0.0000000000
11
310.3992751740
21
201.5149265173
31
0.0000000000
0
SPLINE
5
72D
100
AcDbEntity
8
0
100
AcDbSpline
62
7
6
CONTINUOUS
70
0
71
3
72
11
73
7
74
5
42
0.0000001000
43
0.0000001000
44
0.0000000001
12
0.5587320988
22
1.8049036426
32
0.0000000000
13
-0.8299248220
23
1.6912099442
33
0.0000000000
40
0.0000000000
40
0.0000000000
40
0.0000000000
40
0.0000000000
40
0.0610455303
40
0.3546184283
40
0.6642034738
40
1.0000000000
40
1.0000000000
40
1.0000000000
40
1.0000000000
10
315.2720913669
20
214.7636476700
30
0.0000000000
10
315.2834607326
20
214.8003747699
30
0.0000000000
10
315.3434453691
20
215.0155782993
30
0.0000000000
10
315.3877553403
20
215.4353269216
30
0.0000000000
10
315.2992218568
20
216.0237175459
30
0.0000000000
10
315.1519430327
20
216.4046692701
30
0.0000000000
10
315.0590477419
20
216.5939700782
30
0.0000000000
11
315.2720913669
21
214.7636476700
31
0.0000000000
11
315.3030362382
21
214.8747306294
31
0.0000000000
11
315.3636817833
21
215.4244486864
31
0.0000000000
11
315.2818061950
21
216.0018909868
31
0.0000000000
11
315.0590477419
21
216.5939700782
31
0.0000000000
0
SPLINE
5
72E
100
AcDbEntity
8
0
100
AcDbSpline
62
7
6
CONTINUOUS
70
0
71
3
72
9
73
5
74
3
42
0.0000001000
43
0.0000001000
44
0.0000000001
12
-0.3005691349
22
0.6124958507
32
0.0000000000
13
-0.3978242417
23
0.5542822789
33
0.0000000000
40
0.0000000000
40
0.0000000000
40
0.0000000000
40
0.0000000000
40
0.4907922091
40
1.0000000000
40
1.0000000000
40
1.0000000000
40
1.0000000000
10
311.8241308581
20
224.1434959448
30
0.0000000000
10
311.7749585282
20
224.2436986754
30
0.0000000000
10
311.6652308184
20
224.4432796376
30
0.0000000000
10
311.5394022615
20
224.6330309926
30
0.0000000000
10
311.4718771938
20
224.7271126108
30
0.0000000000
11
311.8241308581
21
224.1434959448
31
0.0000000000
11
311.6633731944
21
224.4372365118
31
0.0000000000
11
311.4718771938
21
224.7271126108
31
0.0000000000
0
SPLINE
5
72F
100
AcDbEntity
8
0
100
AcDbSpline
62
7
6
CONTINUOUS
70
0
71
3
72
15
73
11
74
9
42
0.0000001000
43
0.0000001000
44
0.0000000001
12
-7.5079533114
22
-0.0000002373
32
0.0000000000
13
-3.3075721350
23
6.7401282998
33
0.0000000000
40
0.0000000000
40
0.0000000000
40
0.0000000000
40
0.0000000000
40
0.1266746787
40
0.2610779771
40
0.3992014526
40
0.5364332502
40
0.6684069740
40
0.7913045313
40
0.9022304652
40
1.0000000000
40
1.0000000000
40
1.0000000000
40
1.0000000000
10
277.7329697704
20
198.2602403473
30
0.0000000000
10
277.4159472460
20
198.2602403373
30
0.0000000000
10
276.7620582104
20
198.3035176364
30
0.0000000000
10
275.7776146727
20
198.4853177108
30
0.0000000000
10
274.7943771637
20
198.7842990428
30
0.0000000000
10
273.8567411304
20
199.1900947854
30
0.0000000000
10
273.0068308950
20
199.6856334318
30
0.0000000000
10
272.2810499228
20
200.2487400494
30
0.0000000000
10
271.7077777793
20
200.8535029947
30
0.0000000000
10
271.4210136944
20
201.2952667811
30
0.0000000000
10
271.3132204313
20
201.5149265173
30
0.0000000000
11
277.7329697704
21
198.2602403473
31
0.0000000000
11
276.7837839758
21
198.3200388107
31
0.0000000000
11
275.7911952432
21
198.5018015172
31
0.0000000000
11
274.7990025558
21
198.8034199909
31
0.0000000000
11
273.8540357455
21
199.2140505921
31
0.0000000000
11
272.9996948006
21
199.7159373704
31
0.0000000000
11
272.2737857480
21
200.2855408923
31
0.0000000000
11
271.7059490831
21
200.8947714629
31
0.0000000000
11
271.3132204313
21
201.5149265173
31
0.0000000000
0
SPLINE
5
730
100
AcDbEntity
8
0
100
AcDbSpline
62
7
6
CONTINUOUS
70
0
71
3
72
14
73
10
74
8
42
0.0000001000
43
0.0000001000
44
0.0000000001
12
0.1051420804
22
-4.6415986981
32
0.0000000000
13
-4.6249089364
23
0.0000001651
33
0.0000000000
40
0.0000000000
40
0.0000000000
40
0.0000000000
40
0.0000000000
40
0.0537068087
40
0.1820965713
40
0.3159015092
40
0.4629429784
40
0.6269576715
40
0.8072120762
40
1.0000000000
40
1.0000000000
40
1.0000000000
40
1.0000000000
10
309.7683325006
20
200.5332855722
30
0.0000000000
10
309.7702147825
20
200.4501904210
30
0.0000000000
10
309.7582350416
20
200.1682183570
30
0.0000000000
10
309.6183611729
20
199.6908449579
30
0.0000000000
10
309.2358853506
20
199.1746410008
30
0.0000000000
10
308.6760697525
20
198.7645403650
30
0.0000000000
10
307.9722736209
20
198.4701631281
30
0.0000000000
10
307.1591481399
20
198.2958967561
30
0.0000000000
10
306.5830723667
20
198.2602403367
30
0.0000000000
10
306.2858635028
20
198.2602403473
30
0.0000000000
11
309.7683325006
21
200.5332855722
31
0.0000000000
11
309.7571767425
21
200.2844543705
31
0.0000000000
11
309.5898378646
21
199.7147303985
31
0.0000000000
11
309.2276145432
21
199.2129816258
31
0.0000000000
11
308.6853286953
21
198.8026175279
31
0.0000000000
11
307.9891644057
21
198.5013568996
31
0.0000000000
11
307.1754918598
21
198.3199007660
31
0.0000000000
11
306.2858635028
21
198.2602403473
31
0.0000000000
0
SPLINE
5
731
100
AcDbEntity
8
0
100
AcDbSpline
62
7
6
CONTINUOUS
70
0
71
3
72
15
73
11
74
9
42
0.0000001000
43
0.0000001000
44
0.0000000001
12
-3.9165940238
22
7.9811840602
32
0.0000000000
13
-8.8903885039
23
0.0000000000
33
0.0000000000
40
0.0000000000
40
0.0000000000
40
0.0000000000
40
0.0000000000
40
0.1002572900
40
0.2118780890
40
0.3337760785
40
0.4637218742
40
0.5987441399
40
0.7354542256
40
0.8703319205
40
1.0000000000
40
1.0000000000
40
1.0000000000
40
1.0000000000
10
306.9828087096
20
208.4769571803
30
0.0000000000
10
306.8519196753
20
208.7436811420
30
0.0000000000
10
306.5055449326
20
209.2739922629
30
0.0000000000
10
305.8191334284
20
209.9917734559
30
0.0000000000
10
304.9633184738
20
210.6517281242
30
0.0000000000
10
303.9698379717
20
211.2295858295
30
0.0000000000
10
302.8754343270
20
211.7043295201
30
0.0000000000
10
301.7209326931
20
212.0581819555
30
0.0000000000
10
300.5498504107
20
212.2779012413
30
0.0000000000
10
299.7652382763
20
212.3309384401
30
0.0000000000
10
299.3809717418
20
212.3309384401
30
0.0000000000
11
306.9828087096
21
208.4769571803
31
0.0000000000
11
306.5041153649
21
209.2288316253
31
0.0000000000
11
305.8243635982
21
209.9518119571
31
0.0000000000
11
304.9696758888
21
210.6181144469
31
0.0000000000
11
303.9728974060
21
211.2021334637
31
0.0000000000
11
302.8723337879
21
211.6814254842
31
0.0000000000
11
301.7102790772
21
212.0375715850
31
0.0000000000
11
300.5313903847
21
212.2568852709
31
0.0000000000
11
299.3809717418
21
212.3309384401
31
0.0000000000
0
SPLINE
5
732
100
AcDbEntity
8
0
100
AcDbSpline
62
7
6
CONTINUOUS
70
0
71
3
72
15
73
11
74
9
42
0.0000001000
43
0.0000001000
44
0.0000000001
12
-6.7395628686
22
0.0000010018
32
0.0000000000
13
-2.9690648803
23
6.0503191153
33
0.0000000000
40
0.0000000000
40
0.0000000000
40
0.0000000000
40
0.0000000000
40
0.1267573615
40
0.2611533545
40
0.3992576485
40
0.5364585591
40
0.6683948779
40
0.7912656443
40
0.9021720718
40
1.0000000000
40
1.0000000000
40
1.0000000000
40
1.0000000000
10
278.0536306584
20
200.1600139548
30
0.0000000000
10
277.7688675894
20
200.1600139971
30
0.0000000000
10
277.1816909903
20
200.1984538777
30
0.0000000000
10
276.2979735217
20
200.3622990416
30
0.0000000000
10
275.4154707521
20
200.6305137229
30
0.0000000000
10
274.5740085864
20
200.9947902354
30
0.0000000000
10
273.8112411010
20
201.4394748307
30
0.0000000000
10
273.1599707451
20
201.9449037489
30
0.0000000000
10
272.6450358968
20
202.4875182699
30
0.0000000000
10
272.3877669509
20
202.8842836658
30
0.0000000000
10
272.2909477957
20
203.0815803937
30
0.0000000000
11
278.0536306584
21
200.1600139548
31
0.0000000000
11
277.2010188096
21
200.2135217529
31
0.0000000000
11
276.3101177866
21
200.3769693061
31
0.0000000000
11
275.4196052471
21
200.6477208190
31
0.0000000000
11
274.5715553776
21
201.0162770908
31
0.0000000000
11
273.8048716569
21
201.4666774333
31
0.0000000000
11
273.1533863133
21
201.9778609606
31
0.0000000000
11
272.6436036041
21
202.5245046270
31
0.0000000000
11
272.2909477957
21
203.0815803937
31
0.0000000000
0
SPLINE
5
733
100
AcDbEntity
8
0
100
AcDbSpline
62
7
6
CONTINUOUS
70
0
71
3
72
9
73
5
74
3
42
0.0000001000
43
0.0000001000
44
0.0000000001
12
-0.4967306281
22
1.0122315384
32
0.0000000000
13
0.1220943257
23
1.1252590427
33
0.0000000000
40
0.0000000000
40
0.0000000000
40
0.0000000000
40
0.0000000000
40
0.5234628142
40
1.0000000000
40
1.0000000000
40
1.0000000000
40
1.0000000000
10
268.8744813313
20
210.0436110567
30
0.0000000000
10
268.7878079938
20
210.2202329133
30
0.0000000000
10
268.6573783617
20
210.5777231715
30
0.0000000000
10
268.6331887956
20
210.9589593030
30
0.0000000000
10
268.6525829577
20
211.1377018955
30
0.0000000000
11
268.8744813313
21
210.0436110567
31
0.0000000000
11
268.6803690622
21
210.6010053120
31
0.0000000000
11
268.6525829577
21
211.1377018955
31
0.0000000000
0
SPLINE
5
734
100
AcDbEntity
8
0
100
AcDbSpline
62
7
6
CONTINUOUS
70
0
71
3
72
15
73
11
74
9
42
0.0000001000
43
0.0000001000
44
0.0000000001
12
-3.1585435676
22
6.4364387582
32
0.0000000000
13
-7.1696681483
23
0.0000000000
33
0.0000000000
40
0.0000000000
40
0.0000000000
40
0.0000000000
40
0.0000000000
40
0.1002572900
40
0.2118780890
40
0.3337760785
40
0.4637218742
40
0.5987441399
40
0.7354542256
40
0.8703319205
40
1.0000000000
40
1.0000000000
40
1.0000000000
40
1.0000000000
10
318.1748853400
20
227.5312697942
30
0.0000000000
10
318.0693296672
20
227.7463697633
30
0.0000000000
10
317.7899951973
20
228.1740400222
30
0.0000000000
10
317.2364375326
20
228.7528958230
30
0.0000000000
10
316.5462641821
20
229.2851173296
30
0.0000000000
10
315.7450702288
20
229.7511316081
30
0.0000000000
10
314.8624866444
20
230.1339894231
30
0.0000000000
10
313.9314369396
20
230.4193542904
30
0.0000000000
10
312.9870157442
20
230.5965472628
30
0.0000000000
10
312.3542640228
20
230.6393191973
30
0.0000000000
10
312.0443716563
20
230.6393191973
30
0.0000000000
11
318.1748853400
21
227.5312697942
31
0.0000000000
11
317.7888423201
21
228.1376201531
31
0.0000000000
11
317.2406554114
21
228.7206688078
31
0.0000000000
11
316.5513911297
21
229.2580095253
31
0.0000000000
11
315.7475375145
21
229.7289926034
31
0.0000000000
11
314.8599862096
21
230.1155184264
31
0.0000000000
11
313.9228453139
21
230.4027330238
31
0.0000000000
11
312.9721286264
21
230.5795988996
31
0.0000000000
11
312.0443716563
21
230.6393191973
31
0.0000000000
0
SPLINE
5
735
100
AcDbEntity
8
0
100
AcDbSpline
62
7
6
CONTINUOUS
70
0
71
3
72
11
73
7
74
5
42
0.0000001000
43
0.0000001000
44
0.0000000001
12
-0.9502774762
22
1.9364627344
32
0.0000000000
13
1.2610990385
23
1.7619770401
33
0.0000000000
40
0.0000000000
40
0.0000000000
40
0.0000000000
40
0.0000000000
40
0.3047209183
40
0.5877062206
40
0.8629839090
40
1.0000000000
40
1.0000000000
40
1.0000000000
40
1.0000000000
10
267.8967539669
20
208.4769571803
30
0.0000000000
10
267.8002308252
20
208.6736507479
30
0.0000000000
10
267.6538856690
20
209.0756615272
30
0.0000000000
10
267.6151380242
20
209.7053761444
30
0.0000000000
10
267.7587211594
20
210.1954088432
30
0.0000000000
10
267.9132271752
20
210.4507697722
30
0.0000000000
10
267.9708241288
20
210.5312428411
30
0.0000000000
11
267.8967539669
21
208.4769571803
31
0.0000000000
11
267.6807218706
21
209.0977436340
31
0.0000000000
11
267.6508559157
21
209.7074293271
31
0.0000000000
11
267.8181947936
21
210.2771532990
31
0.0000000000
11
267.9708241288
21
210.5312428411
31
0.0000000000
0
SPLINE
5
736
100
AcDbEntity
8
0
100
AcDbSpline
62
7
6
CONTINUOUS
70
0
71
3
72
13
73
9
74
7
42
0.0000001000
43
0.0000001000
44
0.0000000001
12
-3.8728242199
22
0.0000000000
32
0.0000000000
13
-1.1488909864
23
-3.7197272790
33
0.0000000000
40
0.0000000000
40
0.0000000000
40
0.0000000000
40
0.0000000000
40
0.2249504099
40
0.4307440742
40
0.6154762533
40
0.7803389659
40
0.9305712731
40
1.0000000000
40
1.0000000000
40
1.0000000000
40
1.0000000000
10
265.2544683786
20
230.6393191973
30
0.0000000000
10
264.9640705799
20
230.6393191973
30
0.0000000000
10
264.4069815156
20
230.6041225621
30
0.0000000000
10
263.6273134296
20
230.4335500901
30
0.0000000000
10
262.9624826699
20
230.1516989054
30
0.0000000000
10
262.4370955896
20
229.7644182710
30
0.0000000000
10
262.1355792674
20
229.3590916500
30
0.0000000000
10
262.0294520506
20
229.0935398382
30
0.0000000000
10
262.0028633711
20
229.0074545285
30
0.0000000000
11
265.2544683786
21
230.6393191973
31
0.0000000000
11
264.3853243059
21
230.5795988996
31
0.0000000000
11
263.6081938499
21
230.4027330238
31
0.0000000000
11
262.9529416983
21
230.1155184264
31
0.0000000000
11
262.4447488237
21
229.7289926034
31
0.0000000000
11
262.1031447933
21
229.2580095253
31
0.0000000000
11
262.0028633711
21
229.0074545285
31
0.0000000000
0
SPLINE
5
737
100
AcDbEntity
8
0
100
AcDbSpline
62
7
6
CONTINUOUS
70
0
71
3
72
9
73
5
74
3
42
0.0000001000
43
0.0000001000
44
0.0000000001
12
-0.3481074063
22
-0.3739660963
32
0.0000000000
13
-0.1510137855
23
-0.4912190782
33
0.0000000000
40
0.0000000000
40
0.0000000000
40
0.0000000000
40
0.0000000000
40
0.8061058363
40
1.0000000000
40
1.0000000000
40
1.0000000000
40
1.0000000000
10
265.5753174525
20
228.7744895555
30
0.0000000000
10
265.4817803152
20
228.6740041379
30
0.0000000000
10
265.3845534752
20
228.5287844359
30
0.0000000000
10
265.3266059645
20
228.3674085027
30
0.0000000000
10
265.3168457339
20
228.3356603319
30
0.0000000000
11
265.5753174525
21
228.7744895555
31
0.0000000000
11
265.3505540370
21
228.4293808133
31
0.0000000000
11
265.3168457339
21
228.3356603319
31
0.0000000000
0
SPLINE
5
738
100
AcDbEntity
8
0
100
AcDbSpline
62
7
6
CONTINUOUS
70
0
71
3
72
14
73
10
74
8
42
0.0000001000
43
0.0000001000
44
0.0000000001
12
-0.6541799297
22
1.3330793021
32
0.0000000000
13
-0.4632952112
23
-1.4323379363
33
0.0000000000
40
0.0000000000
40
0.0000000000
40
0.0000000000
40
0.0000000000
40
0.1374993686
40
0.3012965848
40
0.4781311236
40
0.6502572990
40
0.8014621054
40
0.9236891146
40
1.0000000000
40
1.0000000000
40
1.0000000000
40
1.0000000000
10
299.0451756631
20
207.8097114450
30
0.0000000000
10
299.0151925540
20
207.8708106324
30
0.0000000000
10
298.9159788067
20
207.9877829270
30
0.0000000000
10
298.7159883826
20
208.1178368621
30
0.0000000000
10
298.4757485097
20
208.2059671158
30
0.0000000000
10
298.2280559114
20
208.2393692915
30
0.0000000000
10
298.0067307782
20
208.2133600305
30
0.0000000000
10
297.8454353374
20
208.1330903234
30
0.0000000000
10
297.7907709282
20
208.0449175550
30
0.0000000000
10
297.7789861056
20
208.0084832296
30
0.0000000000
11
299.0451756631
21
207.8097114450
31
0.0000000000
11
298.9190546227
21
207.9702803118
31
0.0000000000
11
298.7174837067
21
208.1064040243
31
0.0000000000
11
298.4711502596
21
208.1973589810
31
0.0000000000
11
298.2175563158
21
208.2292981144
31
0.0000000000
11
297.9953092544
21
208.1973589810
31
0.0000000000
11
297.8382441759
21
208.1064040243
31
0.0000000000
11
297.7789861056
21
208.0084832296
31
0.0000000000
0
SPLINE
5
739
100
AcDbEntity
8
0
100
AcDbSpline
62
7
6
CONTINUOUS
70
0
71
3
72
13
73
9
74
7
42
0.0000001000
43
0.0000001000
44
0.0000000001
12
-0.3890925209
22
-1.2591050286
32
0.0000000000
13
-1.3178537335
23
0.0000000000
33
0.0000000000
40
0.0000000000
40
0.0000000000
40
0.0000000000
40
0.0000000000
40
0.1208259997
40
0.2403716810
40
0.3800896348
40
0.5490558949
40
0.7540195492
40
1.0000000000
40
1.0000000000
40
1.0000000000
40
1.0000000000
10
292.3697332402
20
221.4919646466
30
0.0000000000
10
292.3540624093
20
221.4412537720
30
0.0000000000
10
292.3045557224
20
221.3449283516
30
0.0000000000
10
292.1803565816
20
221.2296843361
30
0.0000000000
10
292.0117875194
20
221.1424126376
30
0.0000000000
10
291.7939583858
20
221.0798040485
30
0.0000000000
10
291.5236166061
20
221.0421691955
30
0.0000000000
10
291.3253484768
20
221.0352046918
30
0.0000000000
10
291.2172930583
20
221.0352046918
30
0.0000000000
11
292.3697332402
21
221.4919646466
31
0.0000000000
11
292.2969550325
21
221.3503389349
31
0.0000000000
11
292.1832616288
21
221.2412800773
31
0.0000000000
11
292.0213757792
21
221.1535530669
31
0.0000000000
11
291.8083068657
21
221.0888628711
31
0.0000000000
11
291.5411708870
21
221.0488763156
31
0.0000000000
11
291.2172930583
21
221.0352046918
31
0.0000000000
0
SPLINE
5
73A
100
AcDbEntity
8
0
100
AcDbSpline
62
7
6
CONTINUOUS
70
0
71
3
72
12
73
8
74
6
42
0.0000001000
43
0.0000001000
44
0.0000000001
12
1.6831014750
22
0.0000000000
32
0.0000000000
13
0.0000000000
23
-1.6831014750
33
0.0000000000
40
0.0000000000
40
0.0000000000
40
0.0000000000
40
0.0000000000
40
0.2500000000
40
0.5000000000
40
0.7500000000
40
0.8750000000
40
1.0000000000
40
1.0000000000
40
1.0000000000
40
1.0000000000
10
119.2028169750
20
191.3750000000
30
0.0000000000
10
119.3430754312
20
191.3750000000
30
0.0000000000
10
119.6094592502
20
191.3608669065
30
0.0000000000
10
119.9519122995
20
191.2825445870
30
0.0000000000
10
120.1698250535
20
191.1498112003
30
0.0000000000
10
120.2776926816
20
190.9771619160
30
0.0000000000
10
120.3007797750
20
190.8599905531
30
0.0000000000
10
120.3007797750
20
190.7898613250
30
0.0000000000
11
119.2028169750
21
191.3750000000
31
0.0000000000
11
119.5999388037
21
191.3513464599
31
0.0000000000
11
119.9384193421
21
191.2690516296
31
0.0000000000
11
120.1912534126
21
191.1011103313
31
0.0000000000
11
120.2699810014
21
190.9694502358
31
0.0000000000
11
120.3007797750
21
190.7898613250
31
0.0000000000
0
SPLINE
5
73B
100
AcDbEntity
8
0
100
AcDbSpline
62
7
6
CONTINUOUS
70
0
71
3
72
12
73
8
74
6
42
0.0000001000
43
0.0000001000
44
0.0000000001
12
0.0000000000
22
-1.6810653750
32
0.0000000000
13
-1.6810653750
23
0.0000000000
33
0.0000000000
40
0.0000000000
40
0.0000000000
40
0.0000000000
40
0.0000000000
40
0.1250000000
40
0.2500000000
40
0.5000000000
40
0.7500000000
40
1.0000000000
40
1.0000000000
40
1.0000000000
40
1.0000000000
10
120.3007797750
20
190.7898613250
30
0.0000000000
10
120.3007797750
20
190.7198169344
30
0.0000000000
10
120.2775965542
20
190.6029113740
30
0.0000000000
10
120.1694910007
20
190.4308393649
30
0.0000000000
10
119.9513934346
20
190.2987149779
30
0.0000000000
10
119.6090348872
20
190.2208071815
30
0.0000000000
10
119.3429057562
20
190.2067587500
30
0.0000000000
10
119.2028169750
20
190.2067587500
30
0.0000000000
11
120.3007797750
21
190.7898613250
31
0.0000000000
11
120.2698791652
21
190.6106287629
31
0.0000000000
11
120.1909863475
21
190.4793884088
31
0.0000000000
11
119.9379531900
21
190.3121552225
31
0.0000000000
11
119.5995623624
21
190.2302797064
31
0.0000000000
11
119.2028169750
21
190.2067587500
31
0.0000000000
0
ENDSEC
0
SECTION
2
OBJECTS
0
DICTIONARY
5
73C
100
AcDbDictionary
3
ACAD_GROUP
350
73D
3
ACAD_MLINESTYLE
350
73E
0
DICTIONARY
5
73D
102
{ACAD_REACTORS
330
73C
102
}
100
AcDbDictionary
0
DICTIONARY
5
73E
102
{ACAD_REACTORS
330
73C
102
}
100
AcDbDictionary
3
STANDARD
350
73F
0
MLINESTYLE
5
73F
102
{ACAD_REACTORS
330
73E
102
}
100
AcDbMlineStyle
2
STANDARD
70
0
3

62
256
51
90.0
52
90.0
71
2
49
0.5
62
256
6
BYLAYER
49
-0.5
62
256
6
BYLAYER
0
ENDSEC
0
EOF
